id,url,emotion.sadness,emotion.neutral,emotion.disgust,emotion.anger,emotion.surprise,emotion.fear,emotion.happiness,beauty.female_score,beauty.male_score,gender.value,age.value,mouthstatus.close,mouthstatus.surgical_mask_or_respirator,mouthstatus.open,mouthstatus.other_occlusion,glass.value,skinstatus.dark_circle,skinstatus.stain,skinstatus.acne,skinstatus.health,headpose.yaw_angle,headpose.pitch_angle,headpose.roll_angle,blur.blurness.threshold,blur.blurness.value,blur.motionblur.threshold,blur.motionblur.value,blur.gaussianblur.threshold,blur.gaussianblur.value,smile.threshold,smile.value,eyestatus.left_eye_status.normal_glass_eye_open,eyestatus.left_eye_status.no_glass_eye_close,eyestatus.left_eye_status.occlusion,eyestatus.left_eye_status.no_glass_eye_open,eyestatus.left_eye_status.normal_glass_eye_close,eyestatus.left_eye_status.dark_glasses,eyestatus.right_eye_status.normal_glass_eye_open,eyestatus.right_eye_status.no_glass_eye_close,eyestatus.right_eye_status.occlusion,eyestatus.right_eye_status.no_glass_eye_open,eyestatus.right_eye_status.normal_glass_eye_close,eyestatus.right_eye_status.dark_glasses,facequality.threshold,facequality.value,ethnicity.value,eyegaze.right_eye_gaze.position_x_coordinate,eyegaze.right_eye_gaze.vector_z_component,eyegaze.right_eye_gaze.vector_x_component,eyegaze.right_eye_gaze.vector_y_component,eyegaze.right_eye_gaze.position_y_coordinate,eyegaze.left_eye_gaze.position_x_coordinate,eyegaze.left_eye_gaze.vector_z_component,eyegaze.left_eye_gaze.vector_x_component,eyegaze.left_eye_gaze.vector_y_component,eyegaze.left_eye_gaze.position_y_coordinate
amnyr9,https://i.redd.it/s2fi2wr7ibe21.jpg,0.024,0.024,0.024,46.411,1.373,0.687,51.457,83.678,79.105,Male,39,0.001,0.0,99.999,0.0,Normal,7.355,25.812,11.277,8.753,4.460333,10.525368,-1.4712074,50.0,0.915,50.0,0.915,50.0,0.915,50.0,99.958,8.516,0.382,0.115,0.305,90.493,0.189,18.568,0.0,0.015,0.001,81.392,0.024,70.1,87.375,WHITE,0.459,0.744,0.095,-0.662,0.121,0.493,0.688,0.007,-0.726,0.305
alo3ao,https://i.redd.it/oln5unjmhqd21.jpg,0.002,93.738,2.175,0.002,4.039,0.002,0.042,76.181,74.899,Male,20,100.0,0.0,0.0,0.0,Dark,4.694,2.125,0.492,25.22,17.733921,4.9556007,-31.172428,50.0,0.085,50.0,0.085,50.0,0.085,50.0,1.147,2.317,0.0,0.428,0.004,0.0,97.25,76.935,0.001,0.475,0.098,0.285,22.206,70.1,34.407,WHITE,0.582,0.944,0.181,0.275,0.503,0.539,0.982,-0.014,0.188,0.436
7eo0zr,https://i.redd.it/78ckh6a43b9y.jpg,5.26,94.111,0.02,0.009,0.092,0.017,0.492,71.135,67.143,Male,23,0.014,0.0,0.0,99.986,None,7.198,0.549,0.999,62.762,-4.809354,-11.228477,0.9840558,50.0,0.362,50.0,0.362,50.0,0.362,50.0,0.388,0.002,0.0,0.0,99.998,0.0,0.0,0.328,0.0,0.041,99.616,0.004,0.011,70.1,86.523,INDIA,0.45,0.946,-0.03,0.322,0.482,0.47,0.956,-0.054,0.288,0.493
5nkbyc,https://i.redd.it/rrtrffj0rpwy.jpg,0.054,97.33,0.011,0.198,0.011,0.011,2.385,86.858,86.724,Female,30,100.0,0.0,0.0,0.0,None,6.99,2.776,5.183,59.356,0.73791313,19.89045,0.73928416,50.0,0.377,50.0,0.377,50.0,0.377,50.0,5.318,3.496,0.0,0.029,96.415,0.0,0.06,2.87,0.0,0.002,97.098,0.0,0.03,70.1,77.74,WHITE,0.475,0.966,-0.038,-0.256,0.367,0.472,0.987,-0.024,-0.161,0.391
6xzpse,https://i.redd.it/oxak2i8j5xf21.jpg,3.299,31.603,6.587,0.39,16.327,0.39,41.405,63.292,61.029,Male,40,31.597,0.0,0.093,68.31,Normal,5.765,18.329,20.106,1.224,6.3386583,5.9701996,8.222106,50.0,0.597,50.0,0.597,50.0,0.597,50.0,99.471,99.862,0.0,0.0,0.135,0.001,0.002,99.744,0.0,0.005,0.161,0.024,0.066,70.1,87.669,WHITE,0.565,0.862,0.506,0.027,0.451,0.48,0.987,-0.039,0.154,0.42
5dke49,https://vgy.me/qhDOiT.png,0.032,98.973,0.015,0.057,0.034,0.018,0.872,84.778,87.751,Female,29,0.496,0.0,15.605,83.898,None,7.031,4.574,4.236,68.115,0.20870411,16.441956,28.920414,50.0,1.919,50.0,1.919,50.0,1.919,50.0,24.664,0.027,0.0,0.002,99.948,0.0,0.023,0.002,0.0,0.006,99.951,0.0,0.041,70.1,85.221,WHITE,0.451,0.973,-0.058,-0.222,0.394,0.466,0.978,-0.01,-0.206,0.386
a8vadf,https://i.redd.it/a5zp1rah01921.jpg,0.002,99.67,0.012,0.078,0.017,0.002,0.219,54.819,53.501,Male,24,99.992,0.0,0.008,0.0,None,14.71,75.307,64.105,0.955,4.0126534,9.957451,-11.904661,50.0,0.228,50.0,0.228,50.0,0.228,50.0,11.936,0.0,0.0,0.0,100.0,0.0,0.0,0.0,0.0,0.0,100.0,0.0,0.0,70.1,88.666,BLACK,0.482,0.998,-0.011,0.062,0.425,0.483,0.998,-0.043,0.043,0.406
apf23g,https://i.redd.it/nu5bsip1dia21.png,1.463,2.929,91.298,0.022,0.022,0.022,4.245,65.339,62.358,Male,26,7.156,0.055,0.001,92.788,Normal,50.186,13.791,30.239,2.325,2.1653664,2.3745193,6.5742064,50.0,0.325,50.0,0.325,50.0,0.325,50.0,79.122,99.938,0.0,0.0,0.032,0.0,0.031,99.922,0.0,0.0,0.015,0.0,0.064,70.1,93.417,WHITE,0.505,0.981,0.124,-0.147,0.366,0.479,0.957,-0.038,-0.287,0.396
6alcy1,https://i.redd.it/ju6hycchtce11.jpg,0.0,99.978,0.0,0.019,0.002,0.0,0.0,82.863,80.387,Male,19,100.0,0.0,0.0,0.0,None,1.249,92.62,87.52,2.206,11.614539,5.809127,-18.228249,50.0,0.361,50.0,0.361,50.0,0.361,50.0,0.011,0.0,0.0,0.0,100.0,0.0,0.0,0.0,0.0,0.0,100.0,0.0,0.0,70.1,73.256,WHITE,0.517,0.976,0.112,-0.185,0.377,0.514,0.977,0.073,-0.201,0.39
adj6yp,https://i.redd.it/8oiplkln5tly.jpg,0.0,100.0,0.0,0.0,0.0,0.0,0.0,63.809,62.204,Male,22,100.0,0.0,0.0,0.0,Normal,2.902,75.112,68.954,0.142,4.8366294,2.2842884,3.4986606,50.0,4.469,50.0,4.469,50.0,4.469,50.0,1.477,99.995,0.0,0.0,0.004,0.001,0.0,99.998,0.0,0.0,0.0,0.001,0.001,70.1,89.695,WHITE,0.519,0.978,0.144,-0.148,0.395,0.527,0.971,-0.116,-0.208,0.383
7l4cza,https://i.redd.it/iuev0pdeytd21.jpg,0.018,0.018,0.464,2.676,0.021,0.025,96.776,51.494,56.716,Male,26,0.0,0.009,17.476,82.515,None,20.858,13.731,24.839,0.28,-0.7736521,6.2324,-3.2174435,50.0,0.879,50.0,0.879,50.0,0.879,50.0,99.925,0.131,0.0,2.888,95.582,0.0,1.4,0.004,0.0,0.003,99.992,0.0,0.001,70.1,93.059,WHITE,0.501,0.998,0.046,0.031,0.475,0.503,0.995,0.066,0.075,0.496
ag4b2b,https://i.redd.it/a8k8q1vuhcd21.jpg,0.074,38.136,30.873,0.058,16.973,0.058,13.828,49.212,45.043,Female,38,18.449,0.008,75.258,6.286,None,4.095,91.473,79.657,0.893,7.19117,9.999163,11.3972845,50.0,0.358,50.0,0.358,50.0,0.358,50.0,16.89,0.615,0.0,0.001,99.381,0.0,0.003,0.051,0.0,0.0,99.949,0.0,0.0,70.1,83.324,WHITE,0.502,0.987,-0.047,-0.153,0.399,0.468,0.987,0.005,-0.161,0.395
94vzck,https://i.redd.it/jjaju967ysa21.jpg,4.379,19.78,0.024,0.01,0.016,0.01,75.78,83.364,83.586,Female,18,99.973,0.0,0.002,0.025,None,1.61,8.318,50.64,24.949,-11.800118,8.528175,5.4987745,50.0,0.935,50.0,0.935,50.0,0.935,50.0,20.355,0.323,0.0,0.129,92.95,0.0,6.598,0.003,0.0,0.005,99.943,0.0,0.049,70.1,69.266,WHITE,0.452,0.985,-0.076,-0.153,0.385,0.466,0.938,-0.236,-0.255,0.385
5zs3sn,https://i.redd.it/3ojf5hl2pwg21.jpg,21.421,56.452,0.047,2.628,0.049,19.356,0.047,42.066,41.949,Male,29,99.98,0.0,0.0,0.019,None,99.534,0.748,0.942,1.804,-3.6167617,-7.835595,13.546967,50.0,0.526,50.0,0.526,50.0,0.526,50.0,0.144,0.018,0.0,0.013,99.967,0.0,0.002,0.0,0.0,0.002,99.997,0.0,0.0,70.1,90.276,BLACK,0.476,0.933,-0.15,0.326,0.477,0.458,0.968,-0.064,0.242,0.476
alv17h,https://i.redd.it/jvttp6kix0h21.jpg,1.108,0.028,0.067,0.028,1.46,0.028,97.281,80.398,78.245,Female,19,0.0,0.0,100.0,0.0,None,3.353,7.107,2.18,36.047,15.900318,11.428343,5.751505,50.0,0.223,50.0,0.223,50.0,0.223,50.0,100.0,0.0,0.0,0.0,100.0,0.0,0.0,0.005,0.0,0.0,99.994,0.0,0.001,70.1,40.717,WHITE,0.522,0.987,0.039,0.154,0.473,0.505,0.971,0.184,0.152,0.465
ajcl9b,https://i.redd.it/nttif4qlpt521.jpg,13.614,84.674,0.04,0.048,1.355,0.04,0.229,72.391,67.843,Female,24,100.0,0.0,0.0,0.0,None,3.058,17.247,8.029,7.283,-0.36658564,-0.639689,2.2713268,50.0,0.361,50.0,0.361,50.0,0.361,50.0,0.078,0.003,0.0,0.0,99.997,0.0,0.0,0.0,0.0,0.0,100.0,0.0,0.0,70.1,94.684,WHITE,0.485,0.999,-0.008,-0.037,0.426,0.485,0.988,-0.052,-0.147,0.397
akz0e1,https://i.redd.it/b9amilv0wje21.jpg,3.313,81.061,0.006,0.093,0.119,15.387,0.021,54.034,51.115,Male,52,0.041,92.71,0.0,7.249,None,3.643,83.785,16.868,8.078,3.8439302,1.5689994,-2.0898683,50.0,0.306,50.0,0.306,50.0,0.306,50.0,0.232,0.124,0.0,0.028,99.515,0.0,0.334,0.159,0.0,0.216,99.378,0.0,0.248,70.1,92.34,WHITE,0.504,0.997,0.069,0.033,0.439,0.489,0.98,0.067,0.185,0.473
agm4bb,https://i.redd.it/t2643k0v6yd21.jpg,0.058,99.942,0.0,0.0,0.0,0.0,0.0,51.4,56.575,Male,19,100.0,0.0,0.0,0.0,None,3.863,4.262,0.623,24.692,-7.877248,1.5661819,5.2286773,50.0,0.357,50.0,0.357,50.0,0.357,50.0,0.494,0.0,0.0,0.0,99.999,0.0,0.0,0.006,0.0,0.03,99.959,0.001,0.004,70.1,86.945,ASIAN,0.509,0.966,-0.012,0.26,0.455,0.458,0.966,0.02,0.256,0.461
ar7kvf,https://i.redd.it/tg1zhrw3gu821.jpg,0.011,98.035,0.011,0.049,0.011,0.28,1.604,61.622,64.958,Female,22,100.0,0.0,0.0,0.0,Normal,0.715,55.105,18.203,1.862,-5.6209917,-2.5232008,5.8455873,50.0,0.387,50.0,0.387,50.0,0.387,50.0,0.271,99.671,0.0,0.001,0.192,0.0,0.135,99.975,0.0,0.002,0.014,0.0,0.009,70.1,90.183,WHITE,0.413,0.956,-0.158,0.249,0.438,0.467,0.995,-0.085,0.059,0.432
arf2o4,https://i.redd.it/mtaulc6wweb21.jpg,0.012,99.358,0.062,0.359,0.063,0.017,0.13,68.944,67.152,Male,32,85.761,0.042,14.191,0.006,None,1.318,92.261,78.133,0.724,-12.203134,1.8197409,-0.20376918,50.0,1.311,50.0,1.311,50.0,1.311,50.0,30.712,0.021,0.0,0.003,99.976,0.0,0.0,0.0,0.0,0.0,100.0,0.0,0.0,70.1,72.781,WHITE,0.434,0.919,-0.342,-0.195,0.407,0.424,0.987,-0.156,-0.032,0.439
a8kh0i,https://i.redd.it/s3kzk9z2f6e21.jpg,0.0,0.006,0.0,0.0,0.0,0.0,99.993,80.8,69.377,Female,19,100.0,0.0,0.0,0.0,None,4.442,18.732,14.749,5.737,16.722048,3.1896951,-1.8294555,50.0,0.363,50.0,0.363,50.0,0.363,50.0,99.99,0.0,0.0,0.0,100.0,0.0,0.0,0.003,0.0,0.002,99.995,0.0,0.0,70.1,43.489,WHITE,0.524,0.985,0.101,0.141,0.448,0.518,0.957,0.241,0.161,0.437
an1hm1,https://i.redd.it/a1pjeyo7gxa21.png,0.049,0.259,0.049,0.207,0.292,10.033,89.11,63.773,63.814,Female,33,99.746,0.013,0.002,0.238,None,20.462,6.222,13.207,2.062,7.2783895,16.06335,-6.256384,50.0,0.926,50.0,0.926,50.0,0.926,50.0,99.635,0.119,0.0,0.018,99.862,0.0,0.001,0.218,0.0,0.0,99.782,0.0,0.0,70.1,73.906,WHITE,0.477,0.978,-0.206,-0.041,0.424,0.433,0.997,-0.04,-0.059,0.428
am1d7a,https://i.redd.it/kftqty59p7g21.jpg,11.789,83.648,0.26,0.202,1.394,2.506,0.202,79.093,80.651,Female,24,99.999,0.0,0.001,0.0,None,2.86,1.833,2.39,78.026,-25.213123,3.1065655,-5.1807127,50.0,6.995,50.0,6.995,50.0,6.995,50.0,15.861,0.049,0.0,0.001,99.949,0.0,0.001,0.182,0.0,0.001,99.816,0.0,0.0,70.1,1.182,ASIAN,0.39,0.955,-0.281,-0.098,0.374,0.424,0.95,-0.238,-0.2,0.386
4wh245,https://i.redd.it/9pu1xls958921.jpg,1.481,91.147,0.039,6.38,0.18,0.079,0.694,52.338,45.963,Female,26,100.0,0.0,0.0,0.0,None,6.489,56.452,14.688,3.798,-2.2731109,-7.4461756,-2.4925618,50.0,0.618,50.0,0.618,50.0,0.618,50.0,0.069,0.0,0.0,0.0,100.0,0.0,0.0,0.0,0.0,0.001,99.999,0.0,0.0,70.1,91.651,WHITE,0.459,0.992,-0.092,0.082,0.444,0.459,0.921,-0.083,0.382,0.473
ad813u,https://i.redd.it/lda7l6iqkng21.jpg,0.033,69.44,0.033,0.353,0.503,0.048,29.591,64.349,61.679,Female,29,99.901,0.0,0.099,0.0,None,18.369,26.918,47.901,2.825,15.232508,7.091677,-0.3991757,50.0,0.259,50.0,0.259,50.0,0.259,50.0,41.859,0.0,0.0,0.0,99.999,0.0,0.0,0.008,0.0,0.0,99.992,0.0,0.0,70.1,51.163,ASIAN,0.523,0.992,0.123,-0.006,0.448,0.578,0.955,0.291,-0.053,0.449
ahnwpf,https://i.redd.it/ks7795zo9i721.jpg,0.004,99.988,0.0,0.0,0.009,0.0,0.0,40.958,40.219,Male,22,99.988,0.0,0.0,0.012,None,13.514,96.925,29.515,0.675,9.583708,4.0056663,-4.6929383,50.0,0.196,50.0,0.196,50.0,0.196,50.0,0.001,0.2,0.0,0.025,99.765,0.0,0.01,0.007,0.0,0.0,99.993,0.0,0.0,70.1,81.871,BLACK,0.514,0.945,0.094,-0.312,0.407,0.475,0.991,-0.019,-0.129,0.429
amf8qg,https://i.redd.it/bjfzcli98cg21.jpg,0.016,97.803,0.005,0.005,0.578,0.018,1.573,59.006,55.873,Female,32,99.999,0.0,0.001,0.0,None,28.38,85.574,87.346,1.547,6.8581862,11.883984,-6.4059553,50.0,0.361,50.0,0.361,50.0,0.361,50.0,11.971,0.0,0.0,0.0,100.0,0.0,0.0,0.002,0.0,0.0,99.998,0.0,0.0,70.1,82.086,ASIAN,0.48,0.992,0.005,-0.122,0.395,0.503,0.989,0.027,-0.142,0.404
aguyj4,https://i.redd.it/dptqh3idt3g21.jpg,0.032,3.172,0.001,0.001,0.001,0.001,96.791,55.722,51.919,Male,37,41.306,0.386,28.925,29.383,None,4.645,2.448,0.607,5.81,-2.9375362,-5.9380903,6.9867406,50.0,40.602,50.0,40.602,50.0,40.602,50.0,91.83,0.106,0.215,0.004,99.674,0.0,0.0,0.071,0.274,0.01,99.644,0.001,0.0,70.1,37.335,INDIA,0.407,0.919,-0.342,0.195,0.531,0.558,0.959,0.177,0.222,0.496
aha3d8,https://i.redd.it/qh36i2fv8ye21.jpg,0.001,99.825,0.0,0.0,0.169,0.0,0.005,60.324,58.717,Male,33,0.292,99.648,0.051,0.01,None,18.739,48.872,75.085,2.366,6.556905,6.3033867,-5.9121847,50.0,0.358,50.0,0.358,50.0,0.358,50.0,0.042,0.22,0.0,0.047,99.656,0.0,0.076,0.002,0.0,0.002,99.996,0.0,0.0,70.1,87.231,BLACK,0.489,0.996,-0.03,0.089,0.393,0.475,1.0,-0.011,-0.011,0.399
apz2ff,https://i.redd.it/5271oe80icf21.jpg,36.53,58.777,2.621,0.002,0.002,0.026,2.041,46.864,43.499,Female,34,97.709,0.0,0.019,2.272,None,3.331,16.892,3.217,22.055,-2.014624,-15.064966,-2.211831,50.0,0.791,50.0,0.791,50.0,0.791,50.0,75.311,0.007,27.678,3.73,68.542,0.012,0.031,0.0,0.0,0.001,99.999,0.0,0.0,70.1,85.839,WHITE,0.488,0.95,-0.016,0.312,0.466,0.537,0.959,0.076,0.272,0.46
advsd0,https://i.redd.it/u7ss83tv4a7z.jpg,0.0,0.0,0.0,0.0,0.0,0.0,100.0,80.392,75.784,Female,25,0.0,0.0,100.0,0.0,None,1.363,14.153,3.638,9.225,17.125008,2.670561,9.525035,50.0,0.361,50.0,0.361,50.0,0.361,50.0,100.0,0.005,0.0,0.007,99.987,0.0,0.001,0.0,0.0,0.0,99.989,0.0,0.011,70.1,40.661,WHITE,0.586,0.985,0.164,0.059,0.448,0.552,0.96,0.265,0.091,0.429
aqsf85,https://i.redd.it/8d1lyu67zqb21.jpg,0.0,0.0,0.106,0.0,0.0,0.0,99.893,79.06,72.277,Male,20,0.0,0.0,100.0,0.0,None,1.522,1.614,0.497,10.033,7.102518,14.952728,-11.754501,50.0,0.194,50.0,0.194,50.0,0.194,50.0,100.0,0.0,0.0,0.034,99.964,0.0,0.002,0.0,0.0,0.0,100.0,0.0,0.0,70.1,77.103,WHITE,0.5,0.991,0.078,0.11,0.456,0.488,0.993,0.021,0.12,0.42
ab1ijm,https://i.redd.it/exuaygpp62721.jpg,0.005,99.244,0.008,0.005,0.028,0.005,0.706,69.416,67.548,Female,23,100.0,0.0,0.0,0.0,None,2.412,6.337,10.265,15.01,-10.631521,4.746582,22.62675,50.0,5.717,50.0,5.717,50.0,5.717,50.0,7.82,0.0,0.0,0.0,100.0,0.0,0.0,0.022,0.0,0.001,99.977,0.0,0.0,70.1,74.197,WHITE,0.431,0.997,-0.072,0.031,0.43,0.463,0.997,-0.071,0.039,0.466
aq6lga,https://i.redd.it/7zcqqto47nf21.jpg,10.14,1.231,0.11,0.11,33.424,54.651,0.334,61.999,66.171,Female,22,100.0,0.0,0.0,0.0,Dark,1.609,5.509,33.442,12.473,-0.29554996,6.705483,-3.058014,50.0,0.334,50.0,0.334,50.0,0.334,50.0,16.679,2.96,0.0,0.01,1.25,0.0,95.78,28.759,0.0,0.141,3.152,0.001,67.947,70.1,93.306,WHITE,0.481,0.996,-0.086,0.013,0.468,0.499,0.999,0.027,-0.024,0.462
aprhsr,https://i.redd.it/kwzop6an1b821.jpg,0.0,0.0,0.004,0.0,0.006,0.0,99.989,71.711,70.125,Female,25,0.017,0.0,99.983,0.0,None,2.178,15.981,3.02,5.306,10.481294,6.7780356,-18.17489,50.0,0.05,50.0,0.05,50.0,0.05,50.0,100.0,0.0,0.0,0.001,99.999,0.0,0.0,0.009,0.0,0.0,99.99,0.0,0.0,70.1,77.114,WHITE,0.545,0.964,0.172,0.205,0.437,0.546,0.967,0.139,0.214,0.452
88rao3,http://i.imgur.com/1gyXBZK.jpg,0.011,8.788,0.097,0.002,0.002,0.006,91.095,62.634,63.158,Male,26,99.742,0.239,0.018,0.0,None,27.662,7.978,48.29,1.974,-7.13102,0.5268082,-0.65121883,50.0,0.41,50.0,0.41,50.0,0.41,50.0,99.997,0.123,0.006,0.001,99.868,0.0,0.003,0.047,0.865,0.006,95.517,0.003,3.562,70.1,88.582,WHITE,0.438,0.989,-0.106,0.099,0.467,0.398,0.958,-0.23,0.172,0.466
anqnk4,https://i.redd.it/b1enowfbmrc21.jpg,0.001,93.703,3.217,0.003,3.075,0.001,0.001,75.368,75.066,Male,17,98.589,0.0,0.0,1.411,Normal,10.927,2.581,13.745,9.027,18.470945,7.543414,-15.739853,50.0,0.353,50.0,0.353,50.0,0.353,50.0,0.243,99.431,0.0,0.002,0.142,0.114,0.311,99.951,0.0,0.0,0.0,0.049,0.001,70.1,26.704,INDIA,0.563,0.997,0.078,-0.028,0.416,0.561,0.876,0.113,-0.468,0.148
aogfw8,https://i.redd.it/kt70q6egp4h21.jpg,0.0,99.94,0.0,0.016,0.001,0.0,0.042,60.925,62.837,Male,25,100.0,0.0,0.0,0.0,Dark,2.052,29.783,27.2,6.691,-8.548669,5.2655067,0.8228515,50.0,0.393,50.0,0.393,50.0,0.393,50.0,4.698,25.138,0.01,5.021,0.209,69.176,0.446,15.302,0.0,0.001,0.007,0.002,84.688,70.1,83.757,WHITE,0.321,0.468,-0.571,-0.674,0.045,0.423,0.944,-0.012,0.329,0.514
6kwxnr,https://i.redd.it/ysp455gz9xc11.jpg,0.0,76.022,0.0,0.0,0.0,0.0,23.976,78.297,71.271,Male,21,100.0,0.0,0.0,0.0,None,3.164,0.596,2.543,66.45,0.26088077,-3.1017895,0.86980957,50.0,0.369,50.0,0.369,50.0,0.369,50.0,8.416,0.0,0.0,0.0,100.0,0.0,0.0,0.0,0.0,0.0,100.0,0.0,0.0,70.1,94.289,WHITE,0.495,0.986,0.128,-0.103,0.422,0.469,0.988,-0.135,-0.077,0.411
ai8mfl,https://i.redd.it/o0ih2xmnw0a21.jpg,0.088,52.336,0.011,47.523,0.003,0.003,0.036,44.386,44.312,Male,64,99.998,0.0,0.002,0.0,None,2.274,68.226,1.428,0.63,-7.9731965,5.6731005,4.7148166,50.0,0.402,50.0,0.402,50.0,0.402,50.0,0.346,0.001,0.0,0.0,99.999,0.0,0.0,0.001,0.0,0.0,99.999,0.0,0.0,70.1,84.835,WHITE,0.469,0.976,-0.036,-0.216,0.376,0.456,0.965,-0.07,-0.253,0.374
aacn53,https://i.redd.it/et02biqlio421.jpg,0.003,0.013,0.003,99.227,0.003,0.609,0.141,59.287,56.121,Male,21,0.0,0.001,99.963,0.036,Dark,5.094,23.999,44.808,2.143,17.27763,-1.1860973,11.237802,50.0,0.232,50.0,0.232,50.0,0.232,50.0,98.199,0.087,0.0,0.003,0.008,0.081,99.821,13.223,1.008,2.742,2.668,28.275,52.084,70.1,40.451,WHITE,0.388,0.719,-0.526,0.454,0.633,0.677,0.707,0.467,-0.531,0.224
aa4ezp,https://i.redd.it/utnmxxpxxpe21.jpg,1.494,25.933,0.29,0.928,70.775,0.29,0.29,59.8,57.201,Male,31,98.884,0.002,0.001,1.114,Normal,21.814,1.179,1.62,10.917,-17.500095,-3.0495446,-1.4003512,50.0,0.522,50.0,0.522,50.0,0.522,50.0,4.229,100.0,0.0,0.0,0.0,0.0,0.0,99.797,0.0,0.004,0.021,0.014,0.165,70.1,37.303,WHITE,0.427,0.968,0.078,0.239,0.428,0.459,0.89,-0.45,0.072,0.411
aoz54h,https://i.redd.it/xv4av4trqk821.jpg,0.02,99.119,0.737,0.01,0.009,0.065,0.04,80.456,69.801,Male,24,99.991,0.0,0.008,0.0,None,4.676,15.407,4.207,55.477,2.862926,1.0933869,0.3104976,50.0,2.373,50.0,2.373,50.0,2.373,50.0,0.025,0.006,0.0,0.003,99.991,0.0,0.0,0.002,0.005,0.149,99.844,0.001,0.001,70.1,92.644,WHITE,0.478,0.994,0.102,0.05,0.457,0.496,0.982,-0.009,0.191,0.467
acckka,https://i.redd.it/pxpqgviiuhg21.jpg,0.006,99.558,0.006,0.044,0.161,0.006,0.22,85.544,80.675,Female,21,99.55,0.0,0.021,0.43,None,3.1,29.502,44.51,21.287,38.30603,0.21430486,-35.23683,50.0,0.223,50.0,0.223,50.0,0.223,50.0,0.843,0.0,0.0,0.001,99.999,0.0,0.0,0.001,0.0,0.0,99.996,0.0,0.003,70.1,0.006,WHITE,0.547,0.944,0.243,-0.222,0.402,0.637,0.901,0.42,0.111,0.492
4u9btj,https://i.redd.it/alnt0i5snl621.png,0.211,16.804,0.144,0.144,52.688,2.667,27.343,61.225,57.776,Male,19,0.373,0.0,0.0,99.627,Normal,2.878,1.892,0.982,22.574,2.6121213,-2.432944,-5.9771833,50.0,0.359,50.0,0.359,50.0,0.359,50.0,5.821,98.063,0.0,0.011,1.18,0.022,0.724,99.437,0.0,0.001,0.221,0.0,0.341,70.1,93.094,INDIA,0.536,0.983,-0.063,0.174,0.385,0.522,0.976,0.117,0.184,0.375
ak0mzq,https://i.redd.it/2otailau49f21.jpg,1.773,96.948,0.775,0.018,0.017,0.436,0.033,84.507,77.3,Female,19,100.0,0.0,0.0,0.0,None,1.467,19.846,3.578,76.463,-2.876927,9.141443,5.739386,50.0,0.369,50.0,0.369,50.0,0.369,50.0,0.009,0.0,0.0,0.001,99.999,0.0,0.0,0.032,0.002,0.044,99.912,0.009,0.002,70.1,90.356,WHITE,0.485,0.961,0.04,-0.273,0.379,0.58,0.919,0.343,-0.196,0.425
arkgdj,https://i.redd.it/oke76dpiwy321.jpg,13.104,42.172,0.564,0.564,9.33,1.736,32.529,83.286,80.216,Male,20,100.0,0.0,0.0,0.0,None,4.727,2.672,1.295,71.7,7.5041943,-1.8829218,2.5480535,50.0,0.732,50.0,0.732,50.0,0.732,50.0,0.322,0.0,0.0,0.018,99.982,0.0,0.0,0.015,0.0,0.173,99.81,0.0,0.001,70.1,87.375,ASIAN,0.497,0.996,0.088,-0.03,0.427,0.47,0.991,0.051,-0.123,0.448
92wg0m,https://i.redd.it/w8e3fyr6r6121.jpg,17.953,14.355,0.275,0.275,30.594,0.716,35.832,79.289,77.054,Female,19,100.0,0.0,0.0,0.0,None,1.477,20.487,67.024,9.946,13.857596,1.8671346,-4.917235,50.0,0.351,50.0,0.351,50.0,0.351,50.0,3.886,0.001,0.0,0.0,99.999,0.0,0.0,0.007,0.0,0.0,99.993,0.0,0.0,70.1,64.734,WHITE,0.471,0.993,-0.001,-0.118,0.427,0.529,0.99,0.134,-0.041,0.441
af97py,https://i.redd.it/uah48lddw8d21.jpg,0.0,0.079,0.0,0.0,0.008,0.0,99.912,81.604,78.61,Female,20,99.957,0.0,0.002,0.041,Normal,14.18,19.911,22.063,48.576,-9.065115,10.335985,9.410088,50.0,0.535,50.0,0.535,50.0,0.535,50.0,99.485,88.176,0.0,0.49,10.147,0.002,1.185,86.474,0.0,0.014,13.087,0.001,0.424,70.1,77.969,WHITE,0.482,0.975,-0.212,-0.073,0.395,0.495,0.976,0.095,-0.197,0.383
5j439u,https://i.redd.it/touh9h8dpzc21.jpg,0.013,0.013,0.039,0.046,87.301,0.058,12.529,43.625,39.96,Male,33,0.162,0.0,99.837,0.0,None,7.233,11.926,0.169,7.332,6.099223,4.13031,-4.7479286,50.0,0.291,50.0,0.291,50.0,0.291,50.0,99.693,0.0,99.392,0.152,0.426,0.001,0.029,0.0,99.882,0.013,0.086,0.019,0.0,70.1,89.003,BLACK,0.672,0.858,-0.018,0.514,0.523,0.389,0.879,0.242,0.411,0.497
a6r6ll,https://i.redd.it/zmzmlqx907821.jpg,0.001,94.118,0.001,0.001,0.097,0.001,5.78,65.446,61.17,Female,20,100.0,0.0,0.0,0.0,None,89.327,22.164,96.476,0.398,-10.494241,9.609742,18.03229,50.0,1.171,50.0,1.171,50.0,1.171,50.0,1.684,0.0,0.0,0.0,99.999,0.0,0.001,0.032,0.002,0.031,99.929,0.0,0.007,70.1,73.415,WHITE,0.409,0.972,-0.186,-0.142,0.421,0.445,0.983,-0.123,0.138,0.401
anchwy,https://i.redd.it/sdhbb5wepzb21.jpg,0.0,0.0,0.0,0.0,0.0,0.0,99.999,55.65,53.259,Female,19,0.0,0.0,100.0,0.0,None,3.27,12.763,44.381,0.849,-8.029827,-2.0674589,15.988068,50.0,0.44,50.0,0.44,50.0,0.44,50.0,99.999,0.142,0.002,0.035,99.808,0.0,0.013,0.082,0.001,0.326,99.37,0.001,0.22,70.1,86.423,WHITE,0.453,0.945,-0.201,0.26,0.468,0.457,0.96,-0.191,0.205,0.467
aec026,https://i.redd.it/kb8okvsdmkd21.jpg,0.018,95.08,0.103,0.004,0.016,0.004,4.777,72.401,68.726,Male,23,64.582,35.228,0.043,0.147,Normal,12.477,7.015,4.859,2.433,3.9297926,8.144518,-8.829754,50.0,9.217,50.0,9.217,50.0,9.217,50.0,4.364,93.897,0.0,0.116,0.1,0.002,5.884,99.949,0.0,0.006,0.028,0.0,0.017,70.1,85.773,WHITE,0.479,0.99,0.074,-0.12,0.412,0.473,0.979,-0.198,0.047,0.431
4xkxoi,https://i.redd.it/faisjkiktif21.jpg,0.003,0.194,0.003,0.003,0.239,0.003,99.556,84.048,80.984,Female,20,100.0,0.0,0.0,0.0,None,52.801,32.961,83.931,10.652,-17.66725,9.012725,4.9353914,50.0,16.459,50.0,16.459,50.0,16.459,50.0,99.332,0.012,0.0,0.111,99.502,0.0,0.374,0.001,0.0,0.027,99.966,0.0,0.006,70.1,20.428,WHITE,0.407,0.973,-0.213,-0.084,0.405,0.453,0.966,-0.192,-0.174,0.386
acsr2j,https://i.imgur.com/qpC99Ni.png,0.012,67.594,0.014,0.012,32.099,0.017,0.251,69.257,67.589,Male,21,67.071,0.0,0.0,32.928,Normal,10.521,61.175,12.126,1.573,-4.029259,-0.83917236,-3.1057658,50.0,3.819,50.0,3.819,50.0,3.819,50.0,2.812,99.603,0.0,0.016,0.001,0.011,0.369,100.0,0.0,0.0,0.0,0.0,0.0,70.1,91.222,INDIA,0.433,0.947,-0.083,0.309,0.414,0.42,0.957,-0.283,-0.069,0.486
aqhm7f,https://i.redd.it/24d5uunnzfe21.jpg,0.002,1.082,0.002,0.002,32.111,0.002,66.8,62.29,56.248,Male,22,100.0,0.0,0.0,0.0,Dark,4.629,6.741,12.13,12.86,0.0035610897,-1.4707873,4.0577836,50.0,0.338,50.0,0.338,50.0,0.338,50.0,92.527,70.916,0.0,0.041,3.209,0.003,25.831,25.529,0.0,0.0,0.035,0.0,74.435,70.1,94.712,WHITE,0.494,0.981,-0.061,0.185,0.431,0.455,0.996,-0.029,0.087,0.458
a9nk7v,https://i.redd.it/wtrmomdy5g621.jpg,0.055,0.007,0.007,0.371,0.008,67.677,31.875,49.63,39.733,Female,24,0.709,0.0,99.291,0.0,None,5.841,49.873,12.658,0.476,7.8146253,0.70118123,-10.064592,50.0,0.665,50.0,0.665,50.0,0.665,50.0,99.999,0.617,1.592,0.514,97.232,0.027,0.018,0.236,0.226,0.129,99.409,0.0,0.0,70.1,87.215,WHITE,0.549,0.893,0.052,-0.448,0.353,0.468,0.948,0.118,0.295,0.478
aobjq2,https://i.redd.it/nfeabw4czth11.jpg,1.323,98.662,0.003,0.002,0.008,0.002,0.002,67.027,65.425,Male,19,99.922,0.0,0.078,0.0,None,2.326,5.101,0.507,12.954,4.894817,8.706621,-1.2903229,50.0,0.79,50.0,0.79,50.0,0.79,50.0,0.788,0.0,0.0,0.0,100.0,0.0,0.0,0.001,0.0,0.001,99.997,0.0,0.002,70.1,88.144,WHITE,0.507,0.999,-0.033,0.025,0.433,0.467,0.999,0.033,0.03,0.414
a5ptww,https://i.redd.it/1dcqgcgdz3f21.jpg,0.23,2.105,0.001,0.001,0.001,0.001,97.663,80.068,72.445,Male,20,99.999,0.0,0.0,0.001,None,1.568,2.406,1.553,47.913,-3.5285773,6.001298,-1.810519,50.0,22.411,50.0,22.411,50.0,22.411,50.0,94.063,0.019,0.001,0.03,99.917,0.002,0.032,0.058,0.0,0.003,99.936,0.0,0.002,70.1,77.24,WHITE,0.428,0.95,-0.217,0.223,0.434,0.463,0.997,-0.058,0.059,0.422
a79inr,https://i.redd.it/q9dlnh0iqs921.jpg,6.832,64.409,0.327,0.093,26.532,1.08,0.727,62.749,61.41,Male,17,99.998,0.0,0.0,0.002,Normal,2.561,5.682,25.98,1.483,-2.1032696,-5.632475,7.0813656,50.0,0.346,50.0,0.346,50.0,0.346,50.0,4.71,20.769,0.0,0.044,0.732,0.002,78.454,86.787,0.0,0.098,0.994,0.004,12.118,70.1,92.559,ASIAN,0.474,0.988,-0.049,0.149,0.495,0.494,0.986,0.014,0.168,0.471
4bzeau,https://i.redd.it/brrls9a38i021.jpg,0.024,32.316,0.024,0.024,34.251,0.024,33.337,57.353,61.43,Female,27,100.0,0.0,0.0,0.0,None,9.682,70.147,49.097,0.749,-3.608641,9.861789,3.647222,50.0,8.353,50.0,8.353,50.0,8.353,50.0,11.341,0.045,0.0,0.035,99.881,0.0,0.039,0.002,0.0,0.239,99.747,0.0,0.012,70.1,85.398,WHITE,0.451,0.974,-0.197,0.109,0.457,0.468,0.993,-0.058,-0.107,0.403
a1deg7,http://i.imgur.com/ArCp41P.jpg,0.003,48.19,0.006,0.004,0.003,0.001,51.793,74.244,69.824,Male,24,99.992,0.0,0.0,0.008,None,4.371,1.704,0.846,77.661,0.42167026,3.037194,16.775503,50.0,0.306,50.0,0.306,50.0,0.306,50.0,98.904,0.0,0.0,0.0,100.0,0.0,0.0,0.0,0.0,0.0,100.0,0.0,0.0,70.1,94.242,ASIAN,0.465,0.992,-0.008,0.125,0.462,0.485,0.988,-0.064,0.139,0.479
aktd5u,https://i.redd.it/femi2cuyqlc21.jpg,0.01,0.028,0.951,0.046,0.01,0.01,98.946,58.856,54.562,Male,30,71.651,0.001,0.075,28.273,None,15.987,2.98,3.674,25.488,6.445704,2.9484107,-3.6335504,50.0,0.373,50.0,0.373,50.0,0.373,50.0,99.802,0.003,0.0,0.0,99.996,0.0,0.0,0.0,0.0,0.0,100.0,0.0,0.0,70.1,88.906,WHITE,0.523,0.947,0.0,0.321,0.436,0.477,0.956,-0.066,0.287,0.456
akdbbo,https://i.redd.it/4xvwf62w8q821.jpg,0.004,99.35,0.001,0.001,0.548,0.001,0.096,67.751,60.943,Male,21,99.101,0.0,0.744,0.155,None,3.842,0.315,0.37,36.816,5.695805,6.2400527,0.86184734,50.0,0.493,50.0,0.493,50.0,0.493,50.0,0.08,0.002,0.0,0.001,99.998,0.0,0.0,0.003,0.0,0.001,99.995,0.0,0.0,70.1,88.555,WHITE,0.475,0.998,-0.019,-0.053,0.392,0.478,0.984,-0.094,0.15,0.439
ac4twf,https://i.redd.it/h2klpe8cmab21.jpg,0.009,0.001,0.005,0.001,0.001,0.017,99.967,54.424,50.359,Female,19,99.994,0.0,0.006,0.0,None,11.305,8.666,4.727,4.135,0.8677388,8.848472,0.36419895,50.0,1.584,50.0,1.584,50.0,1.584,50.0,99.984,0.002,0.0,0.0,99.998,0.0,0.0,0.007,0.0,0.0,99.993,0.0,0.0,70.1,91.724,ASIAN,0.434,0.942,-0.257,0.214,0.465,0.494,0.97,0.113,0.216,0.493
ainome,https://i.redd.it/y5epzencwc721.jpg,0.933,99.015,0.0,0.0,0.028,0.0,0.023,62.822,63.157,Female,20,99.821,0.0,0.177,0.002,None,11.989,2.708,0.328,68.287,-5.8493967,4.825153,10.876281,50.0,0.381,50.0,0.381,50.0,0.381,50.0,0.076,0.02,0.0,0.034,99.942,0.001,0.003,0.0,0.0,0.0,100.0,0.0,0.0,70.1,89.038,ASIAN,0.443,0.973,-0.205,0.104,0.428,0.517,0.987,0.071,0.142,0.473
ald77b,http://i.imgur.com/L14T4af.jpg,3.157,9.752,0.656,33.784,14.933,22.596,15.123,67.465,64.699,Male,27,97.223,0.033,0.0,2.744,None,5.684,0.365,1.234,7.666,11.078841,3.4039078,6.1144776,50.0,1.624,50.0,1.624,50.0,1.624,50.0,0.314,0.184,0.0,0.06,99.727,0.0,0.029,0.508,0.0,0.616,28.064,0.0,70.811,70.1,76.355,INDIA,0.495,0.996,0.089,0.025,0.474,0.553,0.953,0.282,0.107,0.484
aor8p4,https://i.redd.it/6gbr328yx6111.jpg,3.209,81.951,0.218,0.218,2.279,2.089,10.036,60.142,62.359,Female,27,0.0,0.0,0.0,100.0,None,2.144,8.372,25.704,5.896,-13.700078,3.729429,-9.337713,50.0,1.249,50.0,1.249,50.0,1.249,50.0,79.844,0.363,0.0,0.046,99.571,0.001,0.02,0.351,0.747,0.103,88.449,0.005,10.346,70.1,63.623,WHITE,0.442,0.988,-0.091,0.126,0.432,0.448,0.983,-0.178,0.047,0.416
82t1mz,https://i.redd.it/jkucvv6g29s01.jpg,0.189,0.385,0.161,0.009,0.037,0.074,99.145,61.468,59.189,Male,45,0.326,0.0,92.476,7.198,None,2.819,2.288,6.323,5.449,3.6832638,3.1556566,-1.9357764,50.0,0.566,50.0,0.566,50.0,0.566,50.0,99.095,0.001,0.0,0.0,99.999,0.0,0.0,0.003,0.0,0.0,99.997,0.0,0.0,70.1,92.003,WHITE,0.482,0.996,-0.088,0.026,0.422,0.475,0.999,0.013,-0.047,0.413
amvqtj,https://i.redd.it/gyc71mtvcswy.png,10.056,1.667,0.082,0.082,0.082,52.198,35.832,69.993,70.586,Male,39,6.579,0.0,0.039,93.383,None,12.103,84.609,91.191,1.552,34.202248,-7.2913094,11.526348,50.0,1.432,50.0,1.432,50.0,1.432,50.0,1.478,0.761,0.0,0.521,98.681,0.0,0.036,0.055,0.0,0.008,99.92,0.0,0.016,70.1,0.006,INDIA,0.582,0.898,0.431,0.092,0.463,0.645,0.797,0.591,0.127,0.457
a9fvtk,https://i.redd.it/kzd779henq321.jpg,0.001,97.935,0.001,0.0,0.0,0.0,2.062,70.515,62.217,Male,26,100.0,0.0,0.0,0.0,None,5.926,13.924,19.905,0.765,-1.3932647,-2.1723049,7.920002,50.0,0.371,50.0,0.371,50.0,0.371,50.0,53.705,0.005,0.0,0.0,99.995,0.0,0.0,0.004,0.0,0.002,99.994,0.0,0.0,70.1,93.909,WHITE,0.501,0.991,0.08,-0.105,0.423,0.459,0.989,-0.104,-0.103,0.436
99moop,https://i.redd.it/3160z79ehxn01.jpg,0.048,1.02,0.019,0.019,0.067,0.055,98.773,61.467,63.196,Female,21,99.975,0.0,0.018,0.007,None,4.81,30.056,76.618,1.821,16.032736,8.111972,-8.045111,50.0,0.29,50.0,0.29,50.0,0.29,50.0,86.152,0.002,0.0,0.0,99.998,0.0,0.0,0.011,0.0,0.008,99.595,0.0,0.386,70.1,44.167,WHITE,0.518,0.994,0.11,-0.025,0.434,0.497,0.999,0.025,-0.032,0.385
ao1r1t,https://i.redd.it/31zj04uigwz11.jpg,0.0,0.044,0.0,0.0,0.0,0.0,99.956,63.074,68.243,Female,20,99.989,0.0,0.0,0.011,Normal,1.047,1.804,2.938,23.38,-9.504869,7.6679125,-19.437742,50.0,0.354,50.0,0.354,50.0,0.354,50.0,99.963,84.857,0.0,0.01,1.647,0.006,13.48,97.513,0.0,0.002,1.875,0.0,0.61,70.1,79.409,WHITE,0.455,0.99,-0.12,-0.078,0.43,0.477,0.998,-0.063,-0.028,0.419
ab8hgx,https://i.redd.it/ntdx1wczic811.jpg,0.084,99.914,0.0,0.0,0.0,0.0,0.002,48.299,50.192,Male,37,99.988,0.0,0.0,0.012,None,7.418,3.928,0.272,0.95,18.19183,-6.3185406,-1.5613923,50.0,0.346,50.0,0.346,50.0,0.346,50.0,4.826,0.0,7.032,3.533,89.34,0.0,0.095,0.024,2.799,0.033,97.1,0.004,0.04,70.1,29.702,WHITE,0.511,0.962,0.123,0.242,0.469,0.497,0.963,0.161,0.215,0.508
aeve1e,https://i.redd.it/2p9j0svz8j221.jpg,0.911,10.832,1.879,0.257,1.008,63.481,21.632,67.944,55.938,Male,33,99.854,0.0,0.0,0.146,None,4.445,37.825,38.536,2.19,3.842853,-6.4891944,6.8986754,50.0,0.812,50.0,0.812,50.0,0.812,50.0,0.504,0.217,0.0,0.0,99.782,0.0,0.001,1.465,0.0,0.0,98.534,0.001,0.0,70.1,90.585,WHITE,0.491,0.984,-0.027,0.174,0.458,0.479,0.984,-0.005,0.179,0.498
