{"image_id": "ii3LdcuE3R6sLTg43NWe8Q==", "request_id": "1551402828,64d12f7f-5dad-4fe8-a22a-cbbc861b03e4", "time_used": 2474, "faces": [{"attributes": {"emotion": {"sadness": 0.034, "neutral": 0.032, "disgust": 2.677, "anger": 0.005, "surprise": 0.005, "fear": 0.005, "happiness": 97.241}, "beauty": {"female_score": 44.715, "male_score": 42.949}, "gender": {"value": "Male"}, "age": {"value": 60}, "mouthstatus": {"close": 1.692, "surgical_mask_or_respirator": 0.195, "open": 0.262, "other_occlusion": 97.851}, "glass": {"value": "Normal"}, "skinstatus": {"dark_circle": 2.603, "stain": 6.992, "acne": 4.489, "health": 0.412}, "headpose": {"yaw_angle": 27.082603, "pitch_angle": -4.348606, "roll_angle": -3.875789}, "blur": {"blurness": {"threshold": 50.0, "value": 0.325}, "motionblur": {"threshold": 50.0, "value": 0.325}, "gaussianblur": {"threshold": 50.0, "value": 0.325}}, "smile": {"threshold": 50.0, "value": 87.92}, "eyestatus": {"left_eye_status": {"normal_glass_eye_open": 81.924, "no_glass_eye_close": 0.0, "occlusion": 0.0, "no_glass_eye_open": 0.317, "normal_glass_eye_close": 0.005, "dark_glasses": 17.754}, "right_eye_status": {"normal_glass_eye_open": 85.987, "no_glass_eye_close": 0.0, "occlusion": 0.007, "no_glass_eye_open": 0.554, "normal_glass_eye_close": 0.053, "dark_glasses": 13.399}}, "facequality": {"threshold": 70.1, "value": 0.243}, "ethnicity": {"value": "WHITE"}, "eyegaze": {"right_eye_gaze": {"position_x_coordinate": 0.5, "vector_z_component": 0.905, "vector_x_component": 0.043, "vector_y_component": -0.423, "position_y_coordinate": 0.415}, "left_eye_gaze": {"position_x_coordinate": 0.583, "vector_z_component": 0.822, "vector_x_component": 0.037, "vector_y_component": -0.568, "position_y_coordinate": 0.372}}}, "face_rectangle": {"width": 498, "top": 841, "left": 1541, "height": 498}, "face_token": "f988fca694ca1c1d8e67189664fedc8e"}]}