{"image_id": "vCoMqzJk0yEtVbVcteHwQg==", "request_id": "1551406810,8865b815-b768-4c2e-9d31-0751ee231afa", "time_used": 1896, "faces": [{"attributes": {"emotion": {"sadness": 0.0, "neutral": 0.0, "disgust": 0.002, "anger": 0.0, "surprise": 0.0, "fear": 0.0, "happiness": 99.998}, "beauty": {"female_score": 63.782, "male_score": 59.103}, "gender": {"value": "Female"}, "age": {"value": 19}, "mouthstatus": {"close": 4.531, "surgical_mask_or_respirator": 0.0, "open": 95.448, "other_occlusion": 0.021}, "glass": {"value": "None"}, "skinstatus": {"dark_circle": 2.274, "stain": 2.695, "acne": 0.666, "health": 41.437}, "headpose": {"yaw_angle": 0.10238368, "pitch_angle": 5.01343, "roll_angle": 7.8797092}, "blur": {"blurness": {"threshold": 50.0, "value": 0.35}, "motionblur": {"threshold": 50.0, "value": 0.35}, "gaussianblur": {"threshold": 50.0, "value": 0.35}}, "smile": {"threshold": 50.0, "value": 100.0}, "eyestatus": {"left_eye_status": {"normal_glass_eye_open": 0.002, "no_glass_eye_close": 0.0, "occlusion": 73.792, "no_glass_eye_open": 26.186, "normal_glass_eye_close": 0.0, "dark_glasses": 0.019}, "right_eye_status": {"normal_glass_eye_open": 0.001, "no_glass_eye_close": 0.0, "occlusion": 0.811, "no_glass_eye_open": 99.184, "normal_glass_eye_close": 0.0, "dark_glasses": 0.003}}, "facequality": {"threshold": 70.1, "value": 93.911}, "ethnicity": {"value": "WHITE"}, "eyegaze": {"right_eye_gaze": {"position_x_coordinate": 0.469, "vector_z_component": 0.991, "vector_x_component": -0.036, "vector_y_component": 0.132, "position_y_coordinate": 0.46}, "left_eye_gaze": {"position_x_coordinate": 0.492, "vector_z_component": 0.99, "vector_x_component": 0.029, "vector_y_component": 0.135, "position_y_coordinate": 0.458}}}, "face_rectangle": {"width": 1129, "top": 419, "left": 471, "height": 1129}, "face_token": "df119c213a1abe0acc2332ea4f0d1e73"}]}