{"image_id": "TRSt9WEvMESvef6RP/3QBQ==", "request_id": "1551406886,1b9624fa-2183-4e1f-b86a-e926c4bdf4f8", "time_used": 508, "faces": [{"attributes": {"emotion": {"sadness": 87.846, "neutral": 12.061, "disgust": 0.005, "anger": 0.005, "surprise": 0.006, "fear": 0.005, "happiness": 0.073}, "beauty": {"female_score": 54.125, "male_score": 50.37}, "gender": {"value": "Male"}, "age": {"value": 44}, "mouthstatus": {"close": 99.17, "surgical_mask_or_respirator": 0.005, "open": 0.004, "other_occlusion": 0.821}, "glass": {"value": "None"}, "skinstatus": {"dark_circle": 5.851, "stain": 1.868, "acne": 0.82, "health": 13.102}, "headpose": {"yaw_angle": -3.020629, "pitch_angle": -1.4530323, "roll_angle": -5.538177}, "blur": {"blurness": {"threshold": 50.0, "value": 0.396}, "motionblur": {"threshold": 50.0, "value": 0.396}, "gaussianblur": {"threshold": 50.0, "value": 0.396}}, "smile": {"threshold": 50.0, "value": 0.006}, "eyestatus": {"left_eye_status": {"normal_glass_eye_open": 0.006, "no_glass_eye_close": 0.0, "occlusion": 0.002, "no_glass_eye_open": 99.991, "normal_glass_eye_close": 0.0, "dark_glasses": 0.001}, "right_eye_status": {"normal_glass_eye_open": 0.0, "no_glass_eye_close": 0.0, "occlusion": 0.034, "no_glass_eye_open": 99.966, "normal_glass_eye_close": 0.0, "dark_glasses": 0.0}}, "facequality": {"threshold": 70.1, "value": 93.004}, "ethnicity": {"value": "BLACK"}, "eyegaze": {"right_eye_gaze": {"position_x_coordinate": 0.484, "vector_z_component": 0.948, "vector_x_component": -0.087, "vector_y_component": 0.307, "position_y_coordinate": 0.431}, "left_eye_gaze": {"position_x_coordinate": 0.476, "vector_z_component": 0.984, "vector_x_component": -0.088, "vector_y_component": 0.156, "position_y_coordinate": 0.456}}}, "face_rectangle": {"width": 344, "top": 307, "left": 217, "height": 344}, "face_token": "fe5195aaf3e44b0d1663cbcb21944954"}]}