{"image_id": "b68RejiJTBugJu+D/oNBzA==", "request_id": "1551406647,323f083c-41e5-4d8a-b13c-2308b963c2f8", "time_used": 1227, "faces": [{"attributes": {"emotion": {"sadness": 0.01, "neutral": 99.317, "disgust": 0.633, "anger": 0.002, "surprise": 0.031, "fear": 0.002, "happiness": 0.005}, "beauty": {"female_score": 85.97, "male_score": 84.744}, "gender": {"value": "Female"}, "age": {"value": 19}, "mouthstatus": {"close": 0.0, "surgical_mask_or_respirator": 0.0, "open": 100.0, "other_occlusion": 0.0}, "glass": {"value": "None"}, "skinstatus": {"dark_circle": 2.541, "stain": 11.575, "acne": 2.474, "health": 66.6}, "headpose": {"yaw_angle": -30.714176, "pitch_angle": -1.2451674, "roll_angle": -7.4915323}, "blur": {"blurness": {"threshold": 50.0, "value": 0.034}, "motionblur": {"threshold": 50.0, "value": 0.034}, "gaussianblur": {"threshold": 50.0, "value": 0.034}}, "smile": {"threshold": 50.0, "value": 5.18}, "eyestatus": {"left_eye_status": {"normal_glass_eye_open": 0.764, "no_glass_eye_close": 0.0, "occlusion": 0.0, "no_glass_eye_open": 99.234, "normal_glass_eye_close": 0.0, "dark_glasses": 0.001}, "right_eye_status": {"normal_glass_eye_open": 0.091, "no_glass_eye_close": 0.0, "occlusion": 0.001, "no_glass_eye_open": 99.908, "normal_glass_eye_close": 0.0, "dark_glasses": 0.0}}, "facequality": {"threshold": 70.1, "value": 0.006}, "ethnicity": {"value": "WHITE"}, "eyegaze": {"right_eye_gaze": {"position_x_coordinate": 0.391, "vector_z_component": 0.927, "vector_x_component": -0.363, "vector_y_component": -0.097, "position_y_coordinate": 0.38}, "left_eye_gaze": {"position_x_coordinate": 0.381, "vector_z_component": 0.932, "vector_x_component": -0.361, "vector_y_component": 0.002, "position_y_coordinate": 0.438}}}, "face_rectangle": {"width": 644, "top": 430, "left": 1126, "height": 644}, "face_token": "49d216fc31fc055fe87d7f8150e5457f"}]}