{"image_id": "pqxPyT2AjjX903NZcP9u+w==", "request_id": "1551402848,b4989054-3015-4c9a-bf59-35e5799f9cc4", "time_used": 806, "faces": [{"attributes": {"emotion": {"sadness": 0.194, "neutral": 93.031, "disgust": 0.009, "anger": 0.006, "surprise": 0.006, "fear": 0.006, "happiness": 6.748}, "beauty": {"female_score": 85.586, "male_score": 82.075}, "gender": {"value": "Male"}, "age": {"value": 21}, "mouthstatus": {"close": 80.495, "surgical_mask_or_respirator": 0.0, "open": 18.726, "other_occlusion": 0.779}, "glass": {"value": "None"}, "skinstatus": {"dark_circle": 1.45, "stain": 3.395, "acne": 6.547, "health": 19.641}, "headpose": {"yaw_angle": 1.9762255, "pitch_angle": 14.429249, "roll_angle": -6.684811}, "blur": {"blurness": {"threshold": 50.0, "value": 19.251}, "motionblur": {"threshold": 50.0, "value": 19.251}, "gaussianblur": {"threshold": 50.0, "value": 19.251}}, "smile": {"threshold": 50.0, "value": 0.283}, "eyestatus": {"left_eye_status": {"normal_glass_eye_open": 0.266, "no_glass_eye_close": 0.002, "occlusion": 0.223, "no_glass_eye_open": 99.448, "normal_glass_eye_close": 0.005, "dark_glasses": 0.055}, "right_eye_status": {"normal_glass_eye_open": 0.008, "no_glass_eye_close": 0.0, "occlusion": 0.001, "no_glass_eye_open": 99.99, "normal_glass_eye_close": 0.0, "dark_glasses": 0.001}}, "facequality": {"threshold": 70.1, "value": 73.136}, "ethnicity": {"value": "WHITE"}, "eyegaze": {"right_eye_gaze": {"position_x_coordinate": 0.638, "vector_z_component": 0.875, "vector_x_component": 0.352, "vector_y_component": 0.331, "position_y_coordinate": 0.498}, "left_eye_gaze": {"position_x_coordinate": 0.409, "vector_z_component": 0.884, "vector_x_component": -0.079, "vector_y_component": 0.461, "position_y_coordinate": 0.44}}}, "face_rectangle": {"width": 378, "top": 497, "left": 1215, "height": 378}, "face_token": "4aed05ab61e5dc7181fe48f89c6acf46"}, {"attributes": {"emotion": {"sadness": 45.397, "neutral": 20.754, "disgust": 7.784, "anger": 0.556, "surprise": 17.871, "fear": 0.556, "happiness": 7.083}, "beauty": {"female_score": 86.617, "male_score": 82.472}, "gender": {"value": "Female"}, "age": {"value": 24}, "mouthstatus": {"close": 82.983, "surgical_mask_or_respirator": 0.0, "open": 0.025, "other_occlusion": 16.991}, "glass": {"value": "None"}, "skinstatus": {"dark_circle": 2.403, "stain": 3.494, "acne": 2.593, "health": 86.393}, "headpose": {"yaw_angle": -18.891739, "pitch_angle": 8.225471, "roll_angle": 20.078276}, "blur": {"blurness": {"threshold": 50.0, "value": 0.054}, "motionblur": {"threshold": 50.0, "value": 0.054}, "gaussianblur": {"threshold": 50.0, "value": 0.054}}, "smile": {"threshold": 50.0, "value": 4.255}, "eyestatus": {"left_eye_status": {"normal_glass_eye_open": 2.06, "no_glass_eye_close": 0.002, "occlusion": 0.208, "no_glass_eye_open": 97.554, "normal_glass_eye_close": 0.001, "dark_glasses": 0.176}, "right_eye_status": {"normal_glass_eye_open": 0.004, "no_glass_eye_close": 0.0, "occlusion": 0.0, "no_glass_eye_open": 99.996, "normal_glass_eye_close": 0.0, "dark_glasses": 0.0}}, "facequality": {"threshold": 70.1, "value": 23.442}, "ethnicity": {"value": "WHITE"}, "eyegaze": {"right_eye_gaze": {"position_x_coordinate": 0.389, "vector_z_component": 0.936, "vector_x_component": -0.35, "vector_y_component": -0.043, "position_y_coordinate": 0.405}, "left_eye_gaze": {"position_x_coordinate": 0.406, "vector_z_component": 0.93, "vector_x_component": -0.36, "vector_y_component": -0.073, "position_y_coordinate": 0.445}}}, "face_rectangle": {"width": 374, "top": 512, "left": 468, "height": 374}, "face_token": "f5d6c925f42d0b1c817002298521eae9"}]}