{"image_id": "EgeetsbZ9Zqcw3xjQuQYJw==", "request_id": "1551406712,1d1dabc8-3d7c-47e5-9a43-55744b75bb5d", "time_used": 765, "faces": [{"attributes": {"emotion": {"sadness": 0.01, "neutral": 0.069, "disgust": 0.087, "anger": 0.083, "surprise": 92.384, "fear": 0.01, "happiness": 7.356}, "beauty": {"female_score": 63.026, "male_score": 65.285}, "gender": {"value": "Male"}, "age": {"value": 20}, "mouthstatus": {"close": 0.002, "surgical_mask_or_respirator": 0.0, "open": 99.995, "other_occlusion": 0.002}, "glass": {"value": "Normal"}, "skinstatus": {"dark_circle": 5.919, "stain": 0.102, "acne": 0.293, "health": 6.746}, "headpose": {"yaw_angle": 17.12907, "pitch_angle": 16.932978, "roll_angle": -1.507076}, "blur": {"blurness": {"threshold": 50.0, "value": 0.046}, "motionblur": {"threshold": 50.0, "value": 0.046}, "gaussianblur": {"threshold": 50.0, "value": 0.046}}, "smile": {"threshold": 50.0, "value": 96.248}, "eyestatus": {"left_eye_status": {"normal_glass_eye_open": 2.621, "no_glass_eye_close": 63.378, "occlusion": 24.897, "no_glass_eye_open": 2.232, "normal_glass_eye_close": 0.28, "dark_glasses": 6.591}, "right_eye_status": {"normal_glass_eye_open": 98.531, "no_glass_eye_close": 0.0, "occlusion": 0.052, "no_glass_eye_open": 1.153, "normal_glass_eye_close": 0.036, "dark_glasses": 0.228}}, "facequality": {"threshold": 70.1, "value": 23.673}, "ethnicity": {"value": "INDIA"}, "eyegaze": {"right_eye_gaze": {"position_x_coordinate": 0.571, "vector_z_component": 0.946, "vector_x_component": 0.308, "vector_y_component": -0.1, "position_y_coordinate": 0.436}, "left_eye_gaze": {"position_x_coordinate": 0.496, "vector_z_component": 0.747, "vector_x_component": 0.015, "vector_y_component": -0.664, "position_y_coordinate": 0.362}}}, "face_rectangle": {"width": 236, "top": 326, "left": 332, "height": 236}, "face_token": "1e0fc03f35b2abb4c35ca2ce53384208"}]}