{"image_id": "PkyTlz3qix0xsgqbgxQf8A==", "request_id": "1551406664,65ddb857-d67a-492c-b0e5-7ef55a25d639", "time_used": 677, "faces": [{"attributes": {"emotion": {"sadness": 0.003, "neutral": 98.072, "disgust": 0.003, "anger": 0.064, "surprise": 0.003, "fear": 0.003, "happiness": 1.854}, "beauty": {"female_score": 58.756, "male_score": 54.106}, "gender": {"value": "Female"}, "age": {"value": 23}, "mouthstatus": {"close": 100.0, "surgical_mask_or_respirator": 0.0, "open": 0.0, "other_occlusion": 0.0}, "glass": {"value": "None"}, "skinstatus": {"dark_circle": 3.954, "stain": 12.968, "acne": 7.383, "health": 15.958}, "headpose": {"yaw_angle": 25.251028, "pitch_angle": -3.8491614, "roll_angle": -6.05666}, "blur": {"blurness": {"threshold": 50.0, "value": 0.058}, "motionblur": {"threshold": 50.0, "value": 0.058}, "gaussianblur": {"threshold": 50.0, "value": 0.058}}, "smile": {"threshold": 50.0, "value": 1.148}, "eyestatus": {"left_eye_status": {"normal_glass_eye_open": 0.009, "no_glass_eye_close": 0.0, "occlusion": 0.01, "no_glass_eye_open": 99.96, "normal_glass_eye_close": 0.0, "dark_glasses": 0.022}, "right_eye_status": {"normal_glass_eye_open": 0.545, "no_glass_eye_close": 0.0, "occlusion": 0.113, "no_glass_eye_open": 99.223, "normal_glass_eye_close": 0.0, "dark_glasses": 0.12}}, "facequality": {"threshold": 70.1, "value": 1.294}, "ethnicity": {"value": "WHITE"}, "eyegaze": {"right_eye_gaze": {"position_x_coordinate": 0.567, "vector_z_component": 0.943, "vector_x_component": 0.283, "vector_y_component": 0.174, "position_y_coordinate": 0.442}, "left_eye_gaze": {"position_x_coordinate": 0.608, "vector_z_component": 0.883, "vector_x_component": 0.341, "vector_y_component": 0.321, "position_y_coordinate": 0.438}}}, "face_rectangle": {"width": 266, "top": 257, "left": 882, "height": 266}, "face_token": "6f1b33e493a8b44111ebcaf8748e21ec"}, {"attributes": {"emotion": {"sadness": 32.531, "neutral": 1.433, "disgust": 0.021, "anger": 0.021, "surprise": 0.115, "fear": 0.243, "happiness": 65.636}, "beauty": {"female_score": 68.393, "male_score": 65.385}, "gender": {"value": "Female"}, "age": {"value": 29}, "mouthstatus": {"close": 99.892, "surgical_mask_or_respirator": 0.0, "open": 0.106, "other_occlusion": 0.001}, "glass": {"value": "None"}, "skinstatus": {"dark_circle": 19.993, "stain": 43.629, "acne": 9.956, "health": 9.57}, "headpose": {"yaw_angle": -8.805643, "pitch_angle": 4.095379, "roll_angle": 6.961365}, "blur": {"blurness": {"threshold": 50.0, "value": 2.348}, "motionblur": {"threshold": 50.0, "value": 2.348}, "gaussianblur": {"threshold": 50.0, "value": 2.348}}, "smile": {"threshold": 50.0, "value": 99.506}, "eyestatus": {"left_eye_status": {"normal_glass_eye_open": 0.194, "no_glass_eye_close": 0.0, "occlusion": 0.001, "no_glass_eye_open": 99.803, "normal_glass_eye_close": 0.0, "dark_glasses": 0.001}, "right_eye_status": {"normal_glass_eye_open": 0.109, "no_glass_eye_close": 0.0, "occlusion": 0.001, "no_glass_eye_open": 99.889, "normal_glass_eye_close": 0.0, "dark_glasses": 0.001}}, "facequality": {"threshold": 70.1, "value": 82.733}, "ethnicity": {"value": "WHITE"}, "eyegaze": {"right_eye_gaze": {"position_x_coordinate": 0.463, "vector_z_component": 0.983, "vector_x_component": -0.143, "vector_y_component": 0.118, "position_y_coordinate": 0.433}, "left_eye_gaze": {"position_x_coordinate": 0.446, "vector_z_component": 0.988, "vector_x_component": -0.094, "vector_y_component": 0.125, "position_y_coordinate": 0.434}}}, "face_rectangle": {"width": 252, "top": 269, "left": 540, "height": 252}, "face_token": "2b64ac26a4ef65c90da51c9753f4629f"}, {"attributes": {"emotion": {"sadness": 0.034, "neutral": 67.747, "disgust": 0.034, "anger": 0.162, "surprise": 0.963, "fear": 0.17, "happiness": 30.889}, "beauty": {"female_score": 65.214, "male_score": 66.611}, "gender": {"value": "Female"}, "age": {"value": 23}, "mouthstatus": {"close": 99.984, "surgical_mask_or_respirator": 0.0, "open": 0.0, "other_occlusion": 0.015}, "glass": {"value": "None"}, "skinstatus": {"dark_circle": 4.084, "stain": 60.822, "acne": 57.23, "health": 6.131}, "headpose": {"yaw_angle": -6.5457826, "pitch_angle": 9.589631, "roll_angle": 1.4606103}, "blur": {"blurness": {"threshold": 50.0, "value": 1.179}, "motionblur": {"threshold": 50.0, "value": 1.179}, "gaussianblur": {"threshold": 50.0, "value": 1.179}}, "smile": {"threshold": 50.0, "value": 99.903}, "eyestatus": {"left_eye_status": {"normal_glass_eye_open": 0.016, "no_glass_eye_close": 0.0, "occlusion": 0.002, "no_glass_eye_open": 99.981, "normal_glass_eye_close": 0.0, "dark_glasses": 0.001}, "right_eye_status": {"normal_glass_eye_open": 1.9, "no_glass_eye_close": 0.0, "occlusion": 0.058, "no_glass_eye_open": 97.983, "normal_glass_eye_close": 0.001, "dark_glasses": 0.058}}, "facequality": {"threshold": 70.1, "value": 84.595}, "ethnicity": {"value": "WHITE"}, "eyegaze": {"right_eye_gaze": {"position_x_coordinate": 0.415, "vector_z_component": 0.964, "vector_x_component": -0.246, "vector_y_component": -0.105, "position_y_coordinate": 0.447}, "left_eye_gaze": {"position_x_coordinate": 0.408, "vector_z_component": 0.982, "vector_x_component": -0.177, "vector_y_component": 0.061, "position_y_coordinate": 0.41}}}, "face_rectangle": {"width": 222, "top": 218, "left": 176, "height": 222}, "face_token": "2627f5ae05f10ac002b9a6330f82d88b"}]}