{"image_id": "2XKD6oLNo2CSyjN7c8nV8w==", "request_id": "1551406868,317058b8-037b-4412-bff1-4df4e26e89b0", "time_used": 682, "faces": [{"attributes": {"emotion": {"sadness": 0.0, "neutral": 0.001, "disgust": 0.001, "anger": 0.0, "surprise": 0.014, "fear": 0.0, "happiness": 99.984}, "beauty": {"female_score": 80.15, "male_score": 75.943}, "gender": {"value": "Female"}, "age": {"value": 20}, "mouthstatus": {"close": 100.0, "surgical_mask_or_respirator": 0.0, "open": 0.0, "other_occlusion": 0.0}, "glass": {"value": "None"}, "skinstatus": {"dark_circle": 1.441, "stain": 92.128, "acne": 56.501, "health": 5.553}, "headpose": {"yaw_angle": -6.85706, "pitch_angle": 6.48835, "roll_angle": 7.9050593}, "blur": {"blurness": {"threshold": 50.0, "value": 2.15}, "motionblur": {"threshold": 50.0, "value": 2.15}, "gaussianblur": {"threshold": 50.0, "value": 2.15}}, "smile": {"threshold": 50.0, "value": 99.998}, "eyestatus": {"left_eye_status": {"normal_glass_eye_open": 0.002, "no_glass_eye_close": 0.0, "occlusion": 0.004, "no_glass_eye_open": 99.993, "normal_glass_eye_close": 0.0, "dark_glasses": 0.001}, "right_eye_status": {"normal_glass_eye_open": 0.004, "no_glass_eye_close": 0.0, "occlusion": 0.007, "no_glass_eye_open": 99.986, "normal_glass_eye_close": 0.001, "dark_glasses": 0.002}}, "facequality": {"threshold": 70.1, "value": 85.76}, "ethnicity": {"value": "WHITE"}, "eyegaze": {"right_eye_gaze": {"position_x_coordinate": 0.426, "vector_z_component": 0.951, "vector_x_component": -0.244, "vector_y_component": 0.191, "position_y_coordinate": 0.478}, "left_eye_gaze": {"position_x_coordinate": 0.448, "vector_z_component": 0.977, "vector_x_component": -0.107, "vector_y_component": 0.183, "position_y_coordinate": 0.455}}}, "face_rectangle": {"width": 363, "top": 175, "left": 482, "height": 363}, "face_token": "eac3b457908f9f0333a62cf581e641d4"}]}