{"image_id": "ii3LdcuE3R6sLTg43NWe8Q==", "request_id": "1551406718,a3713d2f-ff00-499e-8a63-8f0ade344429", "time_used": 3188, "faces": [{"attributes": {"emotion": {"sadness": 0.042, "neutral": 0.028, "disgust": 3.11, "anger": 0.006, "surprise": 0.006, "fear": 0.006, "happiness": 96.804}, "beauty": {"female_score": 44.743, "male_score": 42.961}, "gender": {"value": "Male"}, "age": {"value": 60}, "mouthstatus": {"close": 1.947, "surgical_mask_or_respirator": 0.212, "open": 0.288, "other_occlusion": 97.553}, "glass": {"value": "Normal"}, "skinstatus": {"dark_circle": 2.601, "stain": 6.677, "acne": 4.379, "health": 0.407}, "headpose": {"yaw_angle": 26.971193, "pitch_angle": -5.0160046, "roll_angle": -2.9288385}, "blur": {"blurness": {"threshold": 50.0, "value": 0.044}, "motionblur": {"threshold": 50.0, "value": 0.044}, "gaussianblur": {"threshold": 50.0, "value": 0.044}}, "smile": {"threshold": 50.0, "value": 87.99}, "eyestatus": {"left_eye_status": {"normal_glass_eye_open": 82.529, "no_glass_eye_close": 0.0, "occlusion": 0.0, "no_glass_eye_open": 0.316, "normal_glass_eye_close": 0.005, "dark_glasses": 17.15}, "right_eye_status": {"normal_glass_eye_open": 85.683, "no_glass_eye_close": 0.0, "occlusion": 0.007, "no_glass_eye_open": 0.561, "normal_glass_eye_close": 0.054, "dark_glasses": 13.695}}, "facequality": {"threshold": 70.1, "value": 0.273}, "ethnicity": {"value": "WHITE"}, "eyegaze": {"right_eye_gaze": {"position_x_coordinate": 0.5, "vector_z_component": 0.905, "vector_x_component": 0.042, "vector_y_component": -0.422, "position_y_coordinate": 0.415}, "left_eye_gaze": {"position_x_coordinate": 0.583, "vector_z_component": 0.82, "vector_x_component": 0.035, "vector_y_component": -0.571, "position_y_coordinate": 0.372}}}, "face_rectangle": {"width": 498, "top": 841, "left": 1541, "height": 498}, "face_token": "074709d8893734b9606eafc2764fe9db"}]}