{"image_id": "6ZhSLxcbd6oohFYbQ0VqhA==", "request_id": "1551406758,d6467315-7189-4c15-98f0-19f9e96d5378", "time_used": 2277, "faces": [{"attributes": {"emotion": {"sadness": 0.0, "neutral": 0.0, "disgust": 0.002, "anger": 0.001, "surprise": 0.0, "fear": 0.0, "happiness": 99.997}, "beauty": {"female_score": 52.723, "male_score": 51.648}, "gender": {"value": "Female"}, "age": {"value": 37}, "mouthstatus": {"close": 0.001, "surgical_mask_or_respirator": 0.0, "open": 99.999, "other_occlusion": 0.0}, "glass": {"value": "Dark"}, "skinstatus": {"dark_circle": 2.72, "stain": 2.802, "acne": 5.699, "health": 3.325}, "headpose": {"yaw_angle": -9.327823, "pitch_angle": -1.6477977, "roll_angle": 0.26812845}, "blur": {"blurness": {"threshold": 50.0, "value": 1.144}, "motionblur": {"threshold": 50.0, "value": 1.144}, "gaussianblur": {"threshold": 50.0, "value": 1.144}}, "smile": {"threshold": 50.0, "value": 100.0}, "eyestatus": {"left_eye_status": {"normal_glass_eye_open": 13.166, "no_glass_eye_close": 0.006, "occlusion": 1.732, "no_glass_eye_open": 0.031, "normal_glass_eye_close": 74.983, "dark_glasses": 10.082}, "right_eye_status": {"normal_glass_eye_open": 0.168, "no_glass_eye_close": 0.0, "occlusion": 0.005, "no_glass_eye_open": 0.001, "normal_glass_eye_close": 0.475, "dark_glasses": 99.351}}, "facequality": {"threshold": 70.1, "value": 83.219}, "ethnicity": {"value": "WHITE"}, "eyegaze": {"right_eye_gaze": {"position_x_coordinate": 0.428, "vector_z_component": 0.57, "vector_x_component": -0.545, "vector_y_component": -0.614, "position_y_coordinate": 0.29}, "left_eye_gaze": {"position_x_coordinate": 0.615, "vector_z_component": 0.696, "vector_x_component": 0.655, "vector_y_component": 0.294, "position_y_coordinate": 0.503}}}, "face_rectangle": {"width": 1082, "top": 856, "left": 1130, "height": 1082}, "face_token": "5bc050d023da1466b5ad25ba04a4fda0"}]}