{"image_id": "TuvL0ywzprHPuMTTi8fRDA==", "request_id": "1551406577,2ea4b8fe-5e9b-40ef-aa90-2358ca6c1829", "time_used": 2872, "faces": [{"attributes": {"emotion": {"sadness": 0.055, "neutral": 0.007, "disgust": 0.007, "anger": 0.371, "surprise": 0.008, "fear": 67.677, "happiness": 31.875}, "beauty": {"female_score": 49.63, "male_score": 39.733}, "gender": {"value": "Female"}, "age": {"value": 24}, "mouthstatus": {"close": 0.709, "surgical_mask_or_respirator": 0.0, "open": 99.291, "other_occlusion": 0.0}, "glass": {"value": "None"}, "skinstatus": {"dark_circle": 5.841, "stain": 49.873, "acne": 12.658, "health": 0.476}, "headpose": {"yaw_angle": 7.8146253, "pitch_angle": 0.70118123, "roll_angle": -10.064592}, "blur": {"blurness": {"threshold": 50.0, "value": 0.665}, "motionblur": {"threshold": 50.0, "value": 0.665}, "gaussianblur": {"threshold": 50.0, "value": 0.665}}, "smile": {"threshold": 50.0, "value": 99.999}, "eyestatus": {"left_eye_status": {"normal_glass_eye_open": 0.617, "no_glass_eye_close": 1.592, "occlusion": 0.514, "no_glass_eye_open": 97.232, "normal_glass_eye_close": 0.027, "dark_glasses": 0.018}, "right_eye_status": {"normal_glass_eye_open": 0.236, "no_glass_eye_close": 0.226, "occlusion": 0.129, "no_glass_eye_open": 99.409, "normal_glass_eye_close": 0.0, "dark_glasses": 0.0}}, "facequality": {"threshold": 70.1, "value": 87.215}, "ethnicity": {"value": "WHITE"}, "eyegaze": {"right_eye_gaze": {"position_x_coordinate": 0.549, "vector_z_component": 0.893, "vector_x_component": 0.052, "vector_y_component": -0.448, "position_y_coordinate": 0.353}, "left_eye_gaze": {"position_x_coordinate": 0.468, "vector_z_component": 0.948, "vector_x_component": 0.118, "vector_y_component": 0.295, "position_y_coordinate": 0.478}}}, "face_rectangle": {"width": 509, "top": 565, "left": 1353, "height": 509}, "face_token": "323003b16a0783799dbfc4bba1a1468a"}]}