{"image_id": "u00tKy3gkcFshV44pNJotg==", "request_id": "1551406817,395e99de-bee6-415f-9676-feaafaa7f5d2", "time_used": 2202, "faces": [{"attributes": {"emotion": {"sadness": 0.009, "neutral": 32.762, "disgust": 0.036, "anger": 0.027, "surprise": 66.955, "fear": 0.009, "happiness": 0.202}, "beauty": {"female_score": 71.012, "male_score": 72.866}, "gender": {"value": "Female"}, "age": {"value": 18}, "mouthstatus": {"close": 99.998, "surgical_mask_or_respirator": 0.0, "open": 0.002, "other_occlusion": 0.0}, "glass": {"value": "Normal"}, "skinstatus": {"dark_circle": 1.187, "stain": 4.438, "acne": 16.77, "health": 17.961}, "headpose": {"yaw_angle": -17.383894, "pitch_angle": 11.597991, "roll_angle": -1.8856871}, "blur": {"blurness": {"threshold": 50.0, "value": 0.389}, "motionblur": {"threshold": 50.0, "value": 0.389}, "gaussianblur": {"threshold": 50.0, "value": 0.389}}, "smile": {"threshold": 50.0, "value": 0.06}, "eyestatus": {"left_eye_status": {"normal_glass_eye_open": 97.461, "no_glass_eye_close": 0.0, "occlusion": 0.001, "no_glass_eye_open": 0.21, "normal_glass_eye_close": 0.001, "dark_glasses": 2.327}, "right_eye_status": {"normal_glass_eye_open": 99.967, "no_glass_eye_close": 0.0, "occlusion": 0.0, "no_glass_eye_open": 0.018, "normal_glass_eye_close": 0.0, "dark_glasses": 0.015}}, "facequality": {"threshold": 70.1, "value": 30.039}, "ethnicity": {"value": "WHITE"}, "eyegaze": {"right_eye_gaze": {"position_x_coordinate": 0.403, "vector_z_component": 0.927, "vector_x_component": -0.329, "vector_y_component": -0.178, "position_y_coordinate": 0.423}, "left_eye_gaze": {"position_x_coordinate": 0.466, "vector_z_component": 0.965, "vector_x_component": -0.107, "vector_y_component": -0.238, "position_y_coordinate": 0.435}}}, "face_rectangle": {"width": 837, "top": 804, "left": 578, "height": 837}, "face_token": "9aa63222a1bd527da5a10571115e932c"}]}