{"image_id": "PhmUdI2cgKQ/lvmia62JKw==", "request_id": "1551406755,14eab894-9576-473b-ad7e-937154a6ff23", "time_used": 2794, "faces": [{"attributes": {"emotion": {"sadness": 0.008, "neutral": 9.843, "disgust": 0.008, "anger": 0.008, "surprise": 3.824, "fear": 0.008, "happiness": 86.3}, "beauty": {"female_score": 67.35, "male_score": 64.01}, "gender": {"value": "Male"}, "age": {"value": 23}, "mouthstatus": {"close": 0.2, "surgical_mask_or_respirator": 99.665, "open": 0.005, "other_occlusion": 0.131}, "glass": {"value": "None"}, "skinstatus": {"dark_circle": 5.417, "stain": 20.412, "acne": 90.95, "health": 4.282}, "headpose": {"yaw_angle": 8.064013, "pitch_angle": 0.43167308, "roll_angle": -4.5610847}, "blur": {"blurness": {"threshold": 50.0, "value": 0.538}, "motionblur": {"threshold": 50.0, "value": 0.538}, "gaussianblur": {"threshold": 50.0, "value": 0.538}}, "smile": {"threshold": 50.0, "value": 15.558}, "eyestatus": {"left_eye_status": {"normal_glass_eye_open": 0.0, "no_glass_eye_close": 0.0, "occlusion": 0.0, "no_glass_eye_open": 100.0, "normal_glass_eye_close": 0.0, "dark_glasses": 0.0}, "right_eye_status": {"normal_glass_eye_open": 0.133, "no_glass_eye_close": 0.0, "occlusion": 0.0, "no_glass_eye_open": 99.86, "normal_glass_eye_close": 0.0, "dark_glasses": 0.007}}, "facequality": {"threshold": 70.1, "value": 86.868}, "ethnicity": {"value": "INDIA"}, "eyegaze": {"right_eye_gaze": {"position_x_coordinate": 0.515, "vector_z_component": 0.971, "vector_x_component": 0.216, "vector_y_component": -0.105, "position_y_coordinate": 0.409}, "left_eye_gaze": {"position_x_coordinate": 0.488, "vector_z_component": 0.974, "vector_x_component": -0.018, "vector_y_component": -0.224, "position_y_coordinate": 0.398}}}, "face_rectangle": {"width": 314, "top": 1283, "left": 1007, "height": 314}, "face_token": "67215af6004cfa9826708ae39d4e595b"}]}