{"image_id": "4K/Z7p339IcxZ/r9urrf5g==", "request_id": "1551407031,72216248-e586-47fa-9c93-594ad7e80f9d", "time_used": 494, "faces": [{"attributes": {"emotion": {"sadness": 0.0, "neutral": 100.0, "disgust": 0.0, "anger": 0.0, "surprise": 0.0, "fear": 0.0, "happiness": 0.0}, "beauty": {"female_score": 79.852, "male_score": 75.884}, "gender": {"value": "Female"}, "age": {"value": 18}, "mouthstatus": {"close": 92.295, "surgical_mask_or_respirator": 0.0, "open": 3.707, "other_occlusion": 3.997}, "glass": {"value": "None"}, "skinstatus": {"dark_circle": 6.93, "stain": 1.949, "acne": 2.434, "health": 54.389}, "headpose": {"yaw_angle": 39.007786, "pitch_angle": -3.47007, "roll_angle": -9.640315}, "blur": {"blurness": {"threshold": 50.0, "value": 0.415}, "motionblur": {"threshold": 50.0, "value": 0.415}, "gaussianblur": {"threshold": 50.0, "value": 0.415}}, "smile": {"threshold": 50.0, "value": 0.074}, "eyestatus": {"left_eye_status": {"normal_glass_eye_open": 0.094, "no_glass_eye_close": 0.002, "occlusion": 0.811, "no_glass_eye_open": 99.09, "normal_glass_eye_close": 0.0, "dark_glasses": 0.003}, "right_eye_status": {"normal_glass_eye_open": 0.494, "no_glass_eye_close": 0.001, "occlusion": 0.141, "no_glass_eye_open": 99.351, "normal_glass_eye_close": 0.0, "dark_glasses": 0.014}}, "facequality": {"threshold": 70.1, "value": 0.006}, "ethnicity": {"value": "WHITE"}, "eyegaze": {"right_eye_gaze": {"position_x_coordinate": 0.546, "vector_z_component": 0.971, "vector_x_component": 0.145, "vector_y_component": 0.19, "position_y_coordinate": 0.466}, "left_eye_gaze": {"position_x_coordinate": 0.577, "vector_z_component": 0.926, "vector_x_component": 0.366, "vector_y_component": 0.095, "position_y_coordinate": 0.495}}}, "face_rectangle": {"width": 208, "top": 37, "left": 530, "height": 208}, "face_token": "f309b9fef93f4a9ee49148d022fe95a0"}]}