{"image_id": "iQbgWRL1duUq4h9vAGhkaQ==", "request_id": "1551402969,b752e3c0-9c40-43ea-bfe9-4f60f1167f7e", "time_used": 2615, "faces": [{"attributes": {"emotion": {"sadness": 0.002, "neutral": 0.0, "disgust": 0.0, "anger": 0.0, "surprise": 0.0, "fear": 0.0, "happiness": 99.996}, "beauty": {"female_score": 53.648, "male_score": 55.054}, "gender": {"value": "Female"}, "age": {"value": 22}, "mouthstatus": {"close": 2.334, "surgical_mask_or_respirator": 0.0, "open": 97.666, "other_occlusion": 0.0}, "glass": {"value": "None"}, "skinstatus": {"dark_circle": 24.433, "stain": 9.022, "acne": 2.438, "health": 32.811}, "headpose": {"yaw_angle": 6.3273954, "pitch_angle": 9.773382, "roll_angle": -2.7439992}, "blur": {"blurness": {"threshold": 50.0, "value": 0.505}, "motionblur": {"threshold": 50.0, "value": 0.505}, "gaussianblur": {"threshold": 50.0, "value": 0.505}}, "smile": {"threshold": 50.0, "value": 100.0}, "eyestatus": {"left_eye_status": {"normal_glass_eye_open": 0.026, "no_glass_eye_close": 0.0, "occlusion": 0.001, "no_glass_eye_open": 99.973, "normal_glass_eye_close": 0.0, "dark_glasses": 0.0}, "right_eye_status": {"normal_glass_eye_open": 0.002, "no_glass_eye_close": 0.0, "occlusion": 0.0, "no_glass_eye_open": 99.997, "normal_glass_eye_close": 0.0, "dark_glasses": 0.0}}, "facequality": {"threshold": 70.1, "value": 85.189}, "ethnicity": {"value": "WHITE"}, "eyegaze": {"right_eye_gaze": {"position_x_coordinate": 0.516, "vector_z_component": 0.988, "vector_x_component": 0.14, "vector_y_component": 0.06, "position_y_coordinate": 0.462}, "left_eye_gaze": {"position_x_coordinate": 0.494, "vector_z_component": 0.997, "vector_x_component": 0.024, "vector_y_component": 0.074, "position_y_coordinate": 0.411}}}, "face_rectangle": {"width": 483, "top": 1040, "left": 894, "height": 483}, "face_token": "901182e18edf4b2038eaf64e11c596ae"}, {"attributes": {"emotion": {"sadness": 0.013, "neutral": 99.619, "disgust": 0.124, "anger": 0.116, "surprise": 0.085, "fear": 0.006, "happiness": 0.038}, "beauty": {"female_score": 51.516, "male_score": 51.679}, "gender": {"value": "Female"}, "age": {"value": 42}, "mouthstatus": {"close": 0.0, "surgical_mask_or_respirator": 99.994, "open": 0.0, "other_occlusion": 0.006}, "glass": {"value": "None"}, "skinstatus": {"dark_circle": 0.243, "stain": 5.989, "acne": 4.086, "health": 0.87}, "headpose": {"yaw_angle": 1.4432274, "pitch_angle": -0.98447096, "roll_angle": -14.592352}, "blur": {"blurness": {"threshold": 50.0, "value": 99.921}, "motionblur": {"threshold": 50.0, "value": 99.921}, "gaussianblur": {"threshold": 50.0, "value": 99.921}}, "smile": {"threshold": 50.0, "value": 34.069}, "eyestatus": {"left_eye_status": {"normal_glass_eye_open": 2.997, "no_glass_eye_close": 18.235, "occlusion": 0.016, "no_glass_eye_open": 74.851, "normal_glass_eye_close": 0.03, "dark_glasses": 3.872}, "right_eye_status": {"normal_glass_eye_open": 0.058, "no_glass_eye_close": 0.073, "occlusion": 1.862, "no_glass_eye_open": 97.972, "normal_glass_eye_close": 0.014, "dark_glasses": 0.021}}, "facequality": {"threshold": 70.1, "value": 0.006}, "ethnicity": {"value": "BLACK"}, "eyegaze": {"right_eye_gaze": {"position_x_coordinate": 0.47, "vector_z_component": 0.963, "vector_x_component": -0.269, "vector_y_component": 0.019, "position_y_coordinate": 0.315}, "left_eye_gaze": {"position_x_coordinate": 0.418, "vector_z_component": 0.671, "vector_x_component": 0.049, "vector_y_component": 0.739, "position_y_coordinate": 0.633}}}, "face_rectangle": {"width": 43, "top": 3753, "left": 1089, "height": 43}, "face_token": "85b20a60a420ad7fb19dff90883206d3"}]}