{"image_id": "7ODdFhx0VMCvmv5l0wOLbg==", "request_id": "1551406535,88f48bce-2998-4495-a4a5-2627cd862135", "time_used": 3341, "faces": [{"attributes": {"emotion": {"sadness": 0.003, "neutral": 0.013, "disgust": 0.003, "anger": 99.227, "surprise": 0.003, "fear": 0.609, "happiness": 0.141}, "beauty": {"female_score": 59.287, "male_score": 56.121}, "gender": {"value": "Male"}, "age": {"value": 21}, "mouthstatus": {"close": 0.0, "surgical_mask_or_respirator": 0.001, "open": 99.963, "other_occlusion": 0.036}, "glass": {"value": "Dark"}, "skinstatus": {"dark_circle": 5.094, "stain": 23.999, "acne": 44.808, "health": 2.143}, "headpose": {"yaw_angle": 17.27763, "pitch_angle": -1.1860973, "roll_angle": 11.237802}, "blur": {"blurness": {"threshold": 50.0, "value": 0.232}, "motionblur": {"threshold": 50.0, "value": 0.232}, "gaussianblur": {"threshold": 50.0, "value": 0.232}}, "smile": {"threshold": 50.0, "value": 98.199}, "eyestatus": {"left_eye_status": {"normal_glass_eye_open": 0.087, "no_glass_eye_close": 0.0, "occlusion": 0.003, "no_glass_eye_open": 0.008, "normal_glass_eye_close": 0.081, "dark_glasses": 99.821}, "right_eye_status": {"normal_glass_eye_open": 13.223, "no_glass_eye_close": 1.008, "occlusion": 2.742, "no_glass_eye_open": 2.668, "normal_glass_eye_close": 28.275, "dark_glasses": 52.084}}, "facequality": {"threshold": 70.1, "value": 40.451}, "ethnicity": {"value": "WHITE"}, "eyegaze": {"right_eye_gaze": {"position_x_coordinate": 0.388, "vector_z_component": 0.719, "vector_x_component": -0.526, "vector_y_component": 0.454, "position_y_coordinate": 0.633}, "left_eye_gaze": {"position_x_coordinate": 0.677, "vector_z_component": 0.707, "vector_x_component": 0.467, "vector_y_component": -0.531, "position_y_coordinate": 0.224}}}, "face_rectangle": {"width": 691, "top": 830, "left": 1336, "height": 691}, "face_token": "ea7b2efa58a27d5210f68fc659adacdd"}]}