{"image_id": "C4fJ8lok+v2eAKeKL7h7Mw==", "request_id": "1551406560,a03fc955-7de5-4a77-8c30-58ee17a9bbd7", "time_used": 1044, "faces": [{"attributes": {"emotion": {"sadness": 0.013, "neutral": 0.013, "disgust": 0.039, "anger": 0.046, "surprise": 87.301, "fear": 0.058, "happiness": 12.529}, "beauty": {"female_score": 43.625, "male_score": 39.96}, "gender": {"value": "Male"}, "age": {"value": 33}, "mouthstatus": {"close": 0.162, "surgical_mask_or_respirator": 0.0, "open": 99.837, "other_occlusion": 0.0}, "glass": {"value": "None"}, "skinstatus": {"dark_circle": 7.233, "stain": 11.926, "acne": 0.169, "health": 7.332}, "headpose": {"yaw_angle": 6.099223, "pitch_angle": 4.13031, "roll_angle": -4.7479286}, "blur": {"blurness": {"threshold": 50.0, "value": 0.291}, "motionblur": {"threshold": 50.0, "value": 0.291}, "gaussianblur": {"threshold": 50.0, "value": 0.291}}, "smile": {"threshold": 50.0, "value": 99.693}, "eyestatus": {"left_eye_status": {"normal_glass_eye_open": 0.0, "no_glass_eye_close": 99.392, "occlusion": 0.152, "no_glass_eye_open": 0.426, "normal_glass_eye_close": 0.001, "dark_glasses": 0.029}, "right_eye_status": {"normal_glass_eye_open": 0.0, "no_glass_eye_close": 99.882, "occlusion": 0.013, "no_glass_eye_open": 0.086, "normal_glass_eye_close": 0.019, "dark_glasses": 0.0}}, "facequality": {"threshold": 70.1, "value": 89.003}, "ethnicity": {"value": "BLACK"}, "eyegaze": {"right_eye_gaze": {"position_x_coordinate": 0.672, "vector_z_component": 0.858, "vector_x_component": -0.018, "vector_y_component": 0.514, "position_y_coordinate": 0.523}, "left_eye_gaze": {"position_x_coordinate": 0.389, "vector_z_component": 0.879, "vector_x_component": 0.242, "vector_y_component": 0.411, "position_y_coordinate": 0.497}}}, "face_rectangle": {"width": 347, "top": 684, "left": 368, "height": 347}, "face_token": "f2b0dfd70ec9e30c4ece6aa00cbc6cec"}, {"attributes": {"emotion": {"sadness": 0.832, "neutral": 7.319, "disgust": 0.059, "anger": 0.019, "surprise": 43.954, "fear": 47.542, "happiness": 0.275}, "beauty": {"female_score": 55.832, "male_score": 52.298}, "gender": {"value": "Male"}, "age": {"value": 30}, "mouthstatus": {"close": 99.875, "surgical_mask_or_respirator": 0.002, "open": 0.045, "other_occlusion": 0.078}, "glass": {"value": "Dark"}, "skinstatus": {"dark_circle": 7.108, "stain": 8.419, "acne": 10.854, "health": 6.347}, "headpose": {"yaw_angle": -5.201569, "pitch_angle": -2.3190806, "roll_angle": 1.9399996}, "blur": {"blurness": {"threshold": 50.0, "value": 0.36}, "motionblur": {"threshold": 50.0, "value": 0.36}, "gaussianblur": {"threshold": 50.0, "value": 0.36}}, "smile": {"threshold": 50.0, "value": 0.057}, "eyestatus": {"left_eye_status": {"normal_glass_eye_open": 10.549, "no_glass_eye_close": 0.0, "occlusion": 0.029, "no_glass_eye_open": 0.288, "normal_glass_eye_close": 0.003, "dark_glasses": 89.132}, "right_eye_status": {"normal_glass_eye_open": 31.968, "no_glass_eye_close": 0.0, "occlusion": 0.004, "no_glass_eye_open": 0.947, "normal_glass_eye_close": 0.003, "dark_glasses": 67.077}}, "facequality": {"threshold": 70.1, "value": 90.762}, "ethnicity": {"value": "INDIA"}, "eyegaze": {"right_eye_gaze": {"position_x_coordinate": 0.421, "vector_z_component": 0.954, "vector_x_component": -0.258, "vector_y_component": 0.152, "position_y_coordinate": 0.489}, "left_eye_gaze": {"position_x_coordinate": 0.462, "vector_z_component": 0.948, "vector_x_component": -0.242, "vector_y_component": 0.206, "position_y_coordinate": 0.463}}}, "face_rectangle": {"width": 240, "top": 598, "left": 774, "height": 240}, "face_token": "0886199083e3e074885878ea6345c974"}, {"attributes": {"emotion": {"sadness": 17.193, "neutral": 3.346, "disgust": 52.536, "anger": 0.298, "surprise": 0.34, "fear": 1.043, "happiness": 25.245}, "beauty": {"female_score": 57.829, "male_score": 56.685}, "gender": {"value": "Male"}, "age": {"value": 32}, "mouthstatus": {"close": 2.737, "surgical_mask_or_respirator": 0.001, "open": 96.91, "other_occlusion": 0.351}, "glass": {"value": "None"}, "skinstatus": {"dark_circle": 5.418, "stain": 1.954, "acne": 0.777, "health": 11.993}, "headpose": {"yaw_angle": 5.8492723, "pitch_angle": -1.2717692, "roll_angle": 8.986034}, "blur": {"blurness": {"threshold": 50.0, "value": 0.134}, "motionblur": {"threshold": 50.0, "value": 0.134}, "gaussianblur": {"threshold": 50.0, "value": 0.134}}, "smile": {"threshold": 50.0, "value": 83.335}, "eyestatus": {"left_eye_status": {"normal_glass_eye_open": 0.002, "no_glass_eye_close": 0.0, "occlusion": 0.047, "no_glass_eye_open": 99.951, "normal_glass_eye_close": 0.0, "dark_glasses": 0.0}, "right_eye_status": {"normal_glass_eye_open": 0.04, "no_glass_eye_close": 0.0, "occlusion": 0.004, "no_glass_eye_open": 99.955, "normal_glass_eye_close": 0.0, "dark_glasses": 0.001}}, "facequality": {"threshold": 70.1, "value": 90.341}, "ethnicity": {"value": "BLACK"}, "eyegaze": {"right_eye_gaze": {"position_x_coordinate": 0.498, "vector_z_component": 0.979, "vector_x_component": -0.002, "vector_y_component": 0.203, "position_y_coordinate": 0.438}, "left_eye_gaze": {"position_x_coordinate": 0.478, "vector_z_component": 0.974, "vector_x_component": 0.076, "vector_y_component": 0.214, "position_y_coordinate": 0.451}}}, "face_rectangle": {"width": 200, "top": 799, "left": 165, "height": 200}, "face_token": "638216670b52719db39959d5464224c8"}]}