{"image_id": "2edyjcVbH1d3IE2YYM4ngA==", "request_id": "1551406677,e3fa398a-cedd-4e18-8df5-da43c3488bdb", "time_used": 1301, "faces": [{"attributes": {"emotion": {"sadness": 0.009, "neutral": 5.903, "disgust": 93.793, "anger": 0.002, "surprise": 0.041, "fear": 0.002, "happiness": 0.251}, "beauty": {"female_score": 65.434, "male_score": 63.825}, "gender": {"value": "Male"}, "age": {"value": 21}, "mouthstatus": {"close": 2.088, "surgical_mask_or_respirator": 0.008, "open": 93.304, "other_occlusion": 4.6}, "glass": {"value": "Dark"}, "skinstatus": {"dark_circle": 5.456, "stain": 4.202, "acne": 0.282, "health": 10.733}, "headpose": {"yaw_angle": -1.8348662, "pitch_angle": 2.8399558, "roll_angle": -16.408781}, "blur": {"blurness": {"threshold": 50.0, "value": 1.147}, "motionblur": {"threshold": 50.0, "value": 1.147}, "gaussianblur": {"threshold": 50.0, "value": 1.147}}, "smile": {"threshold": 50.0, "value": 11.165}, "eyestatus": {"left_eye_status": {"normal_glass_eye_open": 0.0, "no_glass_eye_close": 0.0, "occlusion": 0.0, "no_glass_eye_open": 0.0, "normal_glass_eye_close": 0.0, "dark_glasses": 100.0}, "right_eye_status": {"normal_glass_eye_open": 16.903, "no_glass_eye_close": 0.081, "occlusion": 3.311, "no_glass_eye_open": 0.32, "normal_glass_eye_close": 74.194, "dark_glasses": 5.191}}, "facequality": {"threshold": 70.1, "value": 93.309}, "ethnicity": {"value": "ASIAN"}, "eyegaze": {"right_eye_gaze": {"position_x_coordinate": 0.433, "vector_z_component": 0.908, "vector_x_component": -0.35, "vector_y_component": 0.231, "position_y_coordinate": 0.46}, "left_eye_gaze": {"position_x_coordinate": 0.363, "vector_z_component": 0.624, "vector_x_component": -0.703, "vector_y_component": 0.342, "position_y_coordinate": 0.579}}}, "face_rectangle": {"width": 179, "top": 448, "left": 496, "height": 179}, "face_token": "b7bd39657197749973397b99aeaebf17"}]}