{"image_id": "kXK3t2ppBhsUXfXXO2QYgQ==", "request_id": "1551406416,eaa37916-ca54-4f32-9245-0dd173ed4601", "time_used": 1299, "faces": [{"attributes": {"emotion": {"sadness": 0.03, "neutral": 99.011, "disgust": 0.014, "anger": 0.058, "surprise": 0.032, "fear": 0.018, "happiness": 0.839}, "beauty": {"female_score": 84.785, "male_score": 87.768}, "gender": {"value": "Female"}, "age": {"value": 29}, "mouthstatus": {"close": 0.511, "surgical_mask_or_respirator": 0.0, "open": 11.815, "other_occlusion": 87.673}, "glass": {"value": "None"}, "skinstatus": {"dark_circle": 6.687, "stain": 4.493, "acne": 4.121, "health": 69.848}, "headpose": {"yaw_angle": 0.21381564, "pitch_angle": 16.40143, "roll_angle": 28.89614}, "blur": {"blurness": {"threshold": 50.0, "value": 0.753}, "motionblur": {"threshold": 50.0, "value": 0.753}, "gaussianblur": {"threshold": 50.0, "value": 0.753}}, "smile": {"threshold": 50.0, "value": 24.857}, "eyestatus": {"left_eye_status": {"normal_glass_eye_open": 0.029, "no_glass_eye_close": 0.0, "occlusion": 0.002, "no_glass_eye_open": 99.945, "normal_glass_eye_close": 0.0, "dark_glasses": 0.025}, "right_eye_status": {"normal_glass_eye_open": 0.002, "no_glass_eye_close": 0.0, "occlusion": 0.006, "no_glass_eye_open": 99.951, "normal_glass_eye_close": 0.0, "dark_glasses": 0.04}}, "facequality": {"threshold": 70.1, "value": 85.846}, "ethnicity": {"value": "WHITE"}, "eyegaze": {"right_eye_gaze": {"position_x_coordinate": 0.451, "vector_z_component": 0.973, "vector_x_component": -0.058, "vector_y_component": -0.222, "position_y_coordinate": 0.394}, "left_eye_gaze": {"position_x_coordinate": 0.466, "vector_z_component": 0.979, "vector_x_component": -0.01, "vector_y_component": -0.206, "position_y_coordinate": 0.386}}}, "face_rectangle": {"width": 387, "top": 324, "left": 562, "height": 387}, "face_token": "5556b5700dd062aa697d4260d29d4467"}]}