{"image_id": "KDvdDgIs9sZHq4D9QhPBtw==", "request_id": "1551406551,0f78db1b-8cc6-4ae3-a548-0e6d6f6b7885", "time_used": 3588, "faces": [{"attributes": {"emotion": {"sadness": 13.104, "neutral": 42.172, "disgust": 0.564, "anger": 0.564, "surprise": 9.33, "fear": 1.736, "happiness": 32.529}, "beauty": {"female_score": 83.286, "male_score": 80.216}, "gender": {"value": "Male"}, "age": {"value": 20}, "mouthstatus": {"close": 100.0, "surgical_mask_or_respirator": 0.0, "open": 0.0, "other_occlusion": 0.0}, "glass": {"value": "None"}, "skinstatus": {"dark_circle": 4.727, "stain": 2.672, "acne": 1.295, "health": 71.7}, "headpose": {"yaw_angle": 7.5041943, "pitch_angle": -1.8829218, "roll_angle": 2.5480535}, "blur": {"blurness": {"threshold": 50.0, "value": 0.732}, "motionblur": {"threshold": 50.0, "value": 0.732}, "gaussianblur": {"threshold": 50.0, "value": 0.732}}, "smile": {"threshold": 50.0, "value": 0.322}, "eyestatus": {"left_eye_status": {"normal_glass_eye_open": 0.0, "no_glass_eye_close": 0.0, "occlusion": 0.018, "no_glass_eye_open": 99.982, "normal_glass_eye_close": 0.0, "dark_glasses": 0.0}, "right_eye_status": {"normal_glass_eye_open": 0.015, "no_glass_eye_close": 0.0, "occlusion": 0.173, "no_glass_eye_open": 99.81, "normal_glass_eye_close": 0.0, "dark_glasses": 0.001}}, "facequality": {"threshold": 70.1, "value": 87.375}, "ethnicity": {"value": "ASIAN"}, "eyegaze": {"right_eye_gaze": {"position_x_coordinate": 0.497, "vector_z_component": 0.996, "vector_x_component": 0.088, "vector_y_component": -0.03, "position_y_coordinate": 0.427}, "left_eye_gaze": {"position_x_coordinate": 0.47, "vector_z_component": 0.991, "vector_x_component": 0.051, "vector_y_component": -0.123, "position_y_coordinate": 0.448}}}, "face_rectangle": {"width": 378, "top": 382, "left": 1188, "height": 378}, "face_token": "b615aed2789b65f6802364607f8544f7"}]}