{"image_id": "ajt+hTj/6pYy+6QRb+TZIw==", "request_id": "1551406890,6267a830-32a3-47f8-9722-ac8f3d54b9fe", "time_used": 4110, "faces": [{"attributes": {"emotion": {"sadness": 0.017, "neutral": 0.005, "disgust": 0.148, "anger": 0.005, "surprise": 0.015, "fear": 0.063, "happiness": 99.747}, "beauty": {"female_score": 59.903, "male_score": 61.423}, "gender": {"value": "Male"}, "age": {"value": 27}, "mouthstatus": {"close": 95.109, "surgical_mask_or_respirator": 0.002, "open": 4.774, "other_occlusion": 0.115}, "glass": {"value": "Normal"}, "skinstatus": {"dark_circle": 6.162, "stain": 8.989, "acne": 0.692, "health": 4.218}, "headpose": {"yaw_angle": -8.220452, "pitch_angle": 9.192879, "roll_angle": -6.704585}, "blur": {"blurness": {"threshold": 50.0, "value": 0.357}, "motionblur": {"threshold": 50.0, "value": 0.357}, "gaussianblur": {"threshold": 50.0, "value": 0.357}}, "smile": {"threshold": 50.0, "value": 94.343}, "eyestatus": {"left_eye_status": {"normal_glass_eye_open": 99.979, "no_glass_eye_close": 0.0, "occlusion": 0.0, "no_glass_eye_open": 0.004, "normal_glass_eye_close": 0.015, "dark_glasses": 0.001}, "right_eye_status": {"normal_glass_eye_open": 99.999, "no_glass_eye_close": 0.0, "occlusion": 0.0, "no_glass_eye_open": 0.001, "normal_glass_eye_close": 0.0, "dark_glasses": 0.0}}, "facequality": {"threshold": 70.1, "value": 81.644}, "ethnicity": {"value": "WHITE"}, "eyegaze": {"right_eye_gaze": {"position_x_coordinate": 0.424, "vector_z_component": 0.981, "vector_x_component": -0.185, "vector_y_component": -0.064, "position_y_coordinate": 0.412}, "left_eye_gaze": {"position_x_coordinate": 0.436, "vector_z_component": 0.974, "vector_x_component": -0.11, "vector_y_component": 0.197, "position_y_coordinate": 0.466}}}, "face_rectangle": {"width": 828, "top": 595, "left": 1182, "height": 828}, "face_token": "53de816a8277ebb90f6e8cba3b6d4319"}]}