{"image_id": "M/YW2Ug+QfUm6mclsWu3AQ==", "request_id": "1551406864,13874004-e4ca-4ae5-91c7-9af642b33b97", "time_used": 819, "faces": [{"attributes": {"emotion": {"sadness": 0.0, "neutral": 0.0, "disgust": 0.005, "anger": 0.001, "surprise": 0.001, "fear": 0.0, "happiness": 99.993}, "beauty": {"female_score": 64.399, "male_score": 63.0}, "gender": {"value": "Male"}, "age": {"value": 37}, "mouthstatus": {"close": 0.006, "surgical_mask_or_respirator": 0.0, "open": 99.993, "other_occlusion": 0.0}, "glass": {"value": "None"}, "skinstatus": {"dark_circle": 4.675, "stain": 25.253, "acne": 2.457, "health": 0.958}, "headpose": {"yaw_angle": 4.117979, "pitch_angle": 5.734458, "roll_angle": -4.4145803}, "blur": {"blurness": {"threshold": 50.0, "value": 3.588}, "motionblur": {"threshold": 50.0, "value": 3.588}, "gaussianblur": {"threshold": 50.0, "value": 3.588}}, "smile": {"threshold": 50.0, "value": 100.0}, "eyestatus": {"left_eye_status": {"normal_glass_eye_open": 0.005, "no_glass_eye_close": 0.025, "occlusion": 0.003, "no_glass_eye_open": 99.964, "normal_glass_eye_close": 0.0, "dark_glasses": 0.003}, "right_eye_status": {"normal_glass_eye_open": 0.002, "no_glass_eye_close": 0.007, "occlusion": 0.049, "no_glass_eye_open": 99.941, "normal_glass_eye_close": 0.0, "dark_glasses": 0.0}}, "facequality": {"threshold": 70.1, "value": 89.594}, "ethnicity": {"value": "INDIA"}, "eyegaze": {"right_eye_gaze": {"position_x_coordinate": 0.54, "vector_z_component": 0.752, "vector_x_component": -0.425, "vector_y_component": 0.504, "position_y_coordinate": 0.563}, "left_eye_gaze": {"position_x_coordinate": 0.326, "vector_z_component": 0.65, "vector_x_component": -0.563, "vector_y_component": 0.51, "position_y_coordinate": 0.5}}}, "face_rectangle": {"width": 240, "top": 372, "left": 351, "height": 240}, "face_token": "288e9cb1a4c14202d505343e95e93fed"}]}