{"image_id": "vBwHQYwoPC/Pg4JqJvVoTg==", "request_id": "1551406409,e95f165d-e2cb-48a7-ae1d-ec34f5277cd7", "time_used": 1648, "faces": [{"attributes": {"emotion": {"sadness": 0.054, "neutral": 97.33, "disgust": 0.011, "anger": 0.198, "surprise": 0.011, "fear": 0.011, "happiness": 2.385}, "beauty": {"female_score": 86.858, "male_score": 86.724}, "gender": {"value": "Female"}, "age": {"value": 30}, "mouthstatus": {"close": 100.0, "surgical_mask_or_respirator": 0.0, "open": 0.0, "other_occlusion": 0.0}, "glass": {"value": "None"}, "skinstatus": {"dark_circle": 6.99, "stain": 2.776, "acne": 5.183, "health": 59.356}, "headpose": {"yaw_angle": 0.73791313, "pitch_angle": 19.89045, "roll_angle": 0.73928416}, "blur": {"blurness": {"threshold": 50.0, "value": 0.377}, "motionblur": {"threshold": 50.0, "value": 0.377}, "gaussianblur": {"threshold": 50.0, "value": 0.377}}, "smile": {"threshold": 50.0, "value": 5.318}, "eyestatus": {"left_eye_status": {"normal_glass_eye_open": 3.496, "no_glass_eye_close": 0.0, "occlusion": 0.029, "no_glass_eye_open": 96.415, "normal_glass_eye_close": 0.0, "dark_glasses": 0.06}, "right_eye_status": {"normal_glass_eye_open": 2.87, "no_glass_eye_close": 0.0, "occlusion": 0.002, "no_glass_eye_open": 97.098, "normal_glass_eye_close": 0.0, "dark_glasses": 0.03}}, "facequality": {"threshold": 70.1, "value": 77.74}, "ethnicity": {"value": "WHITE"}, "eyegaze": {"right_eye_gaze": {"position_x_coordinate": 0.475, "vector_z_component": 0.966, "vector_x_component": -0.038, "vector_y_component": -0.256, "position_y_coordinate": 0.367}, "left_eye_gaze": {"position_x_coordinate": 0.472, "vector_z_component": 0.987, "vector_x_component": -0.024, "vector_y_component": -0.161, "position_y_coordinate": 0.391}}}, "face_rectangle": {"width": 582, "top": 512, "left": 875, "height": 582}, "face_token": "09c4026e4eef722092cb031a355fd724"}]}