{"image_id": "ZxuPhSaz33mil325WIdsHA==", "request_id": "1551406681,d3a7d6c4-6682-4055-adda-95a58eea1df2", "time_used": 2190, "faces": [{"attributes": {"emotion": {"sadness": 0.003, "neutral": 75.456, "disgust": 0.003, "anger": 0.011, "surprise": 0.058, "fear": 0.003, "happiness": 24.465}, "beauty": {"female_score": 69.389, "male_score": 70.981}, "gender": {"value": "Female"}, "age": {"value": 20}, "mouthstatus": {"close": 99.993, "surgical_mask_or_respirator": 0.0, "open": 0.004, "other_occlusion": 0.003}, "glass": {"value": "None"}, "skinstatus": {"dark_circle": 7.134, "stain": 1.909, "acne": 2.449, "health": 52.274}, "headpose": {"yaw_angle": 29.713566, "pitch_angle": -5.765372, "roll_angle": -25.678133}, "blur": {"blurness": {"threshold": 50.0, "value": 0.081}, "motionblur": {"threshold": 50.0, "value": 0.081}, "gaussianblur": {"threshold": 50.0, "value": 0.081}}, "smile": {"threshold": 50.0, "value": 0.286}, "eyestatus": {"left_eye_status": {"normal_glass_eye_open": 0.0, "no_glass_eye_close": 0.0, "occlusion": 0.003, "no_glass_eye_open": 99.997, "normal_glass_eye_close": 0.0, "dark_glasses": 0.0}, "right_eye_status": {"normal_glass_eye_open": 0.054, "no_glass_eye_close": 0.0, "occlusion": 7.667, "no_glass_eye_open": 88.987, "normal_glass_eye_close": 0.0, "dark_glasses": 3.292}}, "facequality": {"threshold": 70.1, "value": 0.006}, "ethnicity": {"value": "WHITE"}, "eyegaze": {"right_eye_gaze": {"position_x_coordinate": 0.514, "vector_z_component": 0.992, "vector_x_component": 0.116, "vector_y_component": 0.045, "position_y_coordinate": 0.453}, "left_eye_gaze": {"position_x_coordinate": 0.564, "vector_z_component": 0.969, "vector_x_component": 0.248, "vector_y_component": 0.018, "position_y_coordinate": 0.409}}}, "face_rectangle": {"width": 750, "top": 496, "left": 590, "height": 750}, "face_token": "c54552c03f90b3d0d820708554db4401"}]}