{"image_id": "HIwWnQrEk6hn34bUKmF6Bg==", "request_id": "1551406902,211acdaa-6af9-4531-815f-a379919aa2d3", "time_used": 1114, "faces": [{"attributes": {"emotion": {"sadness": 0.005, "neutral": 0.083, "disgust": 0.002, "anger": 0.002, "surprise": 0.204, "fear": 0.002, "happiness": 99.701}, "beauty": {"female_score": 65.34, "male_score": 62.059}, "gender": {"value": "Male"}, "age": {"value": 21}, "mouthstatus": {"close": 98.501, "surgical_mask_or_respirator": 0.009, "open": 0.277, "other_occlusion": 1.213}, "glass": {"value": "None"}, "skinstatus": {"dark_circle": 7.703, "stain": 24.42, "acne": 22.825, "health": 2.656}, "headpose": {"yaw_angle": -4.3727217, "pitch_angle": 13.611927, "roll_angle": 5.455367}, "blur": {"blurness": {"threshold": 50.0, "value": 0.447}, "motionblur": {"threshold": 50.0, "value": 0.447}, "gaussianblur": {"threshold": 50.0, "value": 0.447}}, "smile": {"threshold": 50.0, "value": 96.81}, "eyestatus": {"left_eye_status": {"normal_glass_eye_open": 0.577, "no_glass_eye_close": 0.0, "occlusion": 0.0, "no_glass_eye_open": 99.422, "normal_glass_eye_close": 0.0, "dark_glasses": 0.0}, "right_eye_status": {"normal_glass_eye_open": 0.164, "no_glass_eye_close": 0.0, "occlusion": 0.001, "no_glass_eye_open": 99.834, "normal_glass_eye_close": 0.0, "dark_glasses": 0.002}}, "facequality": {"threshold": 70.1, "value": 84.65}, "ethnicity": {"value": "WHITE"}, "eyegaze": {"right_eye_gaze": {"position_x_coordinate": 0.468, "vector_z_component": 0.99, "vector_x_component": -0.079, "vector_y_component": -0.116, "position_y_coordinate": 0.409}, "left_eye_gaze": {"position_x_coordinate": 0.443, "vector_z_component": 0.97, "vector_x_component": -0.149, "vector_y_component": -0.19, "position_y_coordinate": 0.391}}}, "face_rectangle": {"width": 349, "top": 441, "left": 980, "height": 349}, "face_token": "2a8899aee9a36509509b057a92661aae"}, {"attributes": {"emotion": {"sadness": 14.779, "neutral": 64.46, "disgust": 0.085, "anger": 1.413, "surprise": 19.056, "fear": 0.085, "happiness": 0.123}, "beauty": {"female_score": 49.718, "male_score": 52.614}, "gender": {"value": "Female"}, "age": {"value": 23}, "mouthstatus": {"close": 99.991, "surgical_mask_or_respirator": 0.0, "open": 0.006, "other_occlusion": 0.003}, "glass": {"value": "None"}, "skinstatus": {"dark_circle": 4.85, "stain": 12.943, "acne": 6.641, "health": 4.328}, "headpose": {"yaw_angle": -23.410326, "pitch_angle": 11.892859, "roll_angle": -10.940493}, "blur": {"blurness": {"threshold": 50.0, "value": 99.999}, "motionblur": {"threshold": 50.0, "value": 99.999}, "gaussianblur": {"threshold": 50.0, "value": 99.999}}, "smile": {"threshold": 50.0, "value": 0.077}, "eyestatus": {"left_eye_status": {"normal_glass_eye_open": 1.645, "no_glass_eye_close": 89.668, "occlusion": 0.906, "no_glass_eye_open": 7.295, "normal_glass_eye_close": 0.124, "dark_glasses": 0.363}, "right_eye_status": {"normal_glass_eye_open": 0.027, "no_glass_eye_close": 42.165, "occlusion": 0.027, "no_glass_eye_open": 57.667, "normal_glass_eye_close": 0.096, "dark_glasses": 0.02}}, "facequality": {"threshold": 70.1, "value": 0.006}, "ethnicity": {"value": "WHITE"}, "eyegaze": {"right_eye_gaze": {"position_x_coordinate": 0.484, "vector_z_component": 0.629, "vector_x_component": -0.404, "vector_y_component": 0.665, "position_y_coordinate": 0.446}, "left_eye_gaze": {"position_x_coordinate": 0.562, "vector_z_component": 0.583, "vector_x_component": 0.411, "vector_y_component": 0.701, "position_y_coordinate": 0.512}}}, "face_rectangle": {"width": 47, "top": 293, "left": 60, "height": 47}, "face_token": "e4bd97242f66e16720b3809c3257b7c2"}, {"attributes": {"emotion": {"sadness": 1.79, "neutral": 0.333, "disgust": 43.661, "anger": 0.14, "surprise": 33.413, "fear": 0.14, "happiness": 20.523}, "beauty": {"female_score": 65.899, "male_score": 65.34}, "gender": {"value": "Female"}, "age": {"value": 34}, "mouthstatus": {"close": 0.032, "surgical_mask_or_respirator": 0.004, "open": 91.534, "other_occlusion": 8.43}, "glass": {"value": "None"}, "skinstatus": {"dark_circle": 20.93, "stain": 6.178, "acne": 5.358, "health": 3.316}, "headpose": {"yaw_angle": -54.639797, "pitch_angle": 1.88779, "roll_angle": 24.951796}, "blur": {"blurness": {"threshold": 50.0, "value": 99.998}, "motionblur": {"threshold": 50.0, "value": 99.998}, "gaussianblur": {"threshold": 50.0, "value": 99.998}}, "smile": {"threshold": 50.0, "value": 37.697}, "eyestatus": {"left_eye_status": {"normal_glass_eye_open": 2.688, "no_glass_eye_close": 36.671, "occlusion": 3.825, "no_glass_eye_open": 52.259, "normal_glass_eye_close": 0.278, "dark_glasses": 4.279}, "right_eye_status": {"normal_glass_eye_open": 0.175, "no_glass_eye_close": 0.798, "occlusion": 0.013, "no_glass_eye_open": 98.878, "normal_glass_eye_close": 0.011, "dark_glasses": 0.125}}, "facequality": {"threshold": 70.1, "value": 0.006}, "ethnicity": {"value": "INDIA"}, "eyegaze": {"right_eye_gaze": {"position_x_coordinate": 0.705, "vector_z_component": 0.675, "vector_x_component": -0.18, "vector_y_component": 0.716, "position_y_coordinate": 0.755}, "left_eye_gaze": {"position_x_coordinate": 0.606, "vector_z_component": 0.602, "vector_x_component": 0.409, "vector_y_component": 0.686, "position_y_coordinate": 0.575}}}, "face_rectangle": {"width": 32, "top": 308, "left": 594, "height": 32}, "face_token": "b3f868d7e821f3aad5395c02ad528ee4"}, {"attributes": {"emotion": {"sadness": 0.347, "neutral": 10.54, "disgust": 0.059, "anger": 0.059, "surprise": 0.875, "fear": 87.157, "happiness": 0.963}, "beauty": {"female_score": 62.434, "male_score": 61.902}, "gender": {"value": "Female"}, "age": {"value": 27}, "mouthstatus": {"close": 0.051, "surgical_mask_or_respirator": 0.002, "open": 0.046, "other_occlusion": 99.901}, "glass": {"value": "None"}, "skinstatus": {"dark_circle": 6.474, "stain": 6.048, "acne": 10.96, "health": 0.322}, "headpose": {"yaw_angle": 5.794345, "pitch_angle": 18.08507, "roll_angle": -1.8523551}, "blur": {"blurness": {"threshold": 50.0, "value": 100.0}, "motionblur": {"threshold": 50.0, "value": 100.0}, "gaussianblur": {"threshold": 50.0, "value": 100.0}}, "smile": {"threshold": 50.0, "value": 10.703}, "eyestatus": {"left_eye_status": {"normal_glass_eye_open": 0.415, "no_glass_eye_close": 43.66, "occlusion": 0.049, "no_glass_eye_open": 53.481, "normal_glass_eye_close": 2.183, "dark_glasses": 0.211}, "right_eye_status": {"normal_glass_eye_open": 0.441, "no_glass_eye_close": 34.595, "occlusion": 0.098, "no_glass_eye_open": 63.78, "normal_glass_eye_close": 0.886, "dark_glasses": 0.199}}, "facequality": {"threshold": 70.1, "value": 0.006}, "ethnicity": {"value": "INDIA"}, "eyegaze": {"right_eye_gaze": {"position_x_coordinate": 0.371, "vector_z_component": 0.606, "vector_x_component": -0.321, "vector_y_component": 0.728, "position_y_coordinate": 0.494}, "left_eye_gaze": {"position_x_coordinate": 0.485, "vector_z_component": 0.615, "vector_x_component": 0.251, "vector_y_component": 0.747, "position_y_coordinate": 0.551}}}, "face_rectangle": {"width": 31, "top": 257, "left": 125, "height": 31}, "face_token": "36702dfcc6bd129be3c0826bce8f31e9"}]}