{"image_id": "TkSIkJ2l9ctR5UJPWKDS1w==", "request_id": "1551406441,82d92d2d-e42a-4212-a965-ede1cf709846", "time_used": 2946, "faces": [{"attributes": {"emotion": {"sadness": 4.379, "neutral": 19.78, "disgust": 0.024, "anger": 0.01, "surprise": 0.016, "fear": 0.01, "happiness": 75.78}, "beauty": {"female_score": 83.364, "male_score": 83.586}, "gender": {"value": "Female"}, "age": {"value": 18}, "mouthstatus": {"close": 99.973, "surgical_mask_or_respirator": 0.0, "open": 0.002, "other_occlusion": 0.025}, "glass": {"value": "None"}, "skinstatus": {"dark_circle": 1.61, "stain": 8.318, "acne": 50.64, "health": 24.949}, "headpose": {"yaw_angle": -11.800118, "pitch_angle": 8.528175, "roll_angle": 5.4987745}, "blur": {"blurness": {"threshold": 50.0, "value": 0.935}, "motionblur": {"threshold": 50.0, "value": 0.935}, "gaussianblur": {"threshold": 50.0, "value": 0.935}}, "smile": {"threshold": 50.0, "value": 20.355}, "eyestatus": {"left_eye_status": {"normal_glass_eye_open": 0.323, "no_glass_eye_close": 0.0, "occlusion": 0.129, "no_glass_eye_open": 92.95, "normal_glass_eye_close": 0.0, "dark_glasses": 6.598}, "right_eye_status": {"normal_glass_eye_open": 0.003, "no_glass_eye_close": 0.0, "occlusion": 0.005, "no_glass_eye_open": 99.943, "normal_glass_eye_close": 0.0, "dark_glasses": 0.049}}, "facequality": {"threshold": 70.1, "value": 69.266}, "ethnicity": {"value": "WHITE"}, "eyegaze": {"right_eye_gaze": {"position_x_coordinate": 0.452, "vector_z_component": 0.985, "vector_x_component": -0.076, "vector_y_component": -0.153, "position_y_coordinate": 0.385}, "left_eye_gaze": {"position_x_coordinate": 0.466, "vector_z_component": 0.938, "vector_x_component": -0.236, "vector_y_component": -0.255, "position_y_coordinate": 0.385}}}, "face_rectangle": {"width": 497, "top": 1214, "left": 1744, "height": 497}, "face_token": "422c5fb44f7d486040e281c580277ab7"}, {"attributes": {"emotion": {"sadness": 0.253, "neutral": 16.654, "disgust": 0.005, "anger": 0.005, "surprise": 0.005, "fear": 0.005, "happiness": 83.074}, "beauty": {"female_score": 71.811, "male_score": 70.029}, "gender": {"value": "Male"}, "age": {"value": 21}, "mouthstatus": {"close": 93.426, "surgical_mask_or_respirator": 0.0, "open": 0.0, "other_occlusion": 6.574}, "glass": {"value": "None"}, "skinstatus": {"dark_circle": 2.397, "stain": 1.554, "acne": 1.85, "health": 22.826}, "headpose": {"yaw_angle": -3.5806832, "pitch_angle": 9.154439, "roll_angle": 1.476629}, "blur": {"blurness": {"threshold": 50.0, "value": 0.494}, "motionblur": {"threshold": 50.0, "value": 0.494}, "gaussianblur": {"threshold": 50.0, "value": 0.494}}, "smile": {"threshold": 50.0, "value": 82.901}, "eyestatus": {"left_eye_status": {"normal_glass_eye_open": 0.001, "no_glass_eye_close": 0.0, "occlusion": 0.002, "no_glass_eye_open": 99.996, "normal_glass_eye_close": 0.0, "dark_glasses": 0.001}, "right_eye_status": {"normal_glass_eye_open": 0.0, "no_glass_eye_close": 0.0, "occlusion": 0.0, "no_glass_eye_open": 99.999, "normal_glass_eye_close": 0.0, "dark_glasses": 0.0}}, "facequality": {"threshold": 70.1, "value": 89.587}, "ethnicity": {"value": "WHITE"}, "eyegaze": {"right_eye_gaze": {"position_x_coordinate": 0.518, "vector_z_component": 0.952, "vector_x_component": 0.094, "vector_y_component": 0.29, "position_y_coordinate": 0.493}, "left_eye_gaze": {"position_x_coordinate": 0.552, "vector_z_component": 0.961, "vector_x_component": 0.186, "vector_y_component": 0.204, "position_y_coordinate": 0.471}}}, "face_rectangle": {"width": 448, "top": 1237, "left": 551, "height": 448}, "face_token": "77ab2cc8f41cda8058faba4fb6e2a274"}]}