{"image_id": "O9bGRnJAwgZgKeNXyJlPrA==", "request_id": "1551406933,2c533076-e4bd-4f48-b9af-7e320fe2e5f5", "time_used": 903, "faces": [{"attributes": {"emotion": {"sadness": 0.005, "neutral": 10.464, "disgust": 0.001, "anger": 0.001, "surprise": 0.001, "fear": 0.005, "happiness": 89.523}, "beauty": {"female_score": 56.906, "male_score": 56.418}, "gender": {"value": "Male"}, "age": {"value": 21}, "mouthstatus": {"close": 100.0, "surgical_mask_or_respirator": 0.0, "open": 0.0, "other_occlusion": 0.0}, "glass": {"value": "Normal"}, "skinstatus": {"dark_circle": 1.686, "stain": 0.421, "acne": 0.553, "health": 18.167}, "headpose": {"yaw_angle": 0.6138632, "pitch_angle": 2.1502287, "roll_angle": 0.92088515}, "blur": {"blurness": {"threshold": 50.0, "value": 0.364}, "motionblur": {"threshold": 50.0, "value": 0.364}, "gaussianblur": {"threshold": 50.0, "value": 0.364}}, "smile": {"threshold": 50.0, "value": 99.788}, "eyestatus": {"left_eye_status": {"normal_glass_eye_open": 91.54, "no_glass_eye_close": 0.0, "occlusion": 0.63, "no_glass_eye_open": 3.032, "normal_glass_eye_close": 0.042, "dark_glasses": 4.756}, "right_eye_status": {"normal_glass_eye_open": 86.055, "no_glass_eye_close": 0.0, "occlusion": 0.432, "no_glass_eye_open": 3.379, "normal_glass_eye_close": 0.025, "dark_glasses": 10.109}}, "facequality": {"threshold": 70.1, "value": 94.315}, "ethnicity": {"value": "WHITE"}, "eyegaze": {"right_eye_gaze": {"position_x_coordinate": 0.519, "vector_z_component": 0.977, "vector_x_component": 0.196, "vector_y_component": 0.084, "position_y_coordinate": 0.419}, "left_eye_gaze": {"position_x_coordinate": 0.468, "vector_z_component": 0.979, "vector_x_component": -0.194, "vector_y_component": 0.06, "position_y_coordinate": 0.424}}}, "face_rectangle": {"width": 134, "top": 474, "left": 535, "height": 134}, "face_token": "3892df981dc4e2c6b024da8a733c1d5d"}]}