{"image_id": "iiQqwdFFcdnyVWkQkzQ37A==", "request_id": "1551406956,98a10438-e28f-4491-a343-b7f8e201f5f9", "time_used": 586, "faces": [{"attributes": {"emotion": {"sadness": 0.023, "neutral": 98.601, "disgust": 0.008, "anger": 0.477, "surprise": 0.054, "fear": 0.008, "happiness": 0.83}, "beauty": {"female_score": 78.138, "male_score": 74.486}, "gender": {"value": "Male"}, "age": {"value": 38}, "mouthstatus": {"close": 0.0, "surgical_mask_or_respirator": 0.0, "open": 0.0, "other_occlusion": 100.0}, "glass": {"value": "None"}, "skinstatus": {"dark_circle": 18.807, "stain": 5.034, "acne": 42.757, "health": 2.434}, "headpose": {"yaw_angle": 50.37311, "pitch_angle": -6.4620337, "roll_angle": 4.435773}, "blur": {"blurness": {"threshold": 50.0, "value": 11.431}, "motionblur": {"threshold": 50.0, "value": 11.431}, "gaussianblur": {"threshold": 50.0, "value": 11.431}}, "smile": {"threshold": 50.0, "value": 0.983}, "eyestatus": {"left_eye_status": {"normal_glass_eye_open": 0.049, "no_glass_eye_close": 0.143, "occlusion": 81.099, "no_glass_eye_open": 18.679, "normal_glass_eye_close": 0.001, "dark_glasses": 0.03}, "right_eye_status": {"normal_glass_eye_open": 0.077, "no_glass_eye_close": 0.0, "occlusion": 0.0, "no_glass_eye_open": 99.923, "normal_glass_eye_close": 0.0, "dark_glasses": 0.0}}, "facequality": {"threshold": 70.1, "value": 0.006}, "ethnicity": {"value": "WHITE"}, "eyegaze": {"right_eye_gaze": {"position_x_coordinate": 0.435, "vector_z_component": 0.932, "vector_x_component": -0.083, "vector_y_component": -0.352, "position_y_coordinate": 0.32}, "left_eye_gaze": {"position_x_coordinate": 0.401, "vector_z_component": 0.764, "vector_x_component": 0.622, "vector_y_component": -0.172, "position_y_coordinate": 0.307}}}, "face_rectangle": {"width": 221, "top": 219, "left": 473, "height": 221}, "face_token": "5c41c53720dd9ee5c25152c9d226d7d4"}, {"attributes": {"emotion": {"sadness": 0.001, "neutral": 99.887, "disgust": 0.001, "anger": 0.001, "surprise": 0.043, "fear": 0.062, "happiness": 0.005}, "beauty": {"female_score": 62.639, "male_score": 64.776}, "gender": {"value": "Male"}, "age": {"value": 23}, "mouthstatus": {"close": 100.0, "surgical_mask_or_respirator": 0.0, "open": 0.0, "other_occlusion": 0.0}, "glass": {"value": "None"}, "skinstatus": {"dark_circle": 6.985, "stain": 5.274, "acne": 38.73, "health": 1.185}, "headpose": {"yaw_angle": 3.7840233, "pitch_angle": 5.5417724, "roll_angle": 3.1862786}, "blur": {"blurness": {"threshold": 50.0, "value": 2.915}, "motionblur": {"threshold": 50.0, "value": 2.915}, "gaussianblur": {"threshold": 50.0, "value": 2.915}}, "smile": {"threshold": 50.0, "value": 10.077}, "eyestatus": {"left_eye_status": {"normal_glass_eye_open": 0.023, "no_glass_eye_close": 0.0, "occlusion": 0.003, "no_glass_eye_open": 99.973, "normal_glass_eye_close": 0.0, "dark_glasses": 0.001}, "right_eye_status": {"normal_glass_eye_open": 0.109, "no_glass_eye_close": 0.0, "occlusion": 0.004, "no_glass_eye_open": 99.881, "normal_glass_eye_close": 0.0, "dark_glasses": 0.006}}, "facequality": {"threshold": 70.1, "value": 90.301}, "ethnicity": {"value": "BLACK"}, "eyegaze": {"right_eye_gaze": {"position_x_coordinate": 0.488, "vector_z_component": 0.997, "vector_x_component": -0.012, "vector_y_component": 0.074, "position_y_coordinate": 0.405}, "left_eye_gaze": {"position_x_coordinate": 0.516, "vector_z_component": 0.996, "vector_x_component": 0.089, "vector_y_component": -0.027, "position_y_coordinate": 0.408}}}, "face_rectangle": {"width": 214, "top": 201, "left": 74, "height": 214}, "face_token": "1e54f53b20d9a7f4460733cc5bdb4fd0"}]}