{"image_id": "wZFfPNY5j2Lpf/rMVYB22Q==", "request_id": "1551406876,eb1bb349-122a-4d62-aae7-98afcab51176", "time_used": 1052, "faces": [{"attributes": {"emotion": {"sadness": 0.054, "neutral": 50.984, "disgust": 0.033, "anger": 1.497, "surprise": 1.167, "fear": 0.033, "happiness": 46.231}, "beauty": {"female_score": 49.821, "male_score": 52.278}, "gender": {"value": "Male"}, "age": {"value": 78}, "mouthstatus": {"close": 11.788, "surgical_mask_or_respirator": 0.013, "open": 17.095, "other_occlusion": 71.104}, "glass": {"value": "Normal"}, "skinstatus": {"dark_circle": 14.454, "stain": 20.164, "acne": 1.267, "health": 1.15}, "headpose": {"yaw_angle": 2.495074, "pitch_angle": 3.1461635, "roll_angle": 1.2802553}, "blur": {"blurness": {"threshold": 50.0, "value": 37.929}, "motionblur": {"threshold": 50.0, "value": 37.929}, "gaussianblur": {"threshold": 50.0, "value": 37.929}}, "smile": {"threshold": 50.0, "value": 98.916}, "eyestatus": {"left_eye_status": {"normal_glass_eye_open": 71.205, "no_glass_eye_close": 0.02, "occlusion": 1.208, "no_glass_eye_open": 0.694, "normal_glass_eye_close": 26.626, "dark_glasses": 0.247}, "right_eye_status": {"normal_glass_eye_open": 32.602, "no_glass_eye_close": 0.045, "occlusion": 0.061, "no_glass_eye_open": 0.142, "normal_glass_eye_close": 65.827, "dark_glasses": 1.323}}, "facequality": {"threshold": 70.1, "value": 50.219}, "ethnicity": {"value": "WHITE"}, "eyegaze": {"right_eye_gaze": {"position_x_coordinate": 0.349, "vector_z_component": 0.633, "vector_x_component": -0.528, "vector_y_component": 0.566, "position_y_coordinate": 0.461}, "left_eye_gaze": {"position_x_coordinate": 0.312, "vector_z_component": 0.704, "vector_x_component": -0.449, "vector_y_component": -0.551, "position_y_coordinate": 0.358}}}, "face_rectangle": {"width": 307, "top": 146, "left": 685, "height": 307}, "face_token": "989bd062784eb6986e788c08ae74761e"}]}