{"image_id": "3fz4CghGbSFJXA7Ia7WwsA==", "request_id": "1551406691,a9045049-0835-4c10-8533-edeb23203609", "time_used": 468, "faces": [{"attributes": {"emotion": {"sadness": 0.001, "neutral": 99.765, "disgust": 0.001, "anger": 0.001, "surprise": 0.003, "fear": 0.001, "happiness": 0.228}, "beauty": {"female_score": 82.188, "male_score": 80.969}, "gender": {"value": "Female"}, "age": {"value": 19}, "mouthstatus": {"close": 100.0, "surgical_mask_or_respirator": 0.0, "open": 0.0, "other_occlusion": 0.0}, "glass": {"value": "None"}, "skinstatus": {"dark_circle": 12.811, "stain": 17.705, "acne": 63.847, "health": 1.433}, "headpose": {"yaw_angle": -16.006865, "pitch_angle": 4.5784154, "roll_angle": -32.0717}, "blur": {"blurness": {"threshold": 50.0, "value": 1.046}, "motionblur": {"threshold": 50.0, "value": 1.046}, "gaussianblur": {"threshold": 50.0, "value": 1.046}}, "smile": {"threshold": 50.0, "value": 0.231}, "eyestatus": {"left_eye_status": {"normal_glass_eye_open": 0.003, "no_glass_eye_close": 0.0, "occlusion": 0.005, "no_glass_eye_open": 99.992, "normal_glass_eye_close": 0.0, "dark_glasses": 0.001}, "right_eye_status": {"normal_glass_eye_open": 0.013, "no_glass_eye_close": 0.0, "occlusion": 0.0, "no_glass_eye_open": 99.987, "normal_glass_eye_close": 0.0, "dark_glasses": 0.0}}, "facequality": {"threshold": 70.1, "value": 47.346}, "ethnicity": {"value": "WHITE"}, "eyegaze": {"right_eye_gaze": {"position_x_coordinate": 0.382, "vector_z_component": 0.934, "vector_x_component": -0.297, "vector_y_component": -0.197, "position_y_coordinate": 0.396}, "left_eye_gaze": {"position_x_coordinate": 0.461, "vector_z_component": 0.947, "vector_x_component": -0.241, "vector_y_component": -0.212, "position_y_coordinate": 0.424}}}, "face_rectangle": {"width": 353, "top": 224, "left": 316, "height": 353}, "face_token": "3414b38029e23722c1be7445880c0b01"}]}