{"image_id": "uPBUuziasSf+Q3QQU8jHwg==", "request_id": "1551406424,6c0f047a-7a0d-4d87-966f-52ca4274ee92", "time_used": 927, "faces": [{"attributes": {"emotion": {"sadness": 1.463, "neutral": 2.929, "disgust": 91.298, "anger": 0.022, "surprise": 0.022, "fear": 0.022, "happiness": 4.245}, "beauty": {"female_score": 65.339, "male_score": 62.358}, "gender": {"value": "Male"}, "age": {"value": 26}, "mouthstatus": {"close": 7.156, "surgical_mask_or_respirator": 0.055, "open": 0.001, "other_occlusion": 92.788}, "glass": {"value": "Normal"}, "skinstatus": {"dark_circle": 50.186, "stain": 13.791, "acne": 30.239, "health": 2.325}, "headpose": {"yaw_angle": 2.1653664, "pitch_angle": 2.3745193, "roll_angle": 6.5742064}, "blur": {"blurness": {"threshold": 50.0, "value": 0.325}, "motionblur": {"threshold": 50.0, "value": 0.325}, "gaussianblur": {"threshold": 50.0, "value": 0.325}}, "smile": {"threshold": 50.0, "value": 79.122}, "eyestatus": {"left_eye_status": {"normal_glass_eye_open": 99.938, "no_glass_eye_close": 0.0, "occlusion": 0.0, "no_glass_eye_open": 0.032, "normal_glass_eye_close": 0.0, "dark_glasses": 0.031}, "right_eye_status": {"normal_glass_eye_open": 99.922, "no_glass_eye_close": 0.0, "occlusion": 0.0, "no_glass_eye_open": 0.015, "normal_glass_eye_close": 0.0, "dark_glasses": 0.064}}, "facequality": {"threshold": 70.1, "value": 93.417}, "ethnicity": {"value": "WHITE"}, "eyegaze": {"right_eye_gaze": {"position_x_coordinate": 0.505, "vector_z_component": 0.981, "vector_x_component": 0.124, "vector_y_component": -0.147, "position_y_coordinate": 0.366}, "left_eye_gaze": {"position_x_coordinate": 0.479, "vector_z_component": 0.957, "vector_x_component": -0.038, "vector_y_component": -0.287, "position_y_coordinate": 0.396}}}, "face_rectangle": {"width": 286, "top": 268, "left": 434, "height": 286}, "face_token": "99cdc84a43e0d9ece591292643695436"}]}