{"image_id": "BI3wmXEMkJZS4mKtbrAx1w==", "request_id": "1551406899,010bf8a3-efd4-4b9c-89bb-60ae9dc3e3c4", "time_used": 2220, "faces": [{"attributes": {"emotion": {"sadness": 0.352, "neutral": 98.519, "disgust": 0.004, "anger": 0.008, "surprise": 0.004, "fear": 0.004, "happiness": 1.11}, "beauty": {"female_score": 60.828, "male_score": 60.877}, "gender": {"value": "Female"}, "age": {"value": 21}, "mouthstatus": {"close": 3.782, "surgical_mask_or_respirator": 0.0, "open": 0.033, "other_occlusion": 96.185}, "glass": {"value": "None"}, "skinstatus": {"dark_circle": 11.985, "stain": 34.195, "acne": 17.699, "health": 1.726}, "headpose": {"yaw_angle": 7.077419, "pitch_angle": 1.6759995, "roll_angle": -12.150965}, "blur": {"blurness": {"threshold": 50.0, "value": 0.378}, "motionblur": {"threshold": 50.0, "value": 0.378}, "gaussianblur": {"threshold": 50.0, "value": 0.378}}, "smile": {"threshold": 50.0, "value": 99.83}, "eyestatus": {"left_eye_status": {"normal_glass_eye_open": 60.301, "no_glass_eye_close": 1.211, "occlusion": 0.569, "no_glass_eye_open": 36.135, "normal_glass_eye_close": 0.071, "dark_glasses": 1.713}, "right_eye_status": {"normal_glass_eye_open": 30.887, "no_glass_eye_close": 1.522, "occlusion": 0.002, "no_glass_eye_open": 67.346, "normal_glass_eye_close": 0.001, "dark_glasses": 0.242}}, "facequality": {"threshold": 70.1, "value": 88.338}, "ethnicity": {"value": "WHITE"}, "eyegaze": {"right_eye_gaze": {"position_x_coordinate": 0.581, "vector_z_component": 0.957, "vector_x_component": 0.266, "vector_y_component": 0.116, "position_y_coordinate": 0.52}, "left_eye_gaze": {"position_x_coordinate": 0.35, "vector_z_component": 0.812, "vector_x_component": 0.464, "vector_y_component": 0.354, "position_y_coordinate": 0.569}}}, "face_rectangle": {"width": 218, "top": 1466, "left": 1318, "height": 218}, "face_token": "b70933943e866554f10a7ac5b62fc25a"}]}