{"image_id": "4j2d8g+sixcZkmjhrWWD/g==", "request_id": "1551407029,2c49e82b-8e3b-4984-8929-cc161b2d2ae7", "time_used": 594, "faces": [{"attributes": {"emotion": {"sadness": 2.807, "neutral": 97.187, "disgust": 0.001, "anger": 0.001, "surprise": 0.001, "fear": 0.001, "happiness": 0.003}, "beauty": {"female_score": 79.111, "male_score": 74.141}, "gender": {"value": "Female"}, "age": {"value": 20}, "mouthstatus": {"close": 99.942, "surgical_mask_or_respirator": 0.0, "open": 0.046, "other_occlusion": 0.012}, "glass": {"value": "None"}, "skinstatus": {"dark_circle": 6.822, "stain": 59.234, "acne": 25.462, "health": 7.386}, "headpose": {"yaw_angle": -22.8449, "pitch_angle": 6.588796, "roll_angle": 15.143919}, "blur": {"blurness": {"threshold": 50.0, "value": 2.925}, "motionblur": {"threshold": 50.0, "value": 2.925}, "gaussianblur": {"threshold": 50.0, "value": 2.925}}, "smile": {"threshold": 50.0, "value": 0.012}, "eyestatus": {"left_eye_status": {"normal_glass_eye_open": 0.068, "no_glass_eye_close": 0.0, "occlusion": 0.0, "no_glass_eye_open": 99.929, "normal_glass_eye_close": 0.0, "dark_glasses": 0.002}, "right_eye_status": {"normal_glass_eye_open": 0.008, "no_glass_eye_close": 0.0, "occlusion": 0.0, "no_glass_eye_open": 99.992, "normal_glass_eye_close": 0.0, "dark_glasses": 0.0}}, "facequality": {"threshold": 70.1, "value": 4.984}, "ethnicity": {"value": "WHITE"}, "eyegaze": {"right_eye_gaze": {"position_x_coordinate": 0.428, "vector_z_component": 0.971, "vector_x_component": -0.237, "vector_y_component": 0.001, "position_y_coordinate": 0.401}, "left_eye_gaze": {"position_x_coordinate": 0.463, "vector_z_component": 0.992, "vector_x_component": -0.047, "vector_y_component": -0.116, "position_y_coordinate": 0.402}}}, "face_rectangle": {"width": 386, "top": 378, "left": 304, "height": 386}, "face_token": "58f4230244ca4ad0f4c8c542a2ee2531"}]}