{"image_id": "CjNRBjddbbN0CCe6Cwb8sA==", "request_id": "1551406789,a6926846-f172-4990-9bb4-3ec40c8b8471", "time_used": 1524, "faces": [{"attributes": {"emotion": {"sadness": 4.81, "neutral": 85.871, "disgust": 0.082, "anger": 0.06, "surprise": 5.484, "fear": 0.413, "happiness": 3.281}, "beauty": {"female_score": 62.65, "male_score": 63.87}, "gender": {"value": "Female"}, "age": {"value": 26}, "mouthstatus": {"close": 100.0, "surgical_mask_or_respirator": 0.0, "open": 0.0, "other_occlusion": 0.0}, "glass": {"value": "None"}, "skinstatus": {"dark_circle": 3.024, "stain": 99.219, "acne": 99.039, "health": 0.623}, "headpose": {"yaw_angle": 9.944919, "pitch_angle": 5.1077766, "roll_angle": 8.688813}, "blur": {"blurness": {"threshold": 50.0, "value": 1.123}, "motionblur": {"threshold": 50.0, "value": 1.123}, "gaussianblur": {"threshold": 50.0, "value": 1.123}}, "smile": {"threshold": 50.0, "value": 3.35}, "eyestatus": {"left_eye_status": {"normal_glass_eye_open": 0.008, "no_glass_eye_close": 0.0, "occlusion": 0.0, "no_glass_eye_open": 99.992, "normal_glass_eye_close": 0.0, "dark_glasses": 0.0}, "right_eye_status": {"normal_glass_eye_open": 0.043, "no_glass_eye_close": 0.0, "occlusion": 0.0, "no_glass_eye_open": 99.957, "normal_glass_eye_close": 0.0, "dark_glasses": 0.0}}, "facequality": {"threshold": 70.1, "value": 79.545}, "ethnicity": {"value": "WHITE"}, "eyegaze": {"right_eye_gaze": {"position_x_coordinate": 0.51, "vector_z_component": 0.996, "vector_x_component": 0.035, "vector_y_component": 0.077, "position_y_coordinate": 0.448}, "left_eye_gaze": {"position_x_coordinate": 0.525, "vector_z_component": 0.993, "vector_x_component": 0.116, "vector_y_component": 0.03, "position_y_coordinate": 0.43}}}, "face_rectangle": {"width": 607, "top": 333, "left": 356, "height": 607}, "face_token": "2b0ee8d98ae16e5fa6e04aa94dcd1fae"}]}