{"image_id": "r7drGU79Jg4Sq4fLzpWEAw==", "request_id": "1551406966,05a32d8e-3709-403c-ba49-bd350427eec6", "time_used": 625, "faces": [{"attributes": {"emotion": {"sadness": 1.144, "neutral": 6.834, "disgust": 0.832, "anger": 0.066, "surprise": 0.473, "fear": 0.114, "happiness": 90.537}, "beauty": {"female_score": 50.443, "male_score": 50.016}, "gender": {"value": "Female"}, "age": {"value": 45}, "mouthstatus": {"close": 55.514, "surgical_mask_or_respirator": 0.0, "open": 0.22, "other_occlusion": 44.266}, "glass": {"value": "None"}, "skinstatus": {"dark_circle": 96.1, "stain": 76.999, "acne": 46.832, "health": 1.868}, "headpose": {"yaw_angle": 21.361898, "pitch_angle": 9.876251, "roll_angle": -22.38196}, "blur": {"blurness": {"threshold": 50.0, "value": 0.361}, "motionblur": {"threshold": 50.0, "value": 0.361}, "gaussianblur": {"threshold": 50.0, "value": 0.361}}, "smile": {"threshold": 50.0, "value": 3.976}, "eyestatus": {"left_eye_status": {"normal_glass_eye_open": 0.0, "no_glass_eye_close": 0.0, "occlusion": 0.0, "no_glass_eye_open": 99.999, "normal_glass_eye_close": 0.0, "dark_glasses": 0.0}, "right_eye_status": {"normal_glass_eye_open": 0.001, "no_glass_eye_close": 0.0, "occlusion": 0.0, "no_glass_eye_open": 99.994, "normal_glass_eye_close": 0.0, "dark_glasses": 0.004}}, "facequality": {"threshold": 70.1, "value": 9.315}, "ethnicity": {"value": "WHITE"}, "eyegaze": {"right_eye_gaze": {"position_x_coordinate": 0.488, "vector_z_component": 0.994, "vector_x_component": -0.099, "vector_y_component": -0.037, "position_y_coordinate": 0.423}, "left_eye_gaze": {"position_x_coordinate": 0.546, "vector_z_component": 0.934, "vector_x_component": 0.339, "vector_y_component": -0.116, "position_y_coordinate": 0.42}}}, "face_rectangle": {"width": 402, "top": 237, "left": 258, "height": 402}, "face_token": "590948887c45068424dd9c3334966f8d"}, {"attributes": {"emotion": {"sadness": 0.768, "neutral": 0.004, "disgust": 86.632, "anger": 0.014, "surprise": 0.004, "fear": 0.004, "happiness": 12.573}, "beauty": {"female_score": 72.744, "male_score": 69.567}, "gender": {"value": "Female"}, "age": {"value": 27}, "mouthstatus": {"close": 0.07, "surgical_mask_or_respirator": 0.0, "open": 0.067, "other_occlusion": 99.863}, "glass": {"value": "None"}, "skinstatus": {"dark_circle": 10.165, "stain": 6.235, "acne": 7.388, "health": 60.9}, "headpose": {"yaw_angle": -25.644053, "pitch_angle": 17.370575, "roll_angle": 32.329548}, "blur": {"blurness": {"threshold": 50.0, "value": 68.794}, "motionblur": {"threshold": 50.0, "value": 68.794}, "gaussianblur": {"threshold": 50.0, "value": 68.794}}, "smile": {"threshold": 50.0, "value": 79.789}, "eyestatus": {"left_eye_status": {"normal_glass_eye_open": 0.062, "no_glass_eye_close": 0.002, "occlusion": 99.906, "no_glass_eye_open": 0.009, "normal_glass_eye_close": 0.018, "dark_glasses": 0.003}, "right_eye_status": {"normal_glass_eye_open": 19.964, "no_glass_eye_close": 0.0, "occlusion": 70.091, "no_glass_eye_open": 0.479, "normal_glass_eye_close": 0.0, "dark_glasses": 9.466}}, "facequality": {"threshold": 70.1, "value": 0.006}, "ethnicity": {"value": "WHITE"}, "eyegaze": {"right_eye_gaze": {"position_x_coordinate": 0.58, "vector_z_component": 0.882, "vector_x_component": -0.181, "vector_y_component": -0.435, "position_y_coordinate": 0.3}, "left_eye_gaze": {"position_x_coordinate": 0.336, "vector_z_component": 0.646, "vector_x_component": -0.472, "vector_y_component": 0.6, "position_y_coordinate": 0.636}}}, "face_rectangle": {"width": 211, "top": 1118, "left": 456, "height": 211}, "face_token": "dfd62fdafe6769053ec5accc8f2e88c9"}]}