{"image_id": "Xd6wdSum4IvXwDBWebsGsA==", "request_id": "1551406916,4c2fb5e1-2de4-42df-9760-14a0a33e32b1", "time_used": 2671, "faces": [{"attributes": {"emotion": {"sadness": 0.0, "neutral": 0.0, "disgust": 0.001, "anger": 0.0, "surprise": 0.0, "fear": 0.0, "happiness": 99.999}, "beauty": {"female_score": 67.241, "male_score": 64.251}, "gender": {"value": "Male"}, "age": {"value": 21}, "mouthstatus": {"close": 0.001, "surgical_mask_or_respirator": 0.0, "open": 99.999, "other_occlusion": 0.0}, "glass": {"value": "None"}, "skinstatus": {"dark_circle": 2.421, "stain": 7.194, "acne": 6.121, "health": 9.992}, "headpose": {"yaw_angle": -1.2179542, "pitch_angle": 3.8284347, "roll_angle": -5.878175}, "blur": {"blurness": {"threshold": 50.0, "value": 0.06}, "motionblur": {"threshold": 50.0, "value": 0.06}, "gaussianblur": {"threshold": 50.0, "value": 0.06}}, "smile": {"threshold": 50.0, "value": 100.0}, "eyestatus": {"left_eye_status": {"normal_glass_eye_open": 0.0, "no_glass_eye_close": 0.0, "occlusion": 0.0, "no_glass_eye_open": 100.0, "normal_glass_eye_close": 0.0, "dark_glasses": 0.0}, "right_eye_status": {"normal_glass_eye_open": 0.0, "no_glass_eye_close": 0.0, "occlusion": 0.0, "no_glass_eye_open": 100.0, "normal_glass_eye_close": 0.0, "dark_glasses": 0.0}}, "facequality": {"threshold": 70.1, "value": 93.712}, "ethnicity": {"value": "WHITE"}, "eyegaze": {"right_eye_gaze": {"position_x_coordinate": 0.52, "vector_z_component": 0.972, "vector_x_component": 0.022, "vector_y_component": 0.234, "position_y_coordinate": 0.453}, "left_eye_gaze": {"position_x_coordinate": 0.531, "vector_z_component": 0.97, "vector_x_component": -0.02, "vector_y_component": 0.241, "position_y_coordinate": 0.482}}}, "face_rectangle": {"width": 570, "top": 1253, "left": 1109, "height": 570}, "face_token": "11a73c650852009200dc2177c4ef5929"}]}