{"image_id": "QEM47qyVNmqgLoT2Nb/gSQ==", "request_id": "1551406724,d5d88825-d2ea-49cf-bd5a-ce396616ad81", "time_used": 2908, "faces": [{"attributes": {"emotion": {"sadness": 0.0, "neutral": 0.0, "disgust": 0.002, "anger": 0.0, "surprise": 0.001, "fear": 0.001, "happiness": 99.996}, "beauty": {"female_score": 60.538, "male_score": 57.478}, "gender": {"value": "Female"}, "age": {"value": 22}, "mouthstatus": {"close": 13.918, "surgical_mask_or_respirator": 0.321, "open": 81.843, "other_occlusion": 3.919}, "glass": {"value": "None"}, "skinstatus": {"dark_circle": 5.822, "stain": 0.799, "acne": 2.652, "health": 1.369}, "headpose": {"yaw_angle": -2.0028837, "pitch_angle": 0.67914784, "roll_angle": -7.301598}, "blur": {"blurness": {"threshold": 50.0, "value": 2.449}, "motionblur": {"threshold": 50.0, "value": 2.449}, "gaussianblur": {"threshold": 50.0, "value": 2.449}}, "smile": {"threshold": 50.0, "value": 99.95}, "eyestatus": {"left_eye_status": {"normal_glass_eye_open": 0.004, "no_glass_eye_close": 0.0, "occlusion": 0.001, "no_glass_eye_open": 99.765, "normal_glass_eye_close": 0.0, "dark_glasses": 0.23}, "right_eye_status": {"normal_glass_eye_open": 0.002, "no_glass_eye_close": 0.0, "occlusion": 0.001, "no_glass_eye_open": 99.943, "normal_glass_eye_close": 0.0, "dark_glasses": 0.055}}, "facequality": {"threshold": 70.1, "value": 93.306}, "ethnicity": {"value": "BLACK"}, "eyegaze": {"right_eye_gaze": {"position_x_coordinate": 0.512, "vector_z_component": 0.993, "vector_x_component": 0.107, "vector_y_component": 0.04, "position_y_coordinate": 0.476}, "left_eye_gaze": {"position_x_coordinate": 0.495, "vector_z_component": 0.992, "vector_x_component": 0.097, "vector_y_component": -0.075, "position_y_coordinate": 0.429}}}, "face_rectangle": {"width": 453, "top": 375, "left": 1293, "height": 453}, "face_token": "e3f681846dc9d507be1e6883a6e7b519"}]}