{"image_id": "NNuyF6tRqAeXlp8UmUiXxw==", "request_id": "1551406519,c397e090-6636-49e8-8cf2-2df570ab41ec", "time_used": 2012, "faces": [{"attributes": {"emotion": {"sadness": 0.0, "neutral": 99.94, "disgust": 0.0, "anger": 0.016, "surprise": 0.001, "fear": 0.0, "happiness": 0.042}, "beauty": {"female_score": 60.925, "male_score": 62.837}, "gender": {"value": "Male"}, "age": {"value": 25}, "mouthstatus": {"close": 100.0, "surgical_mask_or_respirator": 0.0, "open": 0.0, "other_occlusion": 0.0}, "glass": {"value": "Dark"}, "skinstatus": {"dark_circle": 2.052, "stain": 29.783, "acne": 27.2, "health": 6.691}, "headpose": {"yaw_angle": -8.548669, "pitch_angle": 5.2655067, "roll_angle": 0.8228515}, "blur": {"blurness": {"threshold": 50.0, "value": 0.393}, "motionblur": {"threshold": 50.0, "value": 0.393}, "gaussianblur": {"threshold": 50.0, "value": 0.393}}, "smile": {"threshold": 50.0, "value": 4.698}, "eyestatus": {"left_eye_status": {"normal_glass_eye_open": 25.138, "no_glass_eye_close": 0.01, "occlusion": 5.021, "no_glass_eye_open": 0.209, "normal_glass_eye_close": 69.176, "dark_glasses": 0.446}, "right_eye_status": {"normal_glass_eye_open": 15.302, "no_glass_eye_close": 0.0, "occlusion": 0.001, "no_glass_eye_open": 0.007, "normal_glass_eye_close": 0.002, "dark_glasses": 84.688}}, "facequality": {"threshold": 70.1, "value": 83.757}, "ethnicity": {"value": "WHITE"}, "eyegaze": {"right_eye_gaze": {"position_x_coordinate": 0.321, "vector_z_component": 0.468, "vector_x_component": -0.571, "vector_y_component": -0.674, "position_y_coordinate": 0.045}, "left_eye_gaze": {"position_x_coordinate": 0.423, "vector_z_component": 0.944, "vector_x_component": -0.012, "vector_y_component": 0.329, "position_y_coordinate": 0.514}}}, "face_rectangle": {"width": 1103, "top": 710, "left": 343, "height": 1103}, "face_token": "5b266d6826631170eca6998b56fda958"}]}