{"image_id": "+Vm8dgIzNQ4NnzKByforTQ==", "request_id": "1551407037,7182a425-3ebe-47cf-b66f-497eff2271ad", "time_used": 2451, "faces": [{"attributes": {"emotion": {"sadness": 0.0, "neutral": 99.991, "disgust": 0.0, "anger": 0.0, "surprise": 0.0, "fear": 0.0, "happiness": 0.009}, "beauty": {"female_score": 71.81, "male_score": 68.871}, "gender": {"value": "Male"}, "age": {"value": 18}, "mouthstatus": {"close": 99.983, "surgical_mask_or_respirator": 0.001, "open": 0.017, "other_occlusion": 0.0}, "glass": {"value": "None"}, "skinstatus": {"dark_circle": 2.983, "stain": 18.033, "acne": 3.184, "health": 2.041}, "headpose": {"yaw_angle": 9.244871, "pitch_angle": -1.9437455, "roll_angle": -6.4182673}, "blur": {"blurness": {"threshold": 50.0, "value": 0.363}, "motionblur": {"threshold": 50.0, "value": 0.363}, "gaussianblur": {"threshold": 50.0, "value": 0.363}}, "smile": {"threshold": 50.0, "value": 0.004}, "eyestatus": {"left_eye_status": {"normal_glass_eye_open": 0.769, "no_glass_eye_close": 0.0, "occlusion": 0.021, "no_glass_eye_open": 99.207, "normal_glass_eye_close": 0.0, "dark_glasses": 0.004}, "right_eye_status": {"normal_glass_eye_open": 0.002, "no_glass_eye_close": 0.0, "occlusion": 0.0, "no_glass_eye_open": 99.998, "normal_glass_eye_close": 0.0, "dark_glasses": 0.0}}, "facequality": {"threshold": 70.1, "value": 83.723}, "ethnicity": {"value": "WHITE"}, "eyegaze": {"right_eye_gaze": {"position_x_coordinate": 0.505, "vector_z_component": 0.992, "vector_x_component": 0.041, "vector_y_component": -0.118, "position_y_coordinate": 0.439}, "left_eye_gaze": {"position_x_coordinate": 0.481, "vector_z_component": 0.986, "vector_x_component": -0.014, "vector_y_component": -0.166, "position_y_coordinate": 0.4}}}, "face_rectangle": {"width": 607, "top": 550, "left": 1169, "height": 607}, "face_token": "5e4601d62c482abb721c0a87411554a1"}]}