{"image_id": "Fuf8O0preBzZ/NS61IniSQ==", "request_id": "1551406866,da179acb-97ef-47a0-9c88-e4d263485542", "time_used": 1681, "faces": [{"attributes": {"emotion": {"sadness": 0.003, "neutral": 0.175, "disgust": 0.686, "anger": 0.0, "surprise": 0.0, "fear": 0.0, "happiness": 99.136}, "beauty": {"female_score": 79.279, "male_score": 75.759}, "gender": {"value": "Male"}, "age": {"value": 39}, "mouthstatus": {"close": 92.149, "surgical_mask_or_respirator": 0.0, "open": 0.0, "other_occlusion": 7.851}, "glass": {"value": "None"}, "skinstatus": {"dark_circle": 5.217, "stain": 3.442, "acne": 0.636, "health": 59.312}, "headpose": {"yaw_angle": 9.41922, "pitch_angle": 4.62097, "roll_angle": -10.03342}, "blur": {"blurness": {"threshold": 50.0, "value": 0.423}, "motionblur": {"threshold": 50.0, "value": 0.423}, "gaussianblur": {"threshold": 50.0, "value": 0.423}}, "smile": {"threshold": 50.0, "value": 99.969}, "eyestatus": {"left_eye_status": {"normal_glass_eye_open": 0.005, "no_glass_eye_close": 48.079, "occlusion": 1.256, "no_glass_eye_open": 50.603, "normal_glass_eye_close": 0.043, "dark_glasses": 0.015}, "right_eye_status": {"normal_glass_eye_open": 16.523, "no_glass_eye_close": 0.007, "occlusion": 0.251, "no_glass_eye_open": 82.744, "normal_glass_eye_close": 0.006, "dark_glasses": 0.468}}, "facequality": {"threshold": 70.1, "value": 81.851}, "ethnicity": {"value": "WHITE"}, "eyegaze": {"right_eye_gaze": {"position_x_coordinate": 0.581, "vector_z_component": 0.95, "vector_x_component": 0.266, "vector_y_component": 0.162, "position_y_coordinate": 0.433}, "left_eye_gaze": {"position_x_coordinate": 0.591, "vector_z_component": 0.697, "vector_x_component": 0.222, "vector_y_component": -0.681, "position_y_coordinate": 0.341}}}, "face_rectangle": {"width": 244, "top": 363, "left": 1308, "height": 244}, "face_token": "58c85849e12917f1a7e3f55ff47365ac"}]}