{"image_id": "Ln8OF6JtYN+TJZp3jvf5kQ==", "request_id": "1551406996,0e794d98-6613-4c47-b8ee-00bc7e327d5b", "time_used": 601, "faces": [{"attributes": {"emotion": {"sadness": 0.0, "neutral": 0.0, "disgust": 0.0, "anger": 0.0, "surprise": 0.0, "fear": 0.0, "happiness": 99.999}, "beauty": {"female_score": 49.755, "male_score": 50.487}, "gender": {"value": "Male"}, "age": {"value": 26}, "mouthstatus": {"close": 98.996, "surgical_mask_or_respirator": 0.0, "open": 0.057, "other_occlusion": 0.947}, "glass": {"value": "Normal"}, "skinstatus": {"dark_circle": 6.565, "stain": 43.968, "acne": 43.513, "health": 1.579}, "headpose": {"yaw_angle": 5.996796, "pitch_angle": -2.7044928, "roll_angle": -22.093822}, "blur": {"blurness": {"threshold": 50.0, "value": 0.365}, "motionblur": {"threshold": 50.0, "value": 0.365}, "gaussianblur": {"threshold": 50.0, "value": 0.365}}, "smile": {"threshold": 50.0, "value": 100.0}, "eyestatus": {"left_eye_status": {"normal_glass_eye_open": 93.484, "no_glass_eye_close": 0.055, "occlusion": 0.073, "no_glass_eye_open": 2.617, "normal_glass_eye_close": 3.463, "dark_glasses": 0.308}, "right_eye_status": {"normal_glass_eye_open": 40.1, "no_glass_eye_close": 0.295, "occlusion": 3.127, "no_glass_eye_open": 2.139, "normal_glass_eye_close": 11.881, "dark_glasses": 42.457}}, "facequality": {"threshold": 70.1, "value": 89.638}, "ethnicity": {"value": "WHITE"}, "eyegaze": {"right_eye_gaze": {"position_x_coordinate": 0.215, "vector_z_component": 0.582, "vector_x_component": -0.704, "vector_y_component": 0.407, "position_y_coordinate": 0.624}, "left_eye_gaze": {"position_x_coordinate": 0.762, "vector_z_component": 0.659, "vector_x_component": 0.657, "vector_y_component": 0.367, "position_y_coordinate": 0.574}}}, "face_rectangle": {"width": 203, "top": 230, "left": 414, "height": 203}, "face_token": "146833e294d4ab2a8a6b0e020a44a157"}]}