{"image_id": "eOqBV76Nv+6F8gdpCSAi4g==", "request_id": "1551406414,de7cb7dc-aaf3-4bb0-b8b1-e76f47fecc35", "time_used": 960, "faces": [{"attributes": {"emotion": {"sadness": 3.299, "neutral": 31.603, "disgust": 6.587, "anger": 0.39, "surprise": 16.327, "fear": 0.39, "happiness": 41.405}, "beauty": {"female_score": 63.292, "male_score": 61.029}, "gender": {"value": "Male"}, "age": {"value": 40}, "mouthstatus": {"close": 31.597, "surgical_mask_or_respirator": 0.0, "open": 0.093, "other_occlusion": 68.31}, "glass": {"value": "Normal"}, "skinstatus": {"dark_circle": 5.765, "stain": 18.329, "acne": 20.106, "health": 1.224}, "headpose": {"yaw_angle": 6.3386583, "pitch_angle": 5.9701996, "roll_angle": 8.222106}, "blur": {"blurness": {"threshold": 50.0, "value": 0.597}, "motionblur": {"threshold": 50.0, "value": 0.597}, "gaussianblur": {"threshold": 50.0, "value": 0.597}}, "smile": {"threshold": 50.0, "value": 99.471}, "eyestatus": {"left_eye_status": {"normal_glass_eye_open": 99.862, "no_glass_eye_close": 0.0, "occlusion": 0.0, "no_glass_eye_open": 0.135, "normal_glass_eye_close": 0.001, "dark_glasses": 0.002}, "right_eye_status": {"normal_glass_eye_open": 99.744, "no_glass_eye_close": 0.0, "occlusion": 0.005, "no_glass_eye_open": 0.161, "normal_glass_eye_close": 0.024, "dark_glasses": 0.066}}, "facequality": {"threshold": 70.1, "value": 87.669}, "ethnicity": {"value": "WHITE"}, "eyegaze": {"right_eye_gaze": {"position_x_coordinate": 0.565, "vector_z_component": 0.862, "vector_x_component": 0.506, "vector_y_component": 0.027, "position_y_coordinate": 0.451}, "left_eye_gaze": {"position_x_coordinate": 0.48, "vector_z_component": 0.987, "vector_x_component": -0.039, "vector_y_component": 0.154, "position_y_coordinate": 0.42}}}, "face_rectangle": {"width": 316, "top": 224, "left": 680, "height": 316}, "face_token": "b87a7b9d84d6e2a9e7fab17ffd4ae8f8"}]}