{"image_id": "870T0WbJEx2L9pLKlaGmkw==", "request_id": "1551406882,fad5e511-9c2f-4238-8afe-7d4267eb2db2", "time_used": 1858, "faces": [{"attributes": {"emotion": {"sadness": 0.779, "neutral": 3.477, "disgust": 0.785, "anger": 0.044, "surprise": 1.066, "fear": 0.044, "happiness": 93.805}, "beauty": {"female_score": 76.487, "male_score": 70.884}, "gender": {"value": "Female"}, "age": {"value": 23}, "mouthstatus": {"close": 99.998, "surgical_mask_or_respirator": 0.0, "open": 0.001, "other_occlusion": 0.001}, "glass": {"value": "None"}, "skinstatus": {"dark_circle": 18.391, "stain": 8.105, "acne": 74.865, "health": 5.782}, "headpose": {"yaw_angle": -18.704811, "pitch_angle": 7.4704013, "roll_angle": -1.4587781}, "blur": {"blurness": {"threshold": 50.0, "value": 0.975}, "motionblur": {"threshold": 50.0, "value": 0.975}, "gaussianblur": {"threshold": 50.0, "value": 0.975}}, "smile": {"threshold": 50.0, "value": 24.909}, "eyestatus": {"left_eye_status": {"normal_glass_eye_open": 0.003, "no_glass_eye_close": 0.0, "occlusion": 0.001, "no_glass_eye_open": 99.847, "normal_glass_eye_close": 0.0, "dark_glasses": 0.148}, "right_eye_status": {"normal_glass_eye_open": 0.002, "no_glass_eye_close": 0.0, "occlusion": 0.0, "no_glass_eye_open": 99.998, "normal_glass_eye_close": 0.0, "dark_glasses": 0.0}}, "facequality": {"threshold": 70.1, "value": 24.795}, "ethnicity": {"value": "WHITE"}, "eyegaze": {"right_eye_gaze": {"position_x_coordinate": 0.399, "vector_z_component": 0.927, "vector_x_component": -0.365, "vector_y_component": 0.086, "position_y_coordinate": 0.437}, "left_eye_gaze": {"position_x_coordinate": 0.455, "vector_z_component": 0.992, "vector_x_component": -0.128, "vector_y_component": -0.01, "position_y_coordinate": 0.422}}}, "face_rectangle": {"width": 795, "top": 572, "left": 434, "height": 795}, "face_token": "fe29046415ed034d4e01585e948c6b07"}]}