{"image_id": "KLF710Zbjpca3LT0CM4p4Q==", "request_id": "1551406761,4674c14f-da2e-4cde-9cfa-5719fd07d827", "time_used": 2473, "faces": [{"attributes": {"emotion": {"sadness": 0.0, "neutral": 0.0, "disgust": 0.002, "anger": 0.0, "surprise": 0.0, "fear": 0.0, "happiness": 99.998}, "beauty": {"female_score": 52.043, "male_score": 43.723}, "gender": {"value": "Female"}, "age": {"value": 29}, "mouthstatus": {"close": 0.027, "surgical_mask_or_respirator": 0.0, "open": 99.972, "other_occlusion": 0.001}, "glass": {"value": "None"}, "skinstatus": {"dark_circle": 8.081, "stain": 68.448, "acne": 14.784, "health": 2.694}, "headpose": {"yaw_angle": 13.621438, "pitch_angle": 7.9341364, "roll_angle": 6.5216537}, "blur": {"blurness": {"threshold": 50.0, "value": 1.064}, "motionblur": {"threshold": 50.0, "value": 1.064}, "gaussianblur": {"threshold": 50.0, "value": 1.064}}, "smile": {"threshold": 50.0, "value": 100.0}, "eyestatus": {"left_eye_status": {"normal_glass_eye_open": 0.001, "no_glass_eye_close": 0.0, "occlusion": 0.0, "no_glass_eye_open": 99.999, "normal_glass_eye_close": 0.0, "dark_glasses": 0.0}, "right_eye_status": {"normal_glass_eye_open": 0.001, "no_glass_eye_close": 0.0, "occlusion": 1.044, "no_glass_eye_open": 98.356, "normal_glass_eye_close": 0.0, "dark_glasses": 0.599}}, "facequality": {"threshold": 70.1, "value": 60.105}, "ethnicity": {"value": "WHITE"}, "eyegaze": {"right_eye_gaze": {"position_x_coordinate": 0.523, "vector_z_component": 0.989, "vector_x_component": 0.088, "vector_y_component": 0.116, "position_y_coordinate": 0.465}, "left_eye_gaze": {"position_x_coordinate": 0.481, "vector_z_component": 0.988, "vector_x_component": 0.053, "vector_y_component": 0.146, "position_y_coordinate": 0.455}}}, "face_rectangle": {"width": 608, "top": 765, "left": 1386, "height": 608}, "face_token": "1568549889488af54edef2d50dbb5132"}]}