{"image_id": "HKZjSZN7YWlHKeEbptz0jg==", "request_id": "1551406972,a3484ab7-d04d-4b79-91ef-3a13cff2834b", "time_used": 924, "faces": [{"attributes": {"emotion": {"sadness": 0.031, "neutral": 2.045, "disgust": 0.01, "anger": 0.008, "surprise": 0.01, "fear": 0.008, "happiness": 97.888}, "beauty": {"female_score": 82.242, "male_score": 81.5}, "gender": {"value": "Female"}, "age": {"value": 20}, "mouthstatus": {"close": 100.0, "surgical_mask_or_respirator": 0.0, "open": 0.0, "other_occlusion": 0.0}, "glass": {"value": "None"}, "skinstatus": {"dark_circle": 5.599, "stain": 4.987, "acne": 15.834, "health": 50.953}, "headpose": {"yaw_angle": -20.011627, "pitch_angle": 8.018075, "roll_angle": 17.39692}, "blur": {"blurness": {"threshold": 50.0, "value": 0.469}, "motionblur": {"threshold": 50.0, "value": 0.469}, "gaussianblur": {"threshold": 50.0, "value": 0.469}}, "smile": {"threshold": 50.0, "value": 99.284}, "eyestatus": {"left_eye_status": {"normal_glass_eye_open": 0.022, "no_glass_eye_close": 0.0, "occlusion": 0.0, "no_glass_eye_open": 99.978, "normal_glass_eye_close": 0.0, "dark_glasses": 0.0}, "right_eye_status": {"normal_glass_eye_open": 0.0, "no_glass_eye_close": 0.0, "occlusion": 0.0, "no_glass_eye_open": 100.0, "normal_glass_eye_close": 0.0, "dark_glasses": 0.0}}, "facequality": {"threshold": 70.1, "value": 16.509}, "ethnicity": {"value": "WHITE"}, "eyegaze": {"right_eye_gaze": {"position_x_coordinate": 0.431, "vector_z_component": 0.95, "vector_x_component": -0.311, "vector_y_component": -0.019, "position_y_coordinate": 0.431}, "left_eye_gaze": {"position_x_coordinate": 0.469, "vector_z_component": 0.995, "vector_x_component": -0.081, "vector_y_component": -0.052, "position_y_coordinate": 0.384}}}, "face_rectangle": {"width": 729, "top": -10, "left": 950, "height": 729}, "face_token": "1b82b4aa29baf7c95c8450fb69a32f09"}]}