{"image_id": "PG0nF1WMucG5HHIBtdgdgg==", "request_id": "1551406685,a3041f0d-3ae3-4102-8e35-8d070d5b0c30", "time_used": 2256, "faces": [{"attributes": {"emotion": {"sadness": 0.247, "neutral": 0.003, "disgust": 0.021, "anger": 0.003, "surprise": 0.003, "fear": 0.007, "happiness": 99.717}, "beauty": {"female_score": 81.135, "male_score": 77.187}, "gender": {"value": "Female"}, "age": {"value": 21}, "mouthstatus": {"close": 0.0, "surgical_mask_or_respirator": 0.0, "open": 100.0, "other_occlusion": 0.0}, "glass": {"value": "None"}, "skinstatus": {"dark_circle": 1.956, "stain": 90.853, "acne": 38.457, "health": 3.603}, "headpose": {"yaw_angle": 4.0789104, "pitch_angle": 5.19246, "roll_angle": -9.400855}, "blur": {"blurness": {"threshold": 50.0, "value": 0.361}, "motionblur": {"threshold": 50.0, "value": 0.361}, "gaussianblur": {"threshold": 50.0, "value": 0.361}}, "smile": {"threshold": 50.0, "value": 100.0}, "eyestatus": {"left_eye_status": {"normal_glass_eye_open": 0.037, "no_glass_eye_close": 0.0, "occlusion": 0.001, "no_glass_eye_open": 99.961, "normal_glass_eye_close": 0.0, "dark_glasses": 0.001}, "right_eye_status": {"normal_glass_eye_open": 0.154, "no_glass_eye_close": 0.0, "occlusion": 0.299, "no_glass_eye_open": 99.421, "normal_glass_eye_close": 0.0, "dark_glasses": 0.125}}, "facequality": {"threshold": 70.1, "value": 91.026}, "ethnicity": {"value": "WHITE"}, "eyegaze": {"right_eye_gaze": {"position_x_coordinate": 0.497, "vector_z_component": 0.988, "vector_x_component": 0.003, "vector_y_component": 0.153, "position_y_coordinate": 0.457}, "left_eye_gaze": {"position_x_coordinate": 0.485, "vector_z_component": 0.994, "vector_x_component": 0.04, "vector_y_component": 0.106, "position_y_coordinate": 0.431}}}, "face_rectangle": {"width": 680, "top": 950, "left": 449, "height": 680}, "face_token": "4a00c026e431e5c08b1728027bb2d33b"}]}