{"image_id": "93hCCaABFIUCpQfraFVkOw==", "request_id": "1551406408,9ffe404d-17c6-41bb-967c-13b1323afd6e", "time_used": 433, "faces": [{"attributes": {"emotion": {"sadness": 5.26, "neutral": 94.111, "disgust": 0.02, "anger": 0.009, "surprise": 0.092, "fear": 0.017, "happiness": 0.492}, "beauty": {"female_score": 71.135, "male_score": 67.143}, "gender": {"value": "Male"}, "age": {"value": 23}, "mouthstatus": {"close": 0.014, "surgical_mask_or_respirator": 0.0, "open": 0.0, "other_occlusion": 99.986}, "glass": {"value": "None"}, "skinstatus": {"dark_circle": 7.198, "stain": 0.549, "acne": 0.999, "health": 62.762}, "headpose": {"yaw_angle": -4.809354, "pitch_angle": -11.228477, "roll_angle": 0.9840558}, "blur": {"blurness": {"threshold": 50.0, "value": 0.362}, "motionblur": {"threshold": 50.0, "value": 0.362}, "gaussianblur": {"threshold": 50.0, "value": 0.362}}, "smile": {"threshold": 50.0, "value": 0.388}, "eyestatus": {"left_eye_status": {"normal_glass_eye_open": 0.002, "no_glass_eye_close": 0.0, "occlusion": 0.0, "no_glass_eye_open": 99.998, "normal_glass_eye_close": 0.0, "dark_glasses": 0.0}, "right_eye_status": {"normal_glass_eye_open": 0.328, "no_glass_eye_close": 0.0, "occlusion": 0.041, "no_glass_eye_open": 99.616, "normal_glass_eye_close": 0.004, "dark_glasses": 0.011}}, "facequality": {"threshold": 70.1, "value": 86.523}, "ethnicity": {"value": "INDIA"}, "eyegaze": {"right_eye_gaze": {"position_x_coordinate": 0.45, "vector_z_component": 0.946, "vector_x_component": -0.03, "vector_y_component": 0.322, "position_y_coordinate": 0.482}, "left_eye_gaze": {"position_x_coordinate": 0.47, "vector_z_component": 0.956, "vector_x_component": -0.054, "vector_y_component": 0.288, "position_y_coordinate": 0.493}}}, "face_rectangle": {"width": 197, "top": 307, "left": 565, "height": 197}, "face_token": "b1a65db62abd75c96d15867f63568cbf"}, {"attributes": {"emotion": {"sadness": 11.729, "neutral": 22.797, "disgust": 1.292, "anger": 0.112, "surprise": 58.79, "fear": 5.167, "happiness": 0.112}, "beauty": {"female_score": 59.085, "male_score": 51.605}, "gender": {"value": "Female"}, "age": {"value": 23}, "mouthstatus": {"close": 99.999, "surgical_mask_or_respirator": 0.0, "open": 0.001, "other_occlusion": 0.0}, "glass": {"value": "None"}, "skinstatus": {"dark_circle": 4.46, "stain": 1.139, "acne": 1.066, "health": 32.721}, "headpose": {"yaw_angle": -18.584906, "pitch_angle": -17.510944, "roll_angle": 14.242086}, "blur": {"blurness": {"threshold": 50.0, "value": 12.815}, "motionblur": {"threshold": 50.0, "value": 12.815}, "gaussianblur": {"threshold": 50.0, "value": 12.815}}, "smile": {"threshold": 50.0, "value": 0.018}, "eyestatus": {"left_eye_status": {"normal_glass_eye_open": 0.026, "no_glass_eye_close": 0.002, "occlusion": 0.001, "no_glass_eye_open": 99.971, "normal_glass_eye_close": 0.0, "dark_glasses": 0.001}, "right_eye_status": {"normal_glass_eye_open": 0.949, "no_glass_eye_close": 0.0, "occlusion": 1.35, "no_glass_eye_open": 96.457, "normal_glass_eye_close": 0.006, "dark_glasses": 1.238}}, "facequality": {"threshold": 70.1, "value": 11.147}, "ethnicity": {"value": "WHITE"}, "eyegaze": {"right_eye_gaze": {"position_x_coordinate": 0.366, "vector_z_component": 0.93, "vector_x_component": -0.333, "vector_y_component": 0.157, "position_y_coordinate": 0.468}, "left_eye_gaze": {"position_x_coordinate": 0.415, "vector_z_component": 0.93, "vector_x_component": -0.251, "vector_y_component": 0.269, "position_y_coordinate": 0.509}}}, "face_rectangle": {"width": 170, "top": 414, "left": 321, "height": 170}, "face_token": "6f568cec058ef41ac13f7504fd1cc53a"}]}