{"image_id": "PmSfX5hhTiKu76xGoie6OQ==", "request_id": "1551406939,d8208c09-a543-43c5-bb8b-1e33bf11b430", "time_used": 857, "faces": [{"attributes": {"emotion": {"sadness": 0.142, "neutral": 11.57, "disgust": 0.142, "anger": 10.222, "surprise": 2.129, "fear": 0.142, "happiness": 75.653}, "beauty": {"female_score": 51.312, "male_score": 52.062}, "gender": {"value": "Male"}, "age": {"value": 56}, "mouthstatus": {"close": 0.015, "surgical_mask_or_respirator": 0.0, "open": 99.984, "other_occlusion": 0.001}, "glass": {"value": "Dark"}, "skinstatus": {"dark_circle": 0.373, "stain": 17.029, "acne": 19.712, "health": 1.62}, "headpose": {"yaw_angle": 24.229149, "pitch_angle": -12.561887, "roll_angle": 1.794569}, "blur": {"blurness": {"threshold": 50.0, "value": 0.552}, "motionblur": {"threshold": 50.0, "value": 0.552}, "gaussianblur": {"threshold": 50.0, "value": 0.552}}, "smile": {"threshold": 50.0, "value": 10.359}, "eyestatus": {"left_eye_status": {"normal_glass_eye_open": 0.208, "no_glass_eye_close": 0.0, "occlusion": 0.073, "no_glass_eye_open": 0.027, "normal_glass_eye_close": 0.01, "dark_glasses": 99.681}, "right_eye_status": {"normal_glass_eye_open": 98.704, "no_glass_eye_close": 0.0, "occlusion": 1.071, "no_glass_eye_open": 0.034, "normal_glass_eye_close": 0.002, "dark_glasses": 0.189}}, "facequality": {"threshold": 70.1, "value": 1.977}, "ethnicity": {"value": "ASIAN"}, "eyegaze": {"right_eye_gaze": {"position_x_coordinate": 0.543, "vector_z_component": 0.978, "vector_x_component": 0.071, "vector_y_component": -0.196, "position_y_coordinate": 0.482}, "left_eye_gaze": {"position_x_coordinate": 0.535, "vector_z_component": 0.877, "vector_x_component": 0.293, "vector_y_component": 0.38, "position_y_coordinate": 0.417}}}, "face_rectangle": {"width": 183, "top": 576, "left": 697, "height": 183}, "face_token": "9e0adfc9db42ac501c4dfc61bb5f9ad0"}, {"attributes": {"emotion": {"sadness": 0.07, "neutral": 20.16, "disgust": 0.016, "anger": 0.022, "surprise": 0.18, "fear": 0.016, "happiness": 79.534}, "beauty": {"female_score": 37.02, "male_score": 31.345}, "gender": {"value": "Male"}, "age": {"value": 68}, "mouthstatus": {"close": 97.016, "surgical_mask_or_respirator": 0.0, "open": 0.049, "other_occlusion": 2.935}, "glass": {"value": "Normal"}, "skinstatus": {"dark_circle": 1.146, "stain": 6.752, "acne": 0.499, "health": 1.852}, "headpose": {"yaw_angle": 3.818872, "pitch_angle": 3.0868535, "roll_angle": 5.8504686}, "blur": {"blurness": {"threshold": 50.0, "value": 21.759}, "motionblur": {"threshold": 50.0, "value": 21.759}, "gaussianblur": {"threshold": 50.0, "value": 21.759}}, "smile": {"threshold": 50.0, "value": 15.153}, "eyestatus": {"left_eye_status": {"normal_glass_eye_open": 99.691, "no_glass_eye_close": 0.0, "occlusion": 0.0, "no_glass_eye_open": 0.299, "normal_glass_eye_close": 0.0, "dark_glasses": 0.009}, "right_eye_status": {"normal_glass_eye_open": 99.088, "no_glass_eye_close": 0.0, "occlusion": 0.002, "no_glass_eye_open": 0.865, "normal_glass_eye_close": 0.001, "dark_glasses": 0.044}}, "facequality": {"threshold": 70.1, "value": 79.394}, "ethnicity": {"value": "ASIAN"}, "eyegaze": {"right_eye_gaze": {"position_x_coordinate": 0.472, "vector_z_component": 0.957, "vector_x_component": -0.182, "vector_y_component": 0.224, "position_y_coordinate": 0.477}, "left_eye_gaze": {"position_x_coordinate": 0.472, "vector_z_component": 0.957, "vector_x_component": -0.181, "vector_y_component": 0.226, "position_y_coordinate": 0.49}}}, "face_rectangle": {"width": 134, "top": 687, "left": 411, "height": 134}, "face_token": "2a281658bb773ec5c93956cc7ac593b9"}]}