{"image_id": "hKVhRAL+jzUV7tTbEYLV3A==", "request_id": "1551406878,b0c09bd1-60b3-4a86-a387-12e2fd84cedb", "time_used": 2606, "faces": [{"attributes": {"emotion": {"sadness": 2.315, "neutral": 0.074, "disgust": 1.712, "anger": 59.587, "surprise": 0.361, "fear": 0.074, "happiness": 35.877}, "beauty": {"female_score": 59.969, "male_score": 58.905}, "gender": {"value": "Male"}, "age": {"value": 34}, "mouthstatus": {"close": 4.326, "surgical_mask_or_respirator": 0.0, "open": 95.658, "other_occlusion": 0.016}, "glass": {"value": "Normal"}, "skinstatus": {"dark_circle": 14.367, "stain": 10.492, "acne": 4.595, "health": 6.727}, "headpose": {"yaw_angle": 1.7345111, "pitch_angle": 7.7520266, "roll_angle": -12.555489}, "blur": {"blurness": {"threshold": 50.0, "value": 4.605}, "motionblur": {"threshold": 50.0, "value": 4.605}, "gaussianblur": {"threshold": 50.0, "value": 4.605}}, "smile": {"threshold": 50.0, "value": 99.73}, "eyestatus": {"left_eye_status": {"normal_glass_eye_open": 38.816, "no_glass_eye_close": 0.015, "occlusion": 0.344, "no_glass_eye_open": 0.602, "normal_glass_eye_close": 60.063, "dark_glasses": 0.162}, "right_eye_status": {"normal_glass_eye_open": 97.929, "no_glass_eye_close": 0.0, "occlusion": 0.175, "no_glass_eye_open": 0.338, "normal_glass_eye_close": 0.278, "dark_glasses": 1.281}}, "facequality": {"threshold": 70.1, "value": 90.581}, "ethnicity": {"value": "WHITE"}, "eyegaze": {"right_eye_gaze": {"position_x_coordinate": 0.431, "vector_z_component": 0.982, "vector_x_component": -0.188, "vector_y_component": 0.001, "position_y_coordinate": 0.424}, "left_eye_gaze": {"position_x_coordinate": 0.607, "vector_z_component": 0.804, "vector_x_component": 0.28, "vector_y_component": 0.525, "position_y_coordinate": 0.567}}}, "face_rectangle": {"width": 320, "top": 1103, "left": 1305, "height": 320}, "face_token": "810355c6842ac5757391d0349cff6368"}, {"attributes": {"emotion": {"sadness": 0.254, "neutral": 21.14, "disgust": 2.293, "anger": 0.292, "surprise": 68.55, "fear": 2.643, "happiness": 4.829}, "beauty": {"female_score": 58.382, "male_score": 60.065}, "gender": {"value": "Male"}, "age": {"value": 31}, "mouthstatus": {"close": 0.0, "surgical_mask_or_respirator": 98.631, "open": 0.0, "other_occlusion": 1.369}, "glass": {"value": "None"}, "skinstatus": {"dark_circle": 9.054, "stain": 2.964, "acne": 7.03, "health": 5.849}, "headpose": {"yaw_angle": 37.29999, "pitch_angle": 28.828148, "roll_angle": -30.511267}, "blur": {"blurness": {"threshold": 50.0, "value": 0.679}, "motionblur": {"threshold": 50.0, "value": 0.679}, "gaussianblur": {"threshold": 50.0, "value": 0.679}}, "smile": {"threshold": 50.0, "value": 78.047}, "eyestatus": {"left_eye_status": {"normal_glass_eye_open": 0.099, "no_glass_eye_close": 44.628, "occlusion": 3.514, "no_glass_eye_open": 50.733, "normal_glass_eye_close": 1.025, "dark_glasses": 0.001}, "right_eye_status": {"normal_glass_eye_open": 0.061, "no_glass_eye_close": 79.769, "occlusion": 5.046, "no_glass_eye_open": 12.352, "normal_glass_eye_close": 1.945, "dark_glasses": 0.828}}, "facequality": {"threshold": 70.1, "value": 0.006}, "ethnicity": {"value": "WHITE"}, "eyegaze": {"right_eye_gaze": {"position_x_coordinate": 0.318, "vector_z_component": 0.657, "vector_x_component": -0.24, "vector_y_component": 0.715, "position_y_coordinate": 0.565}, "left_eye_gaze": {"position_x_coordinate": 0.522, "vector_z_component": 0.938, "vector_x_component": 0.324, "vector_y_component": -0.123, "position_y_coordinate": 0.306}}}, "face_rectangle": {"width": 165, "top": 1403, "left": 1206, "height": 165}, "face_token": "9155763c270b749d73d86c4c1b9d1d4b"}, {"attributes": {"emotion": {"sadness": 0.063, "neutral": 0.056, "disgust": 0.031, "anger": 98.184, "surprise": 1.576, "fear": 0.023, "happiness": 0.067}, "beauty": {"female_score": 41.664, "male_score": 41.203}, "gender": {"value": "Male"}, "age": {"value": 36}, "mouthstatus": {"close": 40.571, "surgical_mask_or_respirator": 0.002, "open": 59.379, "other_occlusion": 0.048}, "glass": {"value": "None"}, "skinstatus": {"dark_circle": 18.547, "stain": 12.01, "acne": 1.205, "health": 1.529}, "headpose": {"yaw_angle": 5.5378876, "pitch_angle": -15.038406, "roll_angle": 6.9242187}, "blur": {"blurness": {"threshold": 50.0, "value": 86.344}, "motionblur": {"threshold": 50.0, "value": 86.344}, "gaussianblur": {"threshold": 50.0, "value": 86.344}}, "smile": {"threshold": 50.0, "value": 77.388}, "eyestatus": {"left_eye_status": {"normal_glass_eye_open": 0.08, "no_glass_eye_close": 1.501, "occlusion": 0.589, "no_glass_eye_open": 97.543, "normal_glass_eye_close": 0.095, "dark_glasses": 0.192}, "right_eye_status": {"normal_glass_eye_open": 5.543, "no_glass_eye_close": 0.453, "occlusion": 1.143, "no_glass_eye_open": 88.765, "normal_glass_eye_close": 0.089, "dark_glasses": 4.008}}, "facequality": {"threshold": 70.1, "value": 0.006}, "ethnicity": {"value": "WHITE"}, "eyegaze": {"right_eye_gaze": {"position_x_coordinate": 0.407, "vector_z_component": 0.779, "vector_x_component": -0.349, "vector_y_component": 0.52, "position_y_coordinate": 0.505}, "left_eye_gaze": {"position_x_coordinate": 0.415, "vector_z_component": 0.72, "vector_x_component": 0.458, "vector_y_component": 0.521, "position_y_coordinate": 0.43}}}, "face_rectangle": {"width": 149, "top": 1260, "left": 1725, "height": 149}, "face_token": "28eb2329823a8e5b3aa6f25a26ff66bd"}, {"attributes": {"emotion": {"sadness": 0.883, "neutral": 0.023, "disgust": 0.279, "anger": 2.143, "surprise": 0.031, "fear": 0.558, "happiness": 96.084}, "beauty": {"female_score": 56.774, "male_score": 60.339}, "gender": {"value": "Male"}, "age": {"value": 39}, "mouthstatus": {"close": 0.0, "surgical_mask_or_respirator": 0.0, "open": 100.0, "other_occlusion": 0.0}, "glass": {"value": "Normal"}, "skinstatus": {"dark_circle": 6.994, "stain": 4.515, "acne": 1.165, "health": 31.376}, "headpose": {"yaw_angle": 8.831778, "pitch_angle": 21.49714, "roll_angle": -12.904153}, "blur": {"blurness": {"threshold": 50.0, "value": 4.11}, "motionblur": {"threshold": 50.0, "value": 4.11}, "gaussianblur": {"threshold": 50.0, "value": 4.11}}, "smile": {"threshold": 50.0, "value": 99.991}, "eyestatus": {"left_eye_status": {"normal_glass_eye_open": 67.485, "no_glass_eye_close": 0.22, "occlusion": 0.004, "no_glass_eye_open": 0.319, "normal_glass_eye_close": 31.919, "dark_glasses": 0.053}, "right_eye_status": {"normal_glass_eye_open": 6.183, "no_glass_eye_close": 3.577, "occlusion": 1.079, "no_glass_eye_open": 1.234, "normal_glass_eye_close": 56.959, "dark_glasses": 30.968}}, "facequality": {"threshold": 70.1, "value": 46.94}, "ethnicity": {"value": "WHITE"}, "eyegaze": {"right_eye_gaze": {"position_x_coordinate": 0.318, "vector_z_component": 0.699, "vector_x_component": -0.36, "vector_y_component": 0.618, "position_y_coordinate": 0.48}, "left_eye_gaze": {"position_x_coordinate": 0.651, "vector_z_component": 0.674, "vector_x_component": 0.71, "vector_y_component": -0.204, "position_y_coordinate": 0.225}}}, "face_rectangle": {"width": 126, "top": 1321, "left": 1003, "height": 126}, "face_token": "37bd05022c3c53633349a20778a9bfcb"}]}