{"image_id": "1+roGWXZcXgAy6mOPYJCEA==", "request_id": "1551407004,d453ef72-8cfa-4a65-9c43-81189be141b3", "time_used": 2179, "faces": [{"attributes": {"emotion": {"sadness": 0.884, "neutral": 77.377, "disgust": 0.475, "anger": 0.059, "surprise": 0.059, "fear": 10.379, "happiness": 10.767}, "beauty": {"female_score": 49.462, "male_score": 48.511}, "gender": {"value": "Male"}, "age": {"value": 19}, "mouthstatus": {"close": 99.989, "surgical_mask_or_respirator": 0.0, "open": 0.011, "other_occlusion": 0.0}, "glass": {"value": "None"}, "skinstatus": {"dark_circle": 8.543, "stain": 86.897, "acne": 6.643, "health": 1.965}, "headpose": {"yaw_angle": -2.9685366, "pitch_angle": -17.772736, "roll_angle": 7.230255}, "blur": {"blurness": {"threshold": 50.0, "value": 0.37}, "motionblur": {"threshold": 50.0, "value": 0.37}, "gaussianblur": {"threshold": 50.0, "value": 0.37}}, "smile": {"threshold": 50.0, "value": 0.05}, "eyestatus": {"left_eye_status": {"normal_glass_eye_open": 0.032, "no_glass_eye_close": 0.0, "occlusion": 0.012, "no_glass_eye_open": 99.951, "normal_glass_eye_close": 0.0, "dark_glasses": 0.005}, "right_eye_status": {"normal_glass_eye_open": 0.103, "no_glass_eye_close": 0.0, "occlusion": 0.081, "no_glass_eye_open": 99.76, "normal_glass_eye_close": 0.0, "dark_glasses": 0.056}}, "facequality": {"threshold": 70.1, "value": 80.009}, "ethnicity": {"value": "WHITE"}, "eyegaze": {"right_eye_gaze": {"position_x_coordinate": 0.42, "vector_z_component": 0.936, "vector_x_component": -0.177, "vector_y_component": 0.306, "position_y_coordinate": 0.463}, "left_eye_gaze": {"position_x_coordinate": 0.442, "vector_z_component": 0.956, "vector_x_component": -0.145, "vector_y_component": 0.254, "position_y_coordinate": 0.478}}}, "face_rectangle": {"width": 854, "top": 174, "left": 964, "height": 854}, "face_token": "386591ee5a9c23fa9ac0c649395ca16d"}]}