{"image_id": "boI4dDUnYRC0kwT8RRNrlA==", "request_id": "1551406834,77e4c6b0-c322-49f5-ab25-dfc52660e690", "time_used": 3260, "faces": [{"attributes": {"emotion": {"sadness": 0.001, "neutral": 0.002, "disgust": 0.006, "anger": 0.062, "surprise": 0.001, "fear": 0.001, "happiness": 99.929}, "beauty": {"female_score": 58.852, "male_score": 57.115}, "gender": {"value": "Female"}, "age": {"value": 29}, "mouthstatus": {"close": 0.0, "surgical_mask_or_respirator": 0.0, "open": 100.0, "other_occlusion": 0.0}, "glass": {"value": "Normal"}, "skinstatus": {"dark_circle": 8.686, "stain": 37.23, "acne": 37.642, "health": 0.963}, "headpose": {"yaw_angle": 9.36516, "pitch_angle": 16.624084, "roll_angle": -1.8385121}, "blur": {"blurness": {"threshold": 50.0, "value": 0.349}, "motionblur": {"threshold": 50.0, "value": 0.349}, "gaussianblur": {"threshold": 50.0, "value": 0.349}}, "smile": {"threshold": 50.0, "value": 100.0}, "eyestatus": {"left_eye_status": {"normal_glass_eye_open": 2.04, "no_glass_eye_close": 0.0, "occlusion": 1.809, "no_glass_eye_open": 1.837, "normal_glass_eye_close": 0.003, "dark_glasses": 94.311}, "right_eye_status": {"normal_glass_eye_open": 99.391, "no_glass_eye_close": 0.0, "occlusion": 0.195, "no_glass_eye_open": 0.111, "normal_glass_eye_close": 0.0, "dark_glasses": 0.303}}, "facequality": {"threshold": 70.1, "value": 65.893}, "ethnicity": {"value": "WHITE"}, "eyegaze": {"right_eye_gaze": {"position_x_coordinate": 0.56, "vector_z_component": 0.951, "vector_x_component": 0.148, "vector_y_component": -0.273, "position_y_coordinate": 0.425}, "left_eye_gaze": {"position_x_coordinate": 0.498, "vector_z_component": 0.999, "vector_x_component": -0.012, "vector_y_component": -0.037, "position_y_coordinate": 0.429}}}, "face_rectangle": {"width": 668, "top": 1427, "left": 1004, "height": 668}, "face_token": "4b64c59f6194d6da1acca52188baa9f6"}]}