{"image_id": "PWan+AArBndaDCNlv5jN7w==", "request_id": "1551406980,3607e433-f85c-4d9e-8e1c-8641722fbc1b", "time_used": 500, "faces": [{"attributes": {"emotion": {"sadness": 0.003, "neutral": 99.565, "disgust": 0.007, "anger": 0.002, "surprise": 0.048, "fear": 0.002, "happiness": 0.373}, "beauty": {"female_score": 45.938, "male_score": 39.975}, "gender": {"value": "Male"}, "age": {"value": 25}, "mouthstatus": {"close": 68.818, "surgical_mask_or_respirator": 0.0, "open": 28.415, "other_occlusion": 2.768}, "glass": {"value": "Normal"}, "skinstatus": {"dark_circle": 18.396, "stain": 5.676, "acne": 12.235, "health": 0.487}, "headpose": {"yaw_angle": 11.044562, "pitch_angle": -1.8896153, "roll_angle": -7.837217}, "blur": {"blurness": {"threshold": 50.0, "value": 0.472}, "motionblur": {"threshold": 50.0, "value": 0.472}, "gaussianblur": {"threshold": 50.0, "value": 0.472}}, "smile": {"threshold": 50.0, "value": 41.508}, "eyestatus": {"left_eye_status": {"normal_glass_eye_open": 99.968, "no_glass_eye_close": 0.0, "occlusion": 0.0, "no_glass_eye_open": 0.003, "normal_glass_eye_close": 0.029, "dark_glasses": 0.0}, "right_eye_status": {"normal_glass_eye_open": 99.823, "no_glass_eye_close": 0.0, "occlusion": 0.0, "no_glass_eye_open": 0.124, "normal_glass_eye_close": 0.014, "dark_glasses": 0.039}}, "facequality": {"threshold": 70.1, "value": 78.103}, "ethnicity": {"value": "WHITE"}, "eyegaze": {"right_eye_gaze": {"position_x_coordinate": 0.468, "vector_z_component": 0.975, "vector_x_component": -0.007, "vector_y_component": 0.221, "position_y_coordinate": 0.451}, "left_eye_gaze": {"position_x_coordinate": 0.673, "vector_z_component": 0.888, "vector_x_component": 0.348, "vector_y_component": 0.302, "position_y_coordinate": 0.444}}}, "face_rectangle": {"width": 118, "top": 95, "left": 229, "height": 118}, "face_token": "e62e90e2eab43e2e3110e4a3bf7e60ce"}]}