{"image_id": "GrMfFChjLM0DwhzLZL4G0g==", "request_id": "1551406432,1268a6fb-f869-4837-b2c6-521e57676d47", "time_used": 2977, "faces": [{"attributes": {"emotion": {"sadness": 0.018, "neutral": 0.018, "disgust": 0.464, "anger": 2.676, "surprise": 0.021, "fear": 0.025, "happiness": 96.776}, "beauty": {"female_score": 51.494, "male_score": 56.716}, "gender": {"value": "Male"}, "age": {"value": 26}, "mouthstatus": {"close": 0.0, "surgical_mask_or_respirator": 0.009, "open": 17.476, "other_occlusion": 82.515}, "glass": {"value": "None"}, "skinstatus": {"dark_circle": 20.858, "stain": 13.731, "acne": 24.839, "health": 0.28}, "headpose": {"yaw_angle": -0.7736521, "pitch_angle": 6.2324, "roll_angle": -3.2174435}, "blur": {"blurness": {"threshold": 50.0, "value": 0.879}, "motionblur": {"threshold": 50.0, "value": 0.879}, "gaussianblur": {"threshold": 50.0, "value": 0.879}}, "smile": {"threshold": 50.0, "value": 99.925}, "eyestatus": {"left_eye_status": {"normal_glass_eye_open": 0.131, "no_glass_eye_close": 0.0, "occlusion": 2.888, "no_glass_eye_open": 95.582, "normal_glass_eye_close": 0.0, "dark_glasses": 1.4}, "right_eye_status": {"normal_glass_eye_open": 0.004, "no_glass_eye_close": 0.0, "occlusion": 0.003, "no_glass_eye_open": 99.992, "normal_glass_eye_close": 0.0, "dark_glasses": 0.001}}, "facequality": {"threshold": 70.1, "value": 93.059}, "ethnicity": {"value": "WHITE"}, "eyegaze": {"right_eye_gaze": {"position_x_coordinate": 0.501, "vector_z_component": 0.998, "vector_x_component": 0.046, "vector_y_component": 0.031, "position_y_coordinate": 0.475}, "left_eye_gaze": {"position_x_coordinate": 0.503, "vector_z_component": 0.995, "vector_x_component": 0.066, "vector_y_component": 0.075, "position_y_coordinate": 0.496}}}, "face_rectangle": {"width": 539, "top": 1013, "left": 1149, "height": 539}, "face_token": "7c2811fde488a3df6c220158f4d3e52e"}, {"attributes": {"emotion": {"sadness": 0.02, "neutral": 97.078, "disgust": 0.039, "anger": 0.02, "surprise": 0.082, "fear": 0.144, "happiness": 2.616}, "beauty": {"female_score": 63.542, "male_score": 63.476}, "gender": {"value": "Female"}, "age": {"value": 34}, "mouthstatus": {"close": 4.846, "surgical_mask_or_respirator": 0.001, "open": 0.0, "other_occlusion": 95.153}, "glass": {"value": "Normal"}, "skinstatus": {"dark_circle": 9.29, "stain": 0.775, "acne": 0.384, "health": 76.815}, "headpose": {"yaw_angle": 23.142092, "pitch_angle": -8.420106, "roll_angle": 0.37845245}, "blur": {"blurness": {"threshold": 50.0, "value": 23.836}, "motionblur": {"threshold": 50.0, "value": 23.836}, "gaussianblur": {"threshold": 50.0, "value": 23.836}}, "smile": {"threshold": 50.0, "value": 40.909}, "eyestatus": {"left_eye_status": {"normal_glass_eye_open": 0.031, "no_glass_eye_close": 32.646, "occlusion": 53.966, "no_glass_eye_open": 12.988, "normal_glass_eye_close": 0.097, "dark_glasses": 0.272}, "right_eye_status": {"normal_glass_eye_open": 81.308, "no_glass_eye_close": 0.0, "occlusion": 0.007, "no_glass_eye_open": 17.583, "normal_glass_eye_close": 0.008, "dark_glasses": 1.093}}, "facequality": {"threshold": 70.1, "value": 2.243}, "ethnicity": {"value": "WHITE"}, "eyegaze": {"right_eye_gaze": {"position_x_coordinate": 0.414, "vector_z_component": 0.858, "vector_x_component": -0.507, "vector_y_component": 0.081, "position_y_coordinate": 0.418}, "left_eye_gaze": {"position_x_coordinate": 0.538, "vector_z_component": 0.678, "vector_x_component": 0.088, "vector_y_component": -0.73, "position_y_coordinate": 0.108}}}, "face_rectangle": {"width": 271, "top": 42, "left": 2550, "height": 271}, "face_token": "c7e2112637ae53cf62b462bd40e9ba7e"}, {"attributes": {"emotion": {"sadness": 5.814, "neutral": 73.196, "disgust": 0.053, "anger": 20.529, "surprise": 0.053, "fear": 0.179, "happiness": 0.176}, "beauty": {"female_score": 47.448, "male_score": 51.636}, "gender": {"value": "Male"}, "age": {"value": 58}, "mouthstatus": {"close": 0.002, "surgical_mask_or_respirator": 0.0, "open": 0.632, "other_occlusion": 99.366}, "glass": {"value": "Normal"}, "skinstatus": {"dark_circle": 100.0, "stain": 7.512, "acne": 0.008, "health": 0.305}, "headpose": {"yaw_angle": 21.92612, "pitch_angle": 7.107793, "roll_angle": -7.324426}, "blur": {"blurness": {"threshold": 50.0, "value": 0.081}, "motionblur": {"threshold": 50.0, "value": 0.081}, "gaussianblur": {"threshold": 50.0, "value": 0.081}}, "smile": {"threshold": 50.0, "value": 3.158}, "eyestatus": {"left_eye_status": {"normal_glass_eye_open": 44.077, "no_glass_eye_close": 10.302, "occlusion": 10.49, "no_glass_eye_open": 32.737, "normal_glass_eye_close": 1.716, "dark_glasses": 0.677}, "right_eye_status": {"normal_glass_eye_open": 72.167, "no_glass_eye_close": 0.354, "occlusion": 17.362, "no_glass_eye_open": 10.053, "normal_glass_eye_close": 0.018, "dark_glasses": 0.046}}, "facequality": {"threshold": 70.1, "value": 8.106}, "ethnicity": {"value": "WHITE"}, "eyegaze": {"right_eye_gaze": {"position_x_coordinate": 0.201, "vector_z_component": 0.447, "vector_x_component": -0.824, "vector_y_component": 0.349, "position_y_coordinate": 0.554}, "left_eye_gaze": {"position_x_coordinate": 0.359, "vector_z_component": 0.79, "vector_x_component": -0.211, "vector_y_component": 0.575, "position_y_coordinate": 0.418}}}, "face_rectangle": {"width": 195, "top": 983, "left": 2496, "height": 195}, "face_token": "eeeacac9d8d03814b91ebbce3e1a42c8"}]}