{"image_id": "BrkoG2jJu+zJNdhHpBG/PA==", "request_id": "1551407027,71845ee0-5bb0-4a25-bdc1-31d148737d3f", "time_used": 616, "faces": [{"attributes": {"emotion": {"sadness": 0.695, "neutral": 0.054, "disgust": 0.145, "anger": 0.054, "surprise": 96.031, "fear": 1.389, "happiness": 1.631}, "beauty": {"female_score": 78.863, "male_score": 71.605}, "gender": {"value": "Male"}, "age": {"value": 27}, "mouthstatus": {"close": 99.949, "surgical_mask_or_respirator": 0.0, "open": 0.0, "other_occlusion": 0.051}, "glass": {"value": "None"}, "skinstatus": {"dark_circle": 7.51, "stain": 9.822, "acne": 3.692, "health": 1.699}, "headpose": {"yaw_angle": 3.6899064, "pitch_angle": 5.7140822, "roll_angle": -2.9818559}, "blur": {"blurness": {"threshold": 50.0, "value": 0.919}, "motionblur": {"threshold": 50.0, "value": 0.919}, "gaussianblur": {"threshold": 50.0, "value": 0.919}}, "smile": {"threshold": 50.0, "value": 58.948}, "eyestatus": {"left_eye_status": {"normal_glass_eye_open": 0.0, "no_glass_eye_close": 0.0, "occlusion": 0.0, "no_glass_eye_open": 99.999, "normal_glass_eye_close": 0.0, "dark_glasses": 0.001}, "right_eye_status": {"normal_glass_eye_open": 0.001, "no_glass_eye_close": 0.0, "occlusion": 0.0, "no_glass_eye_open": 99.999, "normal_glass_eye_close": 0.0, "dark_glasses": 0.0}}, "facequality": {"threshold": 70.1, "value": 91.027}, "ethnicity": {"value": "WHITE"}, "eyegaze": {"right_eye_gaze": {"position_x_coordinate": 0.464, "vector_z_component": 0.984, "vector_x_component": -0.137, "vector_y_component": 0.116, "position_y_coordinate": 0.513}, "left_eye_gaze": {"position_x_coordinate": 0.477, "vector_z_component": 0.998, "vector_x_component": -0.0, "vector_y_component": 0.066, "position_y_coordinate": 0.503}}}, "face_rectangle": {"width": 384, "top": 331, "left": 523, "height": 384}, "face_token": "4c69b9cf1bde1495667a8e129d8360d9"}]}