{"image_id": "nOtR8d1+cSogl7Yrj/n0ZQ==", "request_id": "1551406954,6f4edc2e-788e-401d-9a7e-a0960d3c2628", "time_used": 634, "faces": [{"attributes": {"emotion": {"sadness": 0.013, "neutral": 0.103, "disgust": 35.902, "anger": 0.013, "surprise": 1.599, "fear": 56.745, "happiness": 5.624}, "beauty": {"female_score": 69.339, "male_score": 69.504}, "gender": {"value": "Female"}, "age": {"value": 22}, "mouthstatus": {"close": 99.99, "surgical_mask_or_respirator": 0.0, "open": 0.01, "other_occlusion": 0.0}, "glass": {"value": "Normal"}, "skinstatus": {"dark_circle": 6.904, "stain": 2.727, "acne": 4.224, "health": 15.996}, "headpose": {"yaw_angle": -2.4847305, "pitch_angle": 7.8076982, "roll_angle": 17.290926}, "blur": {"blurness": {"threshold": 50.0, "value": 0.444}, "motionblur": {"threshold": 50.0, "value": 0.444}, "gaussianblur": {"threshold": 50.0, "value": 0.444}}, "smile": {"threshold": 50.0, "value": 72.698}, "eyestatus": {"left_eye_status": {"normal_glass_eye_open": 35.848, "no_glass_eye_close": 0.0, "occlusion": 0.156, "no_glass_eye_open": 3.138, "normal_glass_eye_close": 0.0, "dark_glasses": 60.858}, "right_eye_status": {"normal_glass_eye_open": 61.215, "no_glass_eye_close": 0.0, "occlusion": 0.052, "no_glass_eye_open": 3.047, "normal_glass_eye_close": 0.0, "dark_glasses": 35.686}}, "facequality": {"threshold": 70.1, "value": 91.371}, "ethnicity": {"value": "WHITE"}, "eyegaze": {"right_eye_gaze": {"position_x_coordinate": 0.434, "vector_z_component": 0.981, "vector_x_component": -0.053, "vector_y_component": -0.186, "position_y_coordinate": 0.396}, "left_eye_gaze": {"position_x_coordinate": 0.489, "vector_z_component": 0.966, "vector_x_component": -0.166, "vector_y_component": -0.199, "position_y_coordinate": 0.398}}}, "face_rectangle": {"width": 367, "top": 331, "left": 185, "height": 367}, "face_token": "41c51cc239623cb81b6f04c2da5452cc"}]}