{"image_id": "r10I0o4OQJBnSWqEcqoDCw==", "request_id": "1551406796,2c8decbe-c0f5-4220-9050-c16d05ebc02c", "time_used": 733, "faces": [{"attributes": {"emotion": {"sadness": 0.009, "neutral": 56.576, "disgust": 0.01, "anger": 0.009, "surprise": 0.009, "fear": 0.03, "happiness": 43.357}, "beauty": {"female_score": 38.117, "male_score": 36.573}, "gender": {"value": "Male"}, "age": {"value": 28}, "mouthstatus": {"close": 0.0, "surgical_mask_or_respirator": 99.864, "open": 0.0, "other_occlusion": 0.136}, "glass": {"value": "Normal"}, "skinstatus": {"dark_circle": 86.631, "stain": 42.569, "acne": 4.887, "health": 0.285}, "headpose": {"yaw_angle": 0.77996826, "pitch_angle": 7.249046, "roll_angle": 2.9532628}, "blur": {"blurness": {"threshold": 50.0, "value": 0.533}, "motionblur": {"threshold": 50.0, "value": 0.533}, "gaussianblur": {"threshold": 50.0, "value": 0.533}}, "smile": {"threshold": 50.0, "value": 91.571}, "eyestatus": {"left_eye_status": {"normal_glass_eye_open": 96.295, "no_glass_eye_close": 0.001, "occlusion": 0.029, "no_glass_eye_open": 0.035, "normal_glass_eye_close": 3.632, "dark_glasses": 0.009}, "right_eye_status": {"normal_glass_eye_open": 3.157, "no_glass_eye_close": 0.005, "occlusion": 0.12, "no_glass_eye_open": 0.025, "normal_glass_eye_close": 96.687, "dark_glasses": 0.005}}, "facequality": {"threshold": 70.1, "value": 92.786}, "ethnicity": {"value": "WHITE"}, "eyegaze": {"right_eye_gaze": {"position_x_coordinate": 0.353, "vector_z_component": 0.537, "vector_x_component": -0.756, "vector_y_component": 0.375, "position_y_coordinate": 0.503}, "left_eye_gaze": {"position_x_coordinate": 0.533, "vector_z_component": 0.866, "vector_x_component": 0.34, "vector_y_component": 0.367, "position_y_coordinate": 0.432}}}, "face_rectangle": {"width": 368, "top": 292, "left": 556, "height": 368}, "face_token": "03a3a8d1932b26b61cb65e7dae1e8bcb"}]}