{"image_id": "fXg1Rerh9CBlnHSbs0pXHQ==", "request_id": "1551406788,f4f6e0f8-0bcd-490c-9a7d-c5da8e954495", "time_used": 611, "faces": [{"attributes": {"emotion": {"sadness": 0.001, "neutral": 0.003, "disgust": 0.0, "anger": 0.0, "surprise": 0.0, "fear": 0.0, "happiness": 99.995}, "beauty": {"female_score": 83.569, "male_score": 78.304}, "gender": {"value": "Female"}, "age": {"value": 24}, "mouthstatus": {"close": 12.007, "surgical_mask_or_respirator": 0.0, "open": 87.991, "other_occlusion": 0.001}, "glass": {"value": "None"}, "skinstatus": {"dark_circle": 1.618, "stain": 98.72, "acne": 92.889, "health": 4.487}, "headpose": {"yaw_angle": 14.191048, "pitch_angle": 14.662407, "roll_angle": -1.6858351}, "blur": {"blurness": {"threshold": 50.0, "value": 0.394}, "motionblur": {"threshold": 50.0, "value": 0.394}, "gaussianblur": {"threshold": 50.0, "value": 0.394}}, "smile": {"threshold": 50.0, "value": 93.179}, "eyestatus": {"left_eye_status": {"normal_glass_eye_open": 0.0, "no_glass_eye_close": 0.0, "occlusion": 0.0, "no_glass_eye_open": 100.0, "normal_glass_eye_close": 0.0, "dark_glasses": 0.0}, "right_eye_status": {"normal_glass_eye_open": 0.002, "no_glass_eye_close": 0.0, "occlusion": 0.0, "no_glass_eye_open": 99.998, "normal_glass_eye_close": 0.0, "dark_glasses": 0.0}}, "facequality": {"threshold": 70.1, "value": 45.988}, "ethnicity": {"value": "WHITE"}, "eyegaze": {"right_eye_gaze": {"position_x_coordinate": 0.541, "vector_z_component": 0.989, "vector_x_component": 0.077, "vector_y_component": -0.125, "position_y_coordinate": 0.399}, "left_eye_gaze": {"position_x_coordinate": 0.516, "vector_z_component": 0.984, "vector_x_component": 0.081, "vector_y_component": -0.16, "position_y_coordinate": 0.408}}}, "face_rectangle": {"width": 139, "top": 150, "left": 124, "height": 139}, "face_token": "a983982e4122f5916a9210963038d8a9"}]}