{"image_id": "LM9Dqoq62+VPs5AJtQnsUg==", "request_id": "1551406888,dd62e79f-1a23-4cbd-8d7c-b11c536b8f60", "time_used": 1490, "faces": [{"attributes": {"emotion": {"sadness": 0.0, "neutral": 0.0, "disgust": 0.0, "anger": 0.0, "surprise": 0.0, "fear": 0.0, "happiness": 100.0}, "beauty": {"female_score": 71.73, "male_score": 60.082}, "gender": {"value": "Male"}, "age": {"value": 31}, "mouthstatus": {"close": 1.812, "surgical_mask_or_respirator": 0.0, "open": 84.331, "other_occlusion": 13.858}, "glass": {"value": "None"}, "skinstatus": {"dark_circle": 8.971, "stain": 75.292, "acne": 33.19, "health": 0.286}, "headpose": {"yaw_angle": 16.659262, "pitch_angle": 3.186216, "roll_angle": -10.428481}, "blur": {"blurness": {"threshold": 50.0, "value": 0.543}, "motionblur": {"threshold": 50.0, "value": 0.543}, "gaussianblur": {"threshold": 50.0, "value": 0.543}}, "smile": {"threshold": 50.0, "value": 100.0}, "eyestatus": {"left_eye_status": {"normal_glass_eye_open": 0.001, "no_glass_eye_close": 0.0, "occlusion": 0.0, "no_glass_eye_open": 99.999, "normal_glass_eye_close": 0.0, "dark_glasses": 0.0}, "right_eye_status": {"normal_glass_eye_open": 0.0, "no_glass_eye_close": 0.0, "occlusion": 0.0, "no_glass_eye_open": 100.0, "normal_glass_eye_close": 0.0, "dark_glasses": 0.0}}, "facequality": {"threshold": 70.1, "value": 43.843}, "ethnicity": {"value": "WHITE"}, "eyegaze": {"right_eye_gaze": {"position_x_coordinate": 0.532, "vector_z_component": 0.912, "vector_x_component": 0.241, "vector_y_component": -0.331, "position_y_coordinate": 0.38}, "left_eye_gaze": {"position_x_coordinate": 0.528, "vector_z_component": 0.957, "vector_x_component": 0.034, "vector_y_component": -0.29, "position_y_coordinate": 0.373}}}, "face_rectangle": {"width": 886, "top": 1202, "left": 1472, "height": 886}, "face_token": "8259da881a17ffa5666f998a60365644"}]}