{"image_id": "9VneZPzLR6OK11o2zbvaFw==", "request_id": "1551406912,c44d0e3f-dcd7-403c-a0d0-799ead19bab8", "time_used": 3417, "faces": [{"attributes": {"emotion": {"sadness": 0.183, "neutral": 87.252, "disgust": 0.826, "anger": 0.052, "surprise": 0.436, "fear": 0.052, "happiness": 11.198}, "beauty": {"female_score": 60.97, "male_score": 61.322}, "gender": {"value": "Male"}, "age": {"value": 29}, "mouthstatus": {"close": 1.45, "surgical_mask_or_respirator": 97.949, "open": 0.104, "other_occlusion": 0.497}, "glass": {"value": "None"}, "skinstatus": {"dark_circle": 14.937, "stain": 52.345, "acne": 0.808, "health": 0.805}, "headpose": {"yaw_angle": -41.961285, "pitch_angle": -25.59264, "roll_angle": 8.548026}, "blur": {"blurness": {"threshold": 50.0, "value": 51.028}, "motionblur": {"threshold": 50.0, "value": 51.028}, "gaussianblur": {"threshold": 50.0, "value": 51.028}}, "smile": {"threshold": 50.0, "value": 7.676}, "eyestatus": {"left_eye_status": {"normal_glass_eye_open": 0.342, "no_glass_eye_close": 0.058, "occlusion": 0.006, "no_glass_eye_open": 99.593, "normal_glass_eye_close": 0.0, "dark_glasses": 0.0}, "right_eye_status": {"normal_glass_eye_open": 0.0, "no_glass_eye_close": 0.069, "occlusion": 0.004, "no_glass_eye_open": 99.155, "normal_glass_eye_close": 0.001, "dark_glasses": 0.77}}, "facequality": {"threshold": 70.1, "value": 0.006}, "ethnicity": {"value": "BLACK"}, "eyegaze": {"right_eye_gaze": {"position_x_coordinate": 0.78, "vector_z_component": 0.687, "vector_x_component": 0.274, "vector_y_component": 0.673, "position_y_coordinate": 0.745}, "left_eye_gaze": {"position_x_coordinate": 0.585, "vector_z_component": 0.486, "vector_x_component": 0.786, "vector_y_component": 0.383, "position_y_coordinate": 0.578}}}, "face_rectangle": {"width": 426, "top": 320, "left": 1868, "height": 426}, "face_token": "c287f2c1b1b3e9e0c16634a507d50273"}]}