{"image_id": "bIHhhU/AUZ/3C7MrO/Pb8g==", "request_id": "1551406983,120c6e3c-26fd-428c-9024-a1423924f74d", "time_used": 1569, "faces": [{"attributes": {"emotion": {"sadness": 0.028, "neutral": 99.933, "disgust": 0.0, "anger": 0.001, "surprise": 0.033, "fear": 0.0, "happiness": 0.004}, "beauty": {"female_score": 78.877, "male_score": 78.3}, "gender": {"value": "Male"}, "age": {"value": 19}, "mouthstatus": {"close": 99.982, "surgical_mask_or_respirator": 0.001, "open": 0.012, "other_occlusion": 0.005}, "glass": {"value": "None"}, "skinstatus": {"dark_circle": 3.869, "stain": 3.31, "acne": 2.574, "health": 46.269}, "headpose": {"yaw_angle": -0.9590815, "pitch_angle": 0.56553364, "roll_angle": 8.034631}, "blur": {"blurness": {"threshold": 50.0, "value": 0.727}, "motionblur": {"threshold": 50.0, "value": 0.727}, "gaussianblur": {"threshold": 50.0, "value": 0.727}}, "smile": {"threshold": 50.0, "value": 0.001}, "eyestatus": {"left_eye_status": {"normal_glass_eye_open": 0.03, "no_glass_eye_close": 0.0, "occlusion": 0.015, "no_glass_eye_open": 99.934, "normal_glass_eye_close": 0.002, "dark_glasses": 0.019}, "right_eye_status": {"normal_glass_eye_open": 0.001, "no_glass_eye_close": 0.0, "occlusion": 0.037, "no_glass_eye_open": 99.961, "normal_glass_eye_close": 0.0, "dark_glasses": 0.0}}, "facequality": {"threshold": 70.1, "value": 94.34}, "ethnicity": {"value": "WHITE"}, "eyegaze": {"right_eye_gaze": {"position_x_coordinate": 0.486, "vector_z_component": 0.999, "vector_x_component": -0.016, "vector_y_component": -0.052, "position_y_coordinate": 0.451}, "left_eye_gaze": {"position_x_coordinate": 0.472, "vector_z_component": 0.995, "vector_x_component": -0.077, "vector_y_component": -0.056, "position_y_coordinate": 0.455}}}, "face_rectangle": {"width": 560, "top": 354, "left": 740, "height": 560}, "face_token": "b7213aa288aafe5a26600b99f783d584"}]}