{"image_id": "aE9dRH2c6HDmxg5D8y7zXg==", "request_id": "1551407033,4fe18cb1-a3f3-4716-a167-4a98339db0a6", "time_used": 2729, "faces": [{"attributes": {"emotion": {"sadness": 0.132, "neutral": 0.267, "disgust": 0.483, "anger": 5.887, "surprise": 0.045, "fear": 0.044, "happiness": 93.142}, "beauty": {"female_score": 61.171, "male_score": 55.201}, "gender": {"value": "Male"}, "age": {"value": 28}, "mouthstatus": {"close": 99.977, "surgical_mask_or_respirator": 0.0, "open": 0.0, "other_occlusion": 0.022}, "glass": {"value": "None"}, "skinstatus": {"dark_circle": 26.624, "stain": 3.993, "acne": 14.469, "health": 1.757}, "headpose": {"yaw_angle": 6.0536623, "pitch_angle": 27.313414, "roll_angle": -5.9484105}, "blur": {"blurness": {"threshold": 50.0, "value": 0.4}, "motionblur": {"threshold": 50.0, "value": 0.4}, "gaussianblur": {"threshold": 50.0, "value": 0.4}}, "smile": {"threshold": 50.0, "value": 99.999}, "eyestatus": {"left_eye_status": {"normal_glass_eye_open": 2.177, "no_glass_eye_close": 5.219, "occlusion": 0.715, "no_glass_eye_open": 77.112, "normal_glass_eye_close": 0.042, "dark_glasses": 14.735}, "right_eye_status": {"normal_glass_eye_open": 1.682, "no_glass_eye_close": 0.101, "occlusion": 0.004, "no_glass_eye_open": 98.129, "normal_glass_eye_close": 0.0, "dark_glasses": 0.085}}, "facequality": {"threshold": 70.1, "value": 12.319}, "ethnicity": {"value": "WHITE"}, "eyegaze": {"right_eye_gaze": {"position_x_coordinate": 0.509, "vector_z_component": 0.995, "vector_x_component": 0.007, "vector_y_component": -0.1, "position_y_coordinate": 0.396}, "left_eye_gaze": {"position_x_coordinate": 0.468, "vector_z_component": 0.995, "vector_x_component": 0.002, "vector_y_component": -0.104, "position_y_coordinate": 0.385}}}, "face_rectangle": {"width": 1237, "top": 909, "left": 873, "height": 1237}, "face_token": "c5f999ca5c28f5cfab27652f8226d25e"}]}