{"image_id": "JUS1GTgmZitZNjm29FKs/g==", "request_id": "1551406606,deb1e23f-b86f-43be-9296-dbd6f863b766", "time_used": 2566, "faces": [{"attributes": {"emotion": {"sadness": 0.01, "neutral": 0.028, "disgust": 0.951, "anger": 0.046, "surprise": 0.01, "fear": 0.01, "happiness": 98.946}, "beauty": {"female_score": 58.856, "male_score": 54.562}, "gender": {"value": "Male"}, "age": {"value": 30}, "mouthstatus": {"close": 71.651, "surgical_mask_or_respirator": 0.001, "open": 0.075, "other_occlusion": 28.273}, "glass": {"value": "None"}, "skinstatus": {"dark_circle": 15.987, "stain": 2.98, "acne": 3.674, "health": 25.488}, "headpose": {"yaw_angle": 6.445704, "pitch_angle": 2.9484107, "roll_angle": -3.6335504}, "blur": {"blurness": {"threshold": 50.0, "value": 0.373}, "motionblur": {"threshold": 50.0, "value": 0.373}, "gaussianblur": {"threshold": 50.0, "value": 0.373}}, "smile": {"threshold": 50.0, "value": 99.802}, "eyestatus": {"left_eye_status": {"normal_glass_eye_open": 0.003, "no_glass_eye_close": 0.0, "occlusion": 0.0, "no_glass_eye_open": 99.996, "normal_glass_eye_close": 0.0, "dark_glasses": 0.0}, "right_eye_status": {"normal_glass_eye_open": 0.0, "no_glass_eye_close": 0.0, "occlusion": 0.0, "no_glass_eye_open": 100.0, "normal_glass_eye_close": 0.0, "dark_glasses": 0.0}}, "facequality": {"threshold": 70.1, "value": 88.906}, "ethnicity": {"value": "WHITE"}, "eyegaze": {"right_eye_gaze": {"position_x_coordinate": 0.523, "vector_z_component": 0.947, "vector_x_component": 0.0, "vector_y_component": 0.321, "position_y_coordinate": 0.436}, "left_eye_gaze": {"position_x_coordinate": 0.477, "vector_z_component": 0.956, "vector_x_component": -0.066, "vector_y_component": 0.287, "position_y_coordinate": 0.456}}}, "face_rectangle": {"width": 272, "top": 1729, "left": 931, "height": 272}, "face_token": "c92d8618a45fe1346d4cc6136effe67c"}, {"attributes": {"emotion": {"sadness": 0.001, "neutral": 0.001, "disgust": 0.001, "anger": 0.001, "surprise": 0.123, "fear": 0.001, "happiness": 99.871}, "beauty": {"female_score": 72.538, "male_score": 70.183}, "gender": {"value": "Male"}, "age": {"value": 21}, "mouthstatus": {"close": 100.0, "surgical_mask_or_respirator": 0.0, "open": 0.0, "other_occlusion": 0.0}, "glass": {"value": "None"}, "skinstatus": {"dark_circle": 3.134, "stain": 15.776, "acne": 43.825, "health": 2.105}, "headpose": {"yaw_angle": -16.68371, "pitch_angle": 0.018609704, "roll_angle": 15.92571}, "blur": {"blurness": {"threshold": 50.0, "value": 3.47}, "motionblur": {"threshold": 50.0, "value": 3.47}, "gaussianblur": {"threshold": 50.0, "value": 3.47}}, "smile": {"threshold": 50.0, "value": 99.393}, "eyestatus": {"left_eye_status": {"normal_glass_eye_open": 0.169, "no_glass_eye_close": 0.0, "occlusion": 0.004, "no_glass_eye_open": 99.786, "normal_glass_eye_close": 0.0, "dark_glasses": 0.041}, "right_eye_status": {"normal_glass_eye_open": 0.07, "no_glass_eye_close": 0.0, "occlusion": 0.001, "no_glass_eye_open": 99.924, "normal_glass_eye_close": 0.0, "dark_glasses": 0.005}}, "facequality": {"threshold": 70.1, "value": 43.249}, "ethnicity": {"value": "INDIA"}, "eyegaze": {"right_eye_gaze": {"position_x_coordinate": 0.423, "vector_z_component": 0.965, "vector_x_component": -0.242, "vector_y_component": -0.104, "position_y_coordinate": 0.447}, "left_eye_gaze": {"position_x_coordinate": 0.419, "vector_z_component": 0.925, "vector_x_component": -0.376, "vector_y_component": -0.048, "position_y_coordinate": 0.455}}}, "face_rectangle": {"width": 252, "top": 700, "left": 1290, "height": 252}, "face_token": "7082647b7bf11acb956970fd9c42ebb7"}, {"attributes": {"emotion": {"sadness": 0.0, "neutral": 0.022, "disgust": 0.0, "anger": 0.0, "surprise": 0.0, "fear": 0.0, "happiness": 99.978}, "beauty": {"female_score": 57.408, "male_score": 59.596}, "gender": {"value": "Male"}, "age": {"value": 19}, "mouthstatus": {"close": 99.987, "surgical_mask_or_respirator": 0.0, "open": 0.013, "other_occlusion": 0.001}, "glass": {"value": "Normal"}, "skinstatus": {"dark_circle": 13.798, "stain": 1.92, "acne": 7.969, "health": 4.629}, "headpose": {"yaw_angle": -0.67286927, "pitch_angle": -2.0033875, "roll_angle": -6.707873}, "blur": {"blurness": {"threshold": 50.0, "value": 1.098}, "motionblur": {"threshold": 50.0, "value": 1.098}, "gaussianblur": {"threshold": 50.0, "value": 1.098}}, "smile": {"threshold": 50.0, "value": 99.957}, "eyestatus": {"left_eye_status": {"normal_glass_eye_open": 99.9, "no_glass_eye_close": 0.0, "occlusion": 0.0, "no_glass_eye_open": 0.002, "normal_glass_eye_close": 0.098, "dark_glasses": 0.0}, "right_eye_status": {"normal_glass_eye_open": 99.986, "no_glass_eye_close": 0.0, "occlusion": 0.0, "no_glass_eye_open": 0.0, "normal_glass_eye_close": 0.013, "dark_glasses": 0.0}}, "facequality": {"threshold": 70.1, "value": 94.146}, "ethnicity": {"value": "INDIA"}, "eyegaze": {"right_eye_gaze": {"position_x_coordinate": 0.481, "vector_z_component": 0.94, "vector_x_component": -0.113, "vector_y_component": 0.323, "position_y_coordinate": 0.483}, "left_eye_gaze": {"position_x_coordinate": 0.487, "vector_z_component": 0.959, "vector_x_component": -0.046, "vector_y_component": 0.281, "position_y_coordinate": 0.505}}}, "face_rectangle": {"width": 231, "top": 837, "left": 2196, "height": 231}, "face_token": "3a7bb247fefcc8cd692df22276a01490"}, {"attributes": {"emotion": {"sadness": 0.022, "neutral": 99.891, "disgust": 0.011, "anger": 0.004, "surprise": 0.049, "fear": 0.004, "happiness": 0.018}, "beauty": {"female_score": 71.888, "male_score": 70.625}, "gender": {"value": "Male"}, "age": {"value": 19}, "mouthstatus": {"close": 99.994, "surgical_mask_or_respirator": 0.0, "open": 0.006, "other_occlusion": 0.0}, "glass": {"value": "None"}, "skinstatus": {"dark_circle": 3.026, "stain": 6.048, "acne": 22.759, "health": 4.665}, "headpose": {"yaw_angle": 13.072138, "pitch_angle": 3.1528206, "roll_angle": 0.39561245}, "blur": {"blurness": {"threshold": 50.0, "value": 0.19}, "motionblur": {"threshold": 50.0, "value": 0.19}, "gaussianblur": {"threshold": 50.0, "value": 0.19}}, "smile": {"threshold": 50.0, "value": 0.108}, "eyestatus": {"left_eye_status": {"normal_glass_eye_open": 0.003, "no_glass_eye_close": 0.0, "occlusion": 0.0, "no_glass_eye_open": 99.997, "normal_glass_eye_close": 0.0, "dark_glasses": 0.0}, "right_eye_status": {"normal_glass_eye_open": 0.045, "no_glass_eye_close": 0.0, "occlusion": 0.0, "no_glass_eye_open": 99.955, "normal_glass_eye_close": 0.0, "dark_glasses": 0.0}}, "facequality": {"threshold": 70.1, "value": 68.434}, "ethnicity": {"value": "WHITE"}, "eyegaze": {"right_eye_gaze": {"position_x_coordinate": 0.509, "vector_z_component": 0.918, "vector_x_component": 0.097, "vector_y_component": -0.384, "position_y_coordinate": 0.416}, "left_eye_gaze": {"position_x_coordinate": 0.51, "vector_z_component": 0.982, "vector_x_component": 0.012, "vector_y_component": -0.191, "position_y_coordinate": 0.422}}}, "face_rectangle": {"width": 198, "top": 818, "left": 1864, "height": 198}, "face_token": "eeb13ed040b0c6c78189d1d3e16ef270"}, {"attributes": {"emotion": {"sadness": 0.002, "neutral": 99.997, "disgust": 0.0, "anger": 0.0, "surprise": 0.0, "fear": 0.0, "happiness": 0.0}, "beauty": {"female_score": 59.945, "male_score": 59.786}, "gender": {"value": "Male"}, "age": {"value": 20}, "mouthstatus": {"close": 100.0, "surgical_mask_or_respirator": 0.0, "open": 0.0, "other_occlusion": 0.0}, "glass": {"value": "None"}, "skinstatus": {"dark_circle": 2.866, "stain": 10.495, "acne": 89.061, "health": 6.097}, "headpose": {"yaw_angle": 2.385108, "pitch_angle": 5.454938, "roll_angle": -4.1028366}, "blur": {"blurness": {"threshold": 50.0, "value": 0.367}, "motionblur": {"threshold": 50.0, "value": 0.367}, "gaussianblur": {"threshold": 50.0, "value": 0.367}}, "smile": {"threshold": 50.0, "value": 0.009}, "eyestatus": {"left_eye_status": {"normal_glass_eye_open": 0.267, "no_glass_eye_close": 0.0, "occlusion": 0.091, "no_glass_eye_open": 99.62, "normal_glass_eye_close": 0.001, "dark_glasses": 0.02}, "right_eye_status": {"normal_glass_eye_open": 0.456, "no_glass_eye_close": 0.0, "occlusion": 0.001, "no_glass_eye_open": 99.543, "normal_glass_eye_close": 0.0, "dark_glasses": 0.0}}, "facequality": {"threshold": 70.1, "value": 92.408}, "ethnicity": {"value": "WHITE"}, "eyegaze": {"right_eye_gaze": {"position_x_coordinate": 0.518, "vector_z_component": 0.93, "vector_x_component": 0.243, "vector_y_component": -0.274, "position_y_coordinate": 0.382}, "left_eye_gaze": {"position_x_coordinate": 0.461, "vector_z_component": 0.996, "vector_x_component": -0.007, "vector_y_component": -0.085, "position_y_coordinate": 0.42}}}, "face_rectangle": {"width": 182, "top": 1476, "left": 2841, "height": 182}, "face_token": "cb79724da8c1a84df5f0b3c7a78698b8"}, {"face_rectangle": {"width": 76, "top": 1320, "left": 3644, "height": 76}, "face_token": "8ca19506041a97f50a9c6aa270c5f7f2"}, {"face_rectangle": {"width": 53, "top": 1090, "left": 967, "height": 53}, "face_token": "f8a9053365e254c8815e0ac7561d2064"}]}