{"image_id": "zamPhKFzwcZ9HyflpYwczQ==", "request_id": "1551406791,27fe3e3b-c31f-449c-a948-2297db89747e", "time_used": 3566, "faces": [{"attributes": {"emotion": {"sadness": 0.0, "neutral": 0.079, "disgust": 0.0, "anger": 0.0, "surprise": 0.0, "fear": 0.001, "happiness": 99.92}, "beauty": {"female_score": 63.56, "male_score": 61.341}, "gender": {"value": "Female"}, "age": {"value": 19}, "mouthstatus": {"close": 100.0, "surgical_mask_or_respirator": 0.0, "open": 0.0, "other_occlusion": 0.0}, "glass": {"value": "None"}, "skinstatus": {"dark_circle": 1.821, "stain": 33.843, "acne": 91.34, "health": 0.558}, "headpose": {"yaw_angle": 13.253249, "pitch_angle": 2.544738, "roll_angle": -3.1768289}, "blur": {"blurness": {"threshold": 50.0, "value": 0.495}, "motionblur": {"threshold": 50.0, "value": 0.495}, "gaussianblur": {"threshold": 50.0, "value": 0.495}}, "smile": {"threshold": 50.0, "value": 99.999}, "eyestatus": {"left_eye_status": {"normal_glass_eye_open": 0.021, "no_glass_eye_close": 0.009, "occlusion": 0.345, "no_glass_eye_open": 99.621, "normal_glass_eye_close": 0.001, "dark_glasses": 0.003}, "right_eye_status": {"normal_glass_eye_open": 0.003, "no_glass_eye_close": 0.01, "occlusion": 0.003, "no_glass_eye_open": 99.983, "normal_glass_eye_close": 0.0, "dark_glasses": 0.0}}, "facequality": {"threshold": 70.1, "value": 67.641}, "ethnicity": {"value": "WHITE"}, "eyegaze": {"right_eye_gaze": {"position_x_coordinate": 0.347, "vector_z_component": 0.896, "vector_x_component": -0.442, "vector_y_component": 0.029, "position_y_coordinate": 0.41}, "left_eye_gaze": {"position_x_coordinate": 0.411, "vector_z_component": 0.945, "vector_x_component": -0.324, "vector_y_component": -0.037, "position_y_coordinate": 0.358}}}, "face_rectangle": {"width": 500, "top": 1407, "left": 1543, "height": 500}, "face_token": "bfe59c08af8db3e41548b789c121b8c8"}, {"attributes": {"emotion": {"sadness": 78.19, "neutral": 21.738, "disgust": 0.037, "anger": 0.006, "surprise": 0.011, "fear": 0.006, "happiness": 0.011}, "beauty": {"female_score": 45.987, "male_score": 49.018}, "gender": {"value": "Male"}, "age": {"value": 74}, "mouthstatus": {"close": 85.815, "surgical_mask_or_respirator": 0.004, "open": 0.0, "other_occlusion": 14.181}, "glass": {"value": "Normal"}, "skinstatus": {"dark_circle": 18.105, "stain": 1.202, "acne": 0.106, "health": 2.507}, "headpose": {"yaw_angle": 17.464254, "pitch_angle": 2.4753475, "roll_angle": 17.679785}, "blur": {"blurness": {"threshold": 50.0, "value": 39.769}, "motionblur": {"threshold": 50.0, "value": 39.769}, "gaussianblur": {"threshold": 50.0, "value": 39.769}}, "smile": {"threshold": 50.0, "value": 3.324}, "eyestatus": {"left_eye_status": {"normal_glass_eye_open": 7.19, "no_glass_eye_close": 3.101, "occlusion": 65.12, "no_glass_eye_open": 0.672, "normal_glass_eye_close": 21.262, "dark_glasses": 2.654}, "right_eye_status": {"normal_glass_eye_open": 73.248, "no_glass_eye_close": 6.083, "occlusion": 2.299, "no_glass_eye_open": 8.543, "normal_glass_eye_close": 4.464, "dark_glasses": 5.363}}, "facequality": {"threshold": 70.1, "value": 6.803}, "ethnicity": {"value": "WHITE"}, "eyegaze": {"right_eye_gaze": {"position_x_coordinate": 0.468, "vector_z_component": 0.856, "vector_x_component": -0.397, "vector_y_component": 0.33, "position_y_coordinate": 0.541}, "left_eye_gaze": {"position_x_coordinate": 0.446, "vector_z_component": 0.869, "vector_x_component": 0.072, "vector_y_component": 0.49, "position_y_coordinate": 0.52}}}, "face_rectangle": {"width": 156, "top": 610, "left": 1384, "height": 156}, "face_token": "7d5bc495b1971f78fd936665d436572c"}, {"attributes": {"emotion": {"sadness": 8.268, "neutral": 23.977, "disgust": 6.534, "anger": 41.698, "surprise": 18.362, "fear": 0.581, "happiness": 0.581}, "beauty": {"female_score": 57.859, "male_score": 58.276}, "gender": {"value": "Male"}, "age": {"value": 19}, "mouthstatus": {"close": 41.812, "surgical_mask_or_respirator": 0.063, "open": 53.455, "other_occlusion": 4.669}, "glass": {"value": "None"}, "skinstatus": {"dark_circle": 16.868, "stain": 1.184, "acne": 0.513, "health": 14.897}, "headpose": {"yaw_angle": -47.434933, "pitch_angle": 0.8583866, "roll_angle": 7.544057}, "blur": {"blurness": {"threshold": 50.0, "value": 73.115}, "motionblur": {"threshold": 50.0, "value": 73.115}, "gaussianblur": {"threshold": 50.0, "value": 73.115}}, "smile": {"threshold": 50.0, "value": 1.981}, "eyestatus": {"left_eye_status": {"normal_glass_eye_open": 3.569, "no_glass_eye_close": 0.006, "occlusion": 0.261, "no_glass_eye_open": 96.12, "normal_glass_eye_close": 0.025, "dark_glasses": 0.02}, "right_eye_status": {"normal_glass_eye_open": 0.789, "no_glass_eye_close": 0.202, "occlusion": 13.423, "no_glass_eye_open": 85.519, "normal_glass_eye_close": 0.005, "dark_glasses": 0.062}}, "facequality": {"threshold": 70.1, "value": 0.006}, "ethnicity": {"value": "INDIA"}, "eyegaze": {"right_eye_gaze": {"position_x_coordinate": 0.476, "vector_z_component": 0.952, "vector_x_component": -0.293, "vector_y_component": -0.089, "position_y_coordinate": 0.242}, "left_eye_gaze": {"position_x_coordinate": 0.537, "vector_z_component": 0.809, "vector_x_component": 0.586, "vector_y_component": -0.054, "position_y_coordinate": 0.363}}}, "face_rectangle": {"width": 133, "top": 605, "left": 290, "height": 133}, "face_token": "ce5d74700a017f2530e93e7cfe533321"}, {"attributes": {"emotion": {"sadness": 0.052, "neutral": 16.165, "disgust": 0.052, "anger": 81.276, "surprise": 2.146, "fear": 0.058, "happiness": 0.251}, "beauty": {"female_score": 63.854, "male_score": 68.219}, "gender": {"value": "Male"}, "age": {"value": 24}, "mouthstatus": {"close": 97.849, "surgical_mask_or_respirator": 0.0, "open": 0.043, "other_occlusion": 2.107}, "glass": {"value": "Normal"}, "skinstatus": {"dark_circle": 5.58, "stain": 2.047, "acne": 44.135, "health": 1.339}, "headpose": {"yaw_angle": -7.4807634, "pitch_angle": 6.3480997, "roll_angle": 3.6913884}, "blur": {"blurness": {"threshold": 50.0, "value": 72.681}, "motionblur": {"threshold": 50.0, "value": 72.681}, "gaussianblur": {"threshold": 50.0, "value": 72.681}}, "smile": {"threshold": 50.0, "value": 1.442}, "eyestatus": {"left_eye_status": {"normal_glass_eye_open": 86.29, "no_glass_eye_close": 0.001, "occlusion": 0.106, "no_glass_eye_open": 12.952, "normal_glass_eye_close": 0.016, "dark_glasses": 0.634}, "right_eye_status": {"normal_glass_eye_open": 23.035, "no_glass_eye_close": 4.664, "occlusion": 6.332, "no_glass_eye_open": 65.428, "normal_glass_eye_close": 0.508, "dark_glasses": 0.034}}, "facequality": {"threshold": 70.1, "value": 0.006}, "ethnicity": {"value": "WHITE"}, "eyegaze": {"right_eye_gaze": {"position_x_coordinate": 0.414, "vector_z_component": 0.959, "vector_x_component": -0.179, "vector_y_component": -0.22, "position_y_coordinate": 0.407}, "left_eye_gaze": {"position_x_coordinate": 0.543, "vector_z_component": 0.967, "vector_x_component": 0.249, "vector_y_component": 0.055, "position_y_coordinate": 0.403}}}, "face_rectangle": {"width": 116, "top": 781, "left": 944, "height": 116}, "face_token": "79028500742c0b6c4c7e49a47e2f4275"}]}