{"image_id": "eIRxhV0JKNOAB8kfc7yA/A==", "request_id": "1551406692,b28fa5d8-36b3-411c-95d6-af405d65195d", "time_used": 1119, "faces": [{"attributes": {"emotion": {"sadness": 0.001, "neutral": 99.953, "disgust": 0.0, "anger": 0.0, "surprise": 0.001, "fear": 0.036, "happiness": 0.009}, "beauty": {"female_score": 61.828, "male_score": 68.978}, "gender": {"value": "Male"}, "age": {"value": 18}, "mouthstatus": {"close": 99.999, "surgical_mask_or_respirator": 0.0, "open": 0.0, "other_occlusion": 0.001}, "glass": {"value": "None"}, "skinstatus": {"dark_circle": 5.818, "stain": 1.483, "acne": 1.172, "health": 36.926}, "headpose": {"yaw_angle": -7.320843, "pitch_angle": -2.4796796, "roll_angle": 12.139455}, "blur": {"blurness": {"threshold": 50.0, "value": 1.756}, "motionblur": {"threshold": 50.0, "value": 1.756}, "gaussianblur": {"threshold": 50.0, "value": 1.756}}, "smile": {"threshold": 50.0, "value": 0.179}, "eyestatus": {"left_eye_status": {"normal_glass_eye_open": 0.091, "no_glass_eye_close": 0.02, "occlusion": 0.072, "no_glass_eye_open": 99.807, "normal_glass_eye_close": 0.001, "dark_glasses": 0.009}, "right_eye_status": {"normal_glass_eye_open": 0.003, "no_glass_eye_close": 0.001, "occlusion": 0.257, "no_glass_eye_open": 99.358, "normal_glass_eye_close": 0.0, "dark_glasses": 0.381}}, "facequality": {"threshold": 70.1, "value": 87.039}, "ethnicity": {"value": "WHITE"}, "eyegaze": {"right_eye_gaze": {"position_x_coordinate": 0.462, "vector_z_component": 0.961, "vector_x_component": -0.128, "vector_y_component": 0.246, "position_y_coordinate": 0.451}, "left_eye_gaze": {"position_x_coordinate": 0.435, "vector_z_component": 0.958, "vector_x_component": -0.099, "vector_y_component": 0.269, "position_y_coordinate": 0.475}}}, "face_rectangle": {"width": 345, "top": 102, "left": 269, "height": 345}, "face_token": "596d0a3ab34a29fd6ff050c25fdc6141"}]}