{"image_id": "JzOD/KNY2p06sGc6DUBVFQ==", "request_id": "1551406673,b1abf2d4-53d5-4d36-a126-d1040ff1a6f9", "time_used": 515, "faces": [{"attributes": {"emotion": {"sadness": 92.397, "neutral": 7.198, "disgust": 0.307, "anger": 0.009, "surprise": 0.035, "fear": 0.018, "happiness": 0.036}, "beauty": {"female_score": 72.4, "male_score": 73.738}, "gender": {"value": "Female"}, "age": {"value": 22}, "mouthstatus": {"close": 99.995, "surgical_mask_or_respirator": 0.0, "open": 0.0, "other_occlusion": 0.005}, "glass": {"value": "None"}, "skinstatus": {"dark_circle": 8.0, "stain": 1.898, "acne": 3.19, "health": 20.537}, "headpose": {"yaw_angle": 14.796039, "pitch_angle": 12.931044, "roll_angle": -24.132673}, "blur": {"blurness": {"threshold": 50.0, "value": 0.361}, "motionblur": {"threshold": 50.0, "value": 0.361}, "gaussianblur": {"threshold": 50.0, "value": 0.361}}, "smile": {"threshold": 50.0, "value": 5.761}, "eyestatus": {"left_eye_status": {"normal_glass_eye_open": 0.111, "no_glass_eye_close": 0.0, "occlusion": 0.003, "no_glass_eye_open": 99.86, "normal_glass_eye_close": 0.0, "dark_glasses": 0.026}, "right_eye_status": {"normal_glass_eye_open": 0.004, "no_glass_eye_close": 0.0, "occlusion": 0.0, "no_glass_eye_open": 99.993, "normal_glass_eye_close": 0.0, "dark_glasses": 0.003}}, "facequality": {"threshold": 70.1, "value": 45.6}, "ethnicity": {"value": "WHITE"}, "eyegaze": {"right_eye_gaze": {"position_x_coordinate": 0.502, "vector_z_component": 0.996, "vector_x_component": 0.069, "vector_y_component": -0.063, "position_y_coordinate": 0.421}, "left_eye_gaze": {"position_x_coordinate": 0.558, "vector_z_component": 0.977, "vector_x_component": 0.206, "vector_y_component": 0.051, "position_y_coordinate": 0.408}}}, "face_rectangle": {"width": 363, "top": 315, "left": 268, "height": 363}, "face_token": "15b8866c30432003c345d3707ffb4b8c"}]}