{"image_id": "QRrd0PUIeI75VdZ1oDmpeA==", "request_id": "1551406877,da265e4c-943b-45a8-837d-6c0f8d0fa336", "time_used": 487, "faces": [{"attributes": {"emotion": {"sadness": 0.005, "neutral": 99.505, "disgust": 0.001, "anger": 0.001, "surprise": 0.005, "fear": 0.001, "happiness": 0.482}, "beauty": {"female_score": 50.789, "male_score": 54.234}, "gender": {"value": "Male"}, "age": {"value": 37}, "mouthstatus": {"close": 100.0, "surgical_mask_or_respirator": 0.0, "open": 0.0, "other_occlusion": 0.0}, "glass": {"value": "None"}, "skinstatus": {"dark_circle": 1.288, "stain": 4.525, "acne": 0.44, "health": 2.354}, "headpose": {"yaw_angle": 10.373026, "pitch_angle": -7.6281233, "roll_angle": 2.2853382}, "blur": {"blurness": {"threshold": 50.0, "value": 1.26}, "motionblur": {"threshold": 50.0, "value": 1.26}, "gaussianblur": {"threshold": 50.0, "value": 1.26}}, "smile": {"threshold": 50.0, "value": 23.868}, "eyestatus": {"left_eye_status": {"normal_glass_eye_open": 0.001, "no_glass_eye_close": 0.0, "occlusion": 0.008, "no_glass_eye_open": 99.991, "normal_glass_eye_close": 0.0, "dark_glasses": 0.0}, "right_eye_status": {"normal_glass_eye_open": 0.219, "no_glass_eye_close": 0.002, "occlusion": 0.586, "no_glass_eye_open": 99.168, "normal_glass_eye_close": 0.004, "dark_glasses": 0.02}}, "facequality": {"threshold": 70.1, "value": 75.939}, "ethnicity": {"value": "WHITE"}, "eyegaze": {"right_eye_gaze": {"position_x_coordinate": 0.541, "vector_z_component": 0.99, "vector_x_component": 0.139, "vector_y_component": -0.022, "position_y_coordinate": 0.496}, "left_eye_gaze": {"position_x_coordinate": 0.497, "vector_z_component": 0.999, "vector_x_component": -0.011, "vector_y_component": -0.032, "position_y_coordinate": 0.452}}}, "face_rectangle": {"width": 114, "top": 309, "left": 302, "height": 114}, "face_token": "9a40e4523ff5ce730d8787b248be0658"}]}