{"image_id": "17NqarxYg+KMtNNvk/8CWw==", "request_id": "1551406504,6181a259-deff-417e-9c6b-52c278e7cdd4", "time_used": 2150, "faces": [{"attributes": {"emotion": {"sadness": 0.005, "neutral": 99.244, "disgust": 0.008, "anger": 0.005, "surprise": 0.028, "fear": 0.005, "happiness": 0.706}, "beauty": {"female_score": 69.416, "male_score": 67.548}, "gender": {"value": "Female"}, "age": {"value": 23}, "mouthstatus": {"close": 100.0, "surgical_mask_or_respirator": 0.0, "open": 0.0, "other_occlusion": 0.0}, "glass": {"value": "None"}, "skinstatus": {"dark_circle": 2.412, "stain": 6.337, "acne": 10.265, "health": 15.01}, "headpose": {"yaw_angle": -10.631521, "pitch_angle": 4.746582, "roll_angle": 22.62675}, "blur": {"blurness": {"threshold": 50.0, "value": 5.717}, "motionblur": {"threshold": 50.0, "value": 5.717}, "gaussianblur": {"threshold": 50.0, "value": 5.717}}, "smile": {"threshold": 50.0, "value": 7.82}, "eyestatus": {"left_eye_status": {"normal_glass_eye_open": 0.0, "no_glass_eye_close": 0.0, "occlusion": 0.0, "no_glass_eye_open": 100.0, "normal_glass_eye_close": 0.0, "dark_glasses": 0.0}, "right_eye_status": {"normal_glass_eye_open": 0.022, "no_glass_eye_close": 0.0, "occlusion": 0.001, "no_glass_eye_open": 99.977, "normal_glass_eye_close": 0.0, "dark_glasses": 0.0}}, "facequality": {"threshold": 70.1, "value": 74.197}, "ethnicity": {"value": "WHITE"}, "eyegaze": {"right_eye_gaze": {"position_x_coordinate": 0.431, "vector_z_component": 0.997, "vector_x_component": -0.072, "vector_y_component": 0.031, "position_y_coordinate": 0.43}, "left_eye_gaze": {"position_x_coordinate": 0.463, "vector_z_component": 0.997, "vector_x_component": -0.071, "vector_y_component": 0.039, "position_y_coordinate": 0.466}}}, "face_rectangle": {"width": 680, "top": 745, "left": 595, "height": 680}, "face_token": "2a199e87597cbad5f46c33d1329a0eea"}]}