{"image_id": "oztorqKoCkMKHzFKD5LKzg==", "request_id": "1551406961,62813546-74fd-4191-9a26-d03fd78324fd", "time_used": 692, "faces": [{"attributes": {"emotion": {"sadness": 2.292, "neutral": 4.524, "disgust": 15.907, "anger": 0.137, "surprise": 35.139, "fear": 41.725, "happiness": 0.276}, "beauty": {"female_score": 54.856, "male_score": 55.823}, "gender": {"value": "Male"}, "age": {"value": 22}, "mouthstatus": {"close": 45.979, "surgical_mask_or_respirator": 0.888, "open": 51.136, "other_occlusion": 1.997}, "glass": {"value": "Dark"}, "skinstatus": {"dark_circle": 13.765, "stain": 1.443, "acne": 1.273, "health": 6.235}, "headpose": {"yaw_angle": -1.5917166, "pitch_angle": 3.4436226, "roll_angle": -4.795806}, "blur": {"blurness": {"threshold": 50.0, "value": 0.401}, "motionblur": {"threshold": 50.0, "value": 0.401}, "gaussianblur": {"threshold": 50.0, "value": 0.401}}, "smile": {"threshold": 50.0, "value": 0.688}, "eyestatus": {"left_eye_status": {"normal_glass_eye_open": 64.271, "no_glass_eye_close": 0.001, "occlusion": 0.11, "no_glass_eye_open": 0.809, "normal_glass_eye_close": 0.122, "dark_glasses": 34.686}, "right_eye_status": {"normal_glass_eye_open": 3.353, "no_glass_eye_close": 0.0, "occlusion": 0.073, "no_glass_eye_open": 0.09, "normal_glass_eye_close": 0.021, "dark_glasses": 96.463}}, "facequality": {"threshold": 70.1, "value": 93.506}, "ethnicity": {"value": "BLACK"}, "eyegaze": {"right_eye_gaze": {"position_x_coordinate": 0.495, "vector_z_component": 0.948, "vector_x_component": -0.162, "vector_y_component": 0.274, "position_y_coordinate": 0.529}, "left_eye_gaze": {"position_x_coordinate": 0.516, "vector_z_component": 0.984, "vector_x_component": 0.075, "vector_y_component": 0.16, "position_y_coordinate": 0.468}}}, "face_rectangle": {"width": 219, "top": 276, "left": 165, "height": 219}, "face_token": "862a1c33be9b974015b6ec2a451f2877"}]}