{"image_id": "mW2JF8kS2+r1vDGIZCJbEA==", "request_id": "1551406787,139fd498-060e-4c65-a487-404fe81020e0", "time_used": 376, "faces": [{"attributes": {"emotion": {"sadness": 0.254, "neutral": 0.05, "disgust": 0.002, "anger": 0.002, "surprise": 0.319, "fear": 0.002, "happiness": 99.37}, "beauty": {"female_score": 76.752, "male_score": 73.808}, "gender": {"value": "Female"}, "age": {"value": 19}, "mouthstatus": {"close": 61.021, "surgical_mask_or_respirator": 0.107, "open": 5.78, "other_occlusion": 33.093}, "glass": {"value": "None"}, "skinstatus": {"dark_circle": 2.149, "stain": 50.098, "acne": 67.23, "health": 4.077}, "headpose": {"yaw_angle": 11.0754795, "pitch_angle": 10.686447, "roll_angle": 17.180746}, "blur": {"blurness": {"threshold": 50.0, "value": 0.552}, "motionblur": {"threshold": 50.0, "value": 0.552}, "gaussianblur": {"threshold": 50.0, "value": 0.552}}, "smile": {"threshold": 50.0, "value": 46.202}, "eyestatus": {"left_eye_status": {"normal_glass_eye_open": 0.014, "no_glass_eye_close": 0.0, "occlusion": 0.0, "no_glass_eye_open": 99.986, "normal_glass_eye_close": 0.0, "dark_glasses": 0.0}, "right_eye_status": {"normal_glass_eye_open": 0.067, "no_glass_eye_close": 0.0, "occlusion": 0.0, "no_glass_eye_open": 99.933, "normal_glass_eye_close": 0.0, "dark_glasses": 0.0}}, "facequality": {"threshold": 70.1, "value": 70.068}, "ethnicity": {"value": "WHITE"}, "eyegaze": {"right_eye_gaze": {"position_x_coordinate": 0.503, "vector_z_component": 0.993, "vector_x_component": -0.002, "vector_y_component": -0.117, "position_y_coordinate": 0.449}, "left_eye_gaze": {"position_x_coordinate": 0.487, "vector_z_component": 0.99, "vector_x_component": 0.121, "vector_y_component": -0.079, "position_y_coordinate": 0.415}}}, "face_rectangle": {"width": 205, "top": 80, "left": 101, "height": 205}, "face_token": "544b2d40198e880ce2ce5f411955ed28"}]}