{"image_id": "ZnVlipd8uVWG20jWZVBzcg==", "request_id": "1551406784,e1464a3e-f312-4126-b8ec-6d53982b7cfe", "time_used": 879, "faces": [{"attributes": {"emotion": {"sadness": 0.0, "neutral": 0.0, "disgust": 0.0, "anger": 0.0, "surprise": 0.0, "fear": 0.0, "happiness": 100.0}, "beauty": {"female_score": 77.144, "male_score": 75.275}, "gender": {"value": "Female"}, "age": {"value": 33}, "mouthstatus": {"close": 0.0, "surgical_mask_or_respirator": 0.0, "open": 99.996, "other_occlusion": 0.004}, "glass": {"value": "None"}, "skinstatus": {"dark_circle": 5.416, "stain": 27.095, "acne": 67.366, "health": 5.593}, "headpose": {"yaw_angle": -9.688142, "pitch_angle": 7.311234, "roll_angle": 16.850899}, "blur": {"blurness": {"threshold": 50.0, "value": 0.588}, "motionblur": {"threshold": 50.0, "value": 0.588}, "gaussianblur": {"threshold": 50.0, "value": 0.588}}, "smile": {"threshold": 50.0, "value": 100.0}, "eyestatus": {"left_eye_status": {"normal_glass_eye_open": 0.0, "no_glass_eye_close": 0.0, "occlusion": 0.0, "no_glass_eye_open": 100.0, "normal_glass_eye_close": 0.0, "dark_glasses": 0.0}, "right_eye_status": {"normal_glass_eye_open": 0.888, "no_glass_eye_close": 0.0, "occlusion": 0.001, "no_glass_eye_open": 99.11, "normal_glass_eye_close": 0.0, "dark_glasses": 0.002}}, "facequality": {"threshold": 70.1, "value": 79.0}, "ethnicity": {"value": "BLACK"}, "eyegaze": {"right_eye_gaze": {"position_x_coordinate": 0.37, "vector_z_component": 0.951, "vector_x_component": -0.281, "vector_y_component": -0.128, "position_y_coordinate": 0.404}, "left_eye_gaze": {"position_x_coordinate": 0.437, "vector_z_component": 0.964, "vector_x_component": -0.035, "vector_y_component": -0.263, "position_y_coordinate": 0.375}}}, "face_rectangle": {"width": 422, "top": 542, "left": 306, "height": 422}, "face_token": "6c0848172ab19aa2c2c3d933293e652a"}]}