{"image_id": "+z+C248Bgsdbys29IjUcUw==", "request_id": "1551407007,5e61ee29-4887-4b70-a169-72cc8176148f", "time_used": 726, "faces": [{"attributes": {"emotion": {"sadness": 0.001, "neutral": 0.001, "disgust": 0.0, "anger": 0.001, "surprise": 0.0, "fear": 0.0, "happiness": 99.998}, "beauty": {"female_score": 53.015, "male_score": 42.857}, "gender": {"value": "Male"}, "age": {"value": 30}, "mouthstatus": {"close": 0.002, "surgical_mask_or_respirator": 0.0, "open": 99.998, "other_occlusion": 0.0}, "glass": {"value": "None"}, "skinstatus": {"dark_circle": 39.879, "stain": 3.034, "acne": 0.583, "health": 4.383}, "headpose": {"yaw_angle": 11.682273, "pitch_angle": 0.7592737, "roll_angle": -12.31811}, "blur": {"blurness": {"threshold": 50.0, "value": 0.042}, "motionblur": {"threshold": 50.0, "value": 0.042}, "gaussianblur": {"threshold": 50.0, "value": 0.042}}, "smile": {"threshold": 50.0, "value": 100.0}, "eyestatus": {"left_eye_status": {"normal_glass_eye_open": 0.076, "no_glass_eye_close": 0.001, "occlusion": 0.62, "no_glass_eye_open": 99.289, "normal_glass_eye_close": 0.0, "dark_glasses": 0.013}, "right_eye_status": {"normal_glass_eye_open": 0.023, "no_glass_eye_close": 0.006, "occlusion": 0.824, "no_glass_eye_open": 99.146, "normal_glass_eye_close": 0.0, "dark_glasses": 0.001}}, "facequality": {"threshold": 70.1, "value": 76.468}, "ethnicity": {"value": "BLACK"}, "eyegaze": {"right_eye_gaze": {"position_x_coordinate": 0.323, "vector_z_component": 0.648, "vector_x_component": -0.723, "vector_y_component": 0.241, "position_y_coordinate": 0.538}, "left_eye_gaze": {"position_x_coordinate": 0.613, "vector_z_component": 0.691, "vector_x_component": 0.652, "vector_y_component": 0.311, "position_y_coordinate": 0.529}}}, "face_rectangle": {"width": 171, "top": 78, "left": 214, "height": 171}, "face_token": "23558c32114ec75c1ea77e13ca265433"}]}