{"image_id": "MtWkM2isYs1KSMbOlYxTWA==", "request_id": "1551406654,4969e0da-e3b9-4ea6-b32d-fa5039578743", "time_used": 321, "faces": [{"attributes": {"emotion": {"sadness": 1.504, "neutral": 98.148, "disgust": 0.047, "anger": 0.031, "surprise": 0.04, "fear": 0.16, "happiness": 0.069}, "beauty": {"female_score": 69.734, "male_score": 70.792}, "gender": {"value": "Female"}, "age": {"value": 21}, "mouthstatus": {"close": 99.994, "surgical_mask_or_respirator": 0.0, "open": 0.006, "other_occlusion": 0.0}, "glass": {"value": "None"}, "skinstatus": {"dark_circle": 7.504, "stain": 2.675, "acne": 22.159, "health": 5.634}, "headpose": {"yaw_angle": -13.8602085, "pitch_angle": 5.7488546, "roll_angle": 5.3206625}, "blur": {"blurness": {"threshold": 50.0, "value": 0.982}, "motionblur": {"threshold": 50.0, "value": 0.982}, "gaussianblur": {"threshold": 50.0, "value": 0.982}}, "smile": {"threshold": 50.0, "value": 0.0}, "eyestatus": {"left_eye_status": {"normal_glass_eye_open": 0.254, "no_glass_eye_close": 0.0, "occlusion": 0.004, "no_glass_eye_open": 99.737, "normal_glass_eye_close": 0.0, "dark_glasses": 0.005}, "right_eye_status": {"normal_glass_eye_open": 0.003, "no_glass_eye_close": 0.0, "occlusion": 0.007, "no_glass_eye_open": 99.99, "normal_glass_eye_close": 0.0, "dark_glasses": 0.0}}, "facequality": {"threshold": 70.1, "value": 61.092}, "ethnicity": {"value": "WHITE"}, "eyegaze": {"right_eye_gaze": {"position_x_coordinate": 0.366, "vector_z_component": 0.918, "vector_x_component": -0.396, "vector_y_component": -0.034, "position_y_coordinate": 0.445}, "left_eye_gaze": {"position_x_coordinate": 0.422, "vector_z_component": 0.969, "vector_x_component": -0.241, "vector_y_component": -0.056, "position_y_coordinate": 0.461}}}, "face_rectangle": {"width": 258, "top": 167, "left": 352, "height": 258}, "face_token": "554e3e579aee48a4c207af7b64847f75"}]}