{"image_id": "J7aYHymPNK9KMntjByWqNg==", "request_id": "1551406958,909e4903-12e6-47bb-8f6b-8053da010553", "time_used": 1627, "faces": [{"attributes": {"emotion": {"sadness": 0.002, "neutral": 99.769, "disgust": 0.15, "anger": 0.005, "surprise": 0.008, "fear": 0.012, "happiness": 0.055}, "beauty": {"female_score": 71.676, "male_score": 64.417}, "gender": {"value": "Female"}, "age": {"value": 17}, "mouthstatus": {"close": 99.992, "surgical_mask_or_respirator": 0.0, "open": 0.0, "other_occlusion": 0.008}, "glass": {"value": "None"}, "skinstatus": {"dark_circle": 11.159, "stain": 87.055, "acne": 61.527, "health": 8.185}, "headpose": {"yaw_angle": 27.289839, "pitch_angle": 2.1820054, "roll_angle": -50.001553}, "blur": {"blurness": {"threshold": 50.0, "value": 1.301}, "motionblur": {"threshold": 50.0, "value": 1.301}, "gaussianblur": {"threshold": 50.0, "value": 1.301}}, "smile": {"threshold": 50.0, "value": 0.001}, "eyestatus": {"left_eye_status": {"normal_glass_eye_open": 0.006, "no_glass_eye_close": 0.0, "occlusion": 0.001, "no_glass_eye_open": 99.993, "normal_glass_eye_close": 0.0, "dark_glasses": 0.0}, "right_eye_status": {"normal_glass_eye_open": 0.015, "no_glass_eye_close": 0.0, "occlusion": 0.123, "no_glass_eye_open": 99.784, "normal_glass_eye_close": 0.0, "dark_glasses": 0.078}}, "facequality": {"threshold": 70.1, "value": 0.192}, "ethnicity": {"value": "WHITE"}, "eyegaze": {"right_eye_gaze": {"position_x_coordinate": 0.545, "vector_z_component": 0.982, "vector_x_component": 0.18, "vector_y_component": -0.06, "position_y_coordinate": 0.431}, "left_eye_gaze": {"position_x_coordinate": 0.569, "vector_z_component": 0.942, "vector_x_component": 0.331, "vector_y_component": -0.057, "position_y_coordinate": 0.428}}}, "face_rectangle": {"width": 984, "top": 507, "left": 181, "height": 984}, "face_token": "c86f41bd330b32745761385a09525c95"}]}