{"image_id": "uqmnN53jDLmTz5cK+lbegA==", "request_id": "1551407016,8784b9f8-60dd-4fcc-ae75-6b2479cea0d5", "time_used": 2308, "faces": [{"attributes": {"emotion": {"sadness": 0.003, "neutral": 2.232, "disgust": 0.002, "anger": 0.002, "surprise": 0.54, "fear": 0.002, "happiness": 97.219}, "beauty": {"female_score": 65.512, "male_score": 62.878}, "gender": {"value": "Female"}, "age": {"value": 30}, "mouthstatus": {"close": 99.946, "surgical_mask_or_respirator": 0.0, "open": 0.054, "other_occlusion": 0.0}, "glass": {"value": "None"}, "skinstatus": {"dark_circle": 2.438, "stain": 32.836, "acne": 2.318, "health": 3.003}, "headpose": {"yaw_angle": 12.491, "pitch_angle": 4.294036, "roll_angle": -0.72885734}, "blur": {"blurness": {"threshold": 50.0, "value": 2.866}, "motionblur": {"threshold": 50.0, "value": 2.866}, "gaussianblur": {"threshold": 50.0, "value": 2.866}}, "smile": {"threshold": 50.0, "value": 38.031}, "eyestatus": {"left_eye_status": {"normal_glass_eye_open": 50.713, "no_glass_eye_close": 0.002, "occlusion": 0.286, "no_glass_eye_open": 43.661, "normal_glass_eye_close": 0.014, "dark_glasses": 5.324}, "right_eye_status": {"normal_glass_eye_open": 0.769, "no_glass_eye_close": 0.0, "occlusion": 89.366, "no_glass_eye_open": 6.598, "normal_glass_eye_close": 0.001, "dark_glasses": 3.266}}, "facequality": {"threshold": 70.1, "value": 68.516}, "ethnicity": {"value": "WHITE"}, "eyegaze": {"right_eye_gaze": {"position_x_coordinate": 0.508, "vector_z_component": 0.984, "vector_x_component": -0.152, "vector_y_component": -0.09, "position_y_coordinate": 0.46}, "left_eye_gaze": {"position_x_coordinate": 0.531, "vector_z_component": 0.964, "vector_x_component": 0.215, "vector_y_component": 0.157, "position_y_coordinate": 0.459}}}, "face_rectangle": {"width": 893, "top": 656, "left": 846, "height": 893}, "face_token": "43e6075ef6cd87b7f90ba9e6a6ec7a3f"}]}