{"image_id": "N9D2QhHMa5STaU5K1nRkEQ==", "request_id": "1551406806,db2f1fa0-9a21-405f-863a-b512bbf2a5bf", "time_used": 3000, "faces": [{"attributes": {"emotion": {"sadness": 0.0, "neutral": 0.001, "disgust": 0.0, "anger": 0.0, "surprise": 0.0, "fear": 0.0, "happiness": 99.998}, "beauty": {"female_score": 45.141, "male_score": 47.247}, "gender": {"value": "Male"}, "age": {"value": 24}, "mouthstatus": {"close": 100.0, "surgical_mask_or_respirator": 0.0, "open": 0.0, "other_occlusion": 0.0}, "glass": {"value": "None"}, "skinstatus": {"dark_circle": 13.001, "stain": 8.481, "acne": 20.377, "health": 0.728}, "headpose": {"yaw_angle": 5.234157, "pitch_angle": -1.6383412, "roll_angle": -1.5354583}, "blur": {"blurness": {"threshold": 50.0, "value": 0.423}, "motionblur": {"threshold": 50.0, "value": 0.423}, "gaussianblur": {"threshold": 50.0, "value": 0.423}}, "smile": {"threshold": 50.0, "value": 97.671}, "eyestatus": {"left_eye_status": {"normal_glass_eye_open": 0.0, "no_glass_eye_close": 0.0, "occlusion": 0.0, "no_glass_eye_open": 100.0, "normal_glass_eye_close": 0.0, "dark_glasses": 0.0}, "right_eye_status": {"normal_glass_eye_open": 0.001, "no_glass_eye_close": 0.0, "occlusion": 0.0, "no_glass_eye_open": 99.999, "normal_glass_eye_close": 0.0, "dark_glasses": 0.0}}, "facequality": {"threshold": 70.1, "value": 90.891}, "ethnicity": {"value": "WHITE"}, "eyegaze": {"right_eye_gaze": {"position_x_coordinate": 0.477, "vector_z_component": 0.98, "vector_x_component": 0.032, "vector_y_component": 0.195, "position_y_coordinate": 0.501}, "left_eye_gaze": {"position_x_coordinate": 0.489, "vector_z_component": 0.963, "vector_x_component": 0.032, "vector_y_component": 0.267, "position_y_coordinate": 0.483}}}, "face_rectangle": {"width": 508, "top": 701, "left": 1208, "height": 508}, "face_token": "aab60e860bfd3b4965bef91bf9f36e90"}]}