{"image_id": "In5F82cu+8Ok5jjGWeOZbQ==", "request_id": "1551407052,1967c194-db1d-42b1-a689-e12c430a3596", "time_used": 629, "faces": [{"attributes": {"emotion": {"sadness": 62.127, "neutral": 26.171, "disgust": 0.036, "anger": 0.176, "surprise": 0.036, "fear": 0.048, "happiness": 11.406}, "beauty": {"female_score": 53.844, "male_score": 48.452}, "gender": {"value": "Male"}, "age": {"value": 25}, "mouthstatus": {"close": 98.125, "surgical_mask_or_respirator": 0.0, "open": 1.171, "other_occlusion": 0.704}, "glass": {"value": "None"}, "skinstatus": {"dark_circle": 11.161, "stain": 8.324, "acne": 24.384, "health": 4.88}, "headpose": {"yaw_angle": -0.32114694, "pitch_angle": -9.651588, "roll_angle": 7.1664925}, "blur": {"blurness": {"threshold": 50.0, "value": 1.175}, "motionblur": {"threshold": 50.0, "value": 1.175}, "gaussianblur": {"threshold": 50.0, "value": 1.175}}, "smile": {"threshold": 50.0, "value": 8.283}, "eyestatus": {"left_eye_status": {"normal_glass_eye_open": 0.003, "no_glass_eye_close": 0.0, "occlusion": 0.01, "no_glass_eye_open": 99.986, "normal_glass_eye_close": 0.0, "dark_glasses": 0.0}, "right_eye_status": {"normal_glass_eye_open": 0.0, "no_glass_eye_close": 0.0, "occlusion": 0.001, "no_glass_eye_open": 99.999, "normal_glass_eye_close": 0.0, "dark_glasses": 0.0}}, "facequality": {"threshold": 70.1, "value": 91.796}, "ethnicity": {"value": "WHITE"}, "eyegaze": {"right_eye_gaze": {"position_x_coordinate": 0.444, "vector_z_component": 0.954, "vector_x_component": -0.227, "vector_y_component": 0.197, "position_y_coordinate": 0.476}, "left_eye_gaze": {"position_x_coordinate": 0.439, "vector_z_component": 0.977, "vector_x_component": -0.172, "vector_y_component": 0.13, "position_y_coordinate": 0.478}}}, "face_rectangle": {"width": 263, "top": 33, "left": 187, "height": 263}, "face_token": "af5d6839ae599d01f5618194886433d4"}, {"attributes": {"emotion": {"sadness": 0.0, "neutral": 99.994, "disgust": 0.0, "anger": 0.0, "surprise": 0.0, "fear": 0.0, "happiness": 0.006}, "beauty": {"female_score": 64.344, "male_score": 64.901}, "gender": {"value": "Male"}, "age": {"value": 19}, "mouthstatus": {"close": 99.999, "surgical_mask_or_respirator": 0.0, "open": 0.0, "other_occlusion": 0.001}, "glass": {"value": "None"}, "skinstatus": {"dark_circle": 2.038, "stain": 1.223, "acne": 8.007, "health": 6.918}, "headpose": {"yaw_angle": 1.3335901, "pitch_angle": -7.5520144, "roll_angle": -13.546653}, "blur": {"blurness": {"threshold": 50.0, "value": 0.875}, "motionblur": {"threshold": 50.0, "value": 0.875}, "gaussianblur": {"threshold": 50.0, "value": 0.875}}, "smile": {"threshold": 50.0, "value": 97.606}, "eyestatus": {"left_eye_status": {"normal_glass_eye_open": 0.001, "no_glass_eye_close": 0.0, "occlusion": 0.005, "no_glass_eye_open": 99.993, "normal_glass_eye_close": 0.0, "dark_glasses": 0.0}, "right_eye_status": {"normal_glass_eye_open": 0.0, "no_glass_eye_close": 0.0, "occlusion": 0.0, "no_glass_eye_open": 100.0, "normal_glass_eye_close": 0.0, "dark_glasses": 0.0}}, "facequality": {"threshold": 70.1, "value": 92.216}, "ethnicity": {"value": "WHITE"}, "eyegaze": {"right_eye_gaze": {"position_x_coordinate": 0.458, "vector_z_component": 0.972, "vector_x_component": -0.198, "vector_y_component": 0.129, "position_y_coordinate": 0.473}, "left_eye_gaze": {"position_x_coordinate": 0.445, "vector_z_component": 0.977, "vector_x_component": -0.078, "vector_y_component": 0.199, "position_y_coordinate": 0.49}}}, "face_rectangle": {"width": 163, "top": 211, "left": 574, "height": 163}, "face_token": "ea9974e61717374a5e2a00f140e458fb"}]}