{"image_id": "TcWhk9ZrxfRWQvKVDxUixA==", "request_id": "1551406885,939588b2-36fc-4a4f-89f0-853d3c63e167", "time_used": 331, "faces": [{"attributes": {"emotion": {"sadness": 0.001, "neutral": 99.895, "disgust": 0.0, "anger": 0.0, "surprise": 0.0, "fear": 0.0, "happiness": 0.104}, "beauty": {"female_score": 62.303, "male_score": 60.204}, "gender": {"value": "Female"}, "age": {"value": 21}, "mouthstatus": {"close": 99.75, "surgical_mask_or_respirator": 0.0, "open": 0.25, "other_occlusion": 0.0}, "glass": {"value": "None"}, "skinstatus": {"dark_circle": 25.127, "stain": 13.469, "acne": 51.203, "health": 4.876}, "headpose": {"yaw_angle": -14.524124, "pitch_angle": 6.917967, "roll_angle": 8.079252}, "blur": {"blurness": {"threshold": 50.0, "value": 0.417}, "motionblur": {"threshold": 50.0, "value": 0.417}, "gaussianblur": {"threshold": 50.0, "value": 0.417}}, "smile": {"threshold": 50.0, "value": 5.633}, "eyestatus": {"left_eye_status": {"normal_glass_eye_open": 0.014, "no_glass_eye_close": 0.0, "occlusion": 0.001, "no_glass_eye_open": 99.982, "normal_glass_eye_close": 0.0, "dark_glasses": 0.003}, "right_eye_status": {"normal_glass_eye_open": 0.001, "no_glass_eye_close": 0.0, "occlusion": 0.001, "no_glass_eye_open": 99.997, "normal_glass_eye_close": 0.0, "dark_glasses": 0.001}}, "facequality": {"threshold": 70.1, "value": 56.093}, "ethnicity": {"value": "WHITE"}, "eyegaze": {"right_eye_gaze": {"position_x_coordinate": 0.41, "vector_z_component": 0.964, "vector_x_component": -0.235, "vector_y_component": 0.121, "position_y_coordinate": 0.436}, "left_eye_gaze": {"position_x_coordinate": 0.394, "vector_z_component": 0.993, "vector_x_component": -0.117, "vector_y_component": -0.027, "position_y_coordinate": 0.411}}}, "face_rectangle": {"width": 278, "top": 249, "left": 215, "height": 278}, "face_token": "e2b722e1ae64eba08e7b2f8a636e695d"}]}