{"image_id": "xnauILlVLcDs1rlu5hKr7Q==", "request_id": "1551407015,f59c65c1-a134-4869-baa4-7d2e916fad29", "time_used": 575, "faces": [{"attributes": {"emotion": {"sadness": 0.334, "neutral": 1.04, "disgust": 1.057, "anger": 97.426, "surprise": 0.021, "fear": 0.014, "happiness": 0.108}, "beauty": {"female_score": 62.714, "male_score": 56.456}, "gender": {"value": "Male"}, "age": {"value": 30}, "mouthstatus": {"close": 99.849, "surgical_mask_or_respirator": 0.0, "open": 0.12, "other_occlusion": 0.031}, "glass": {"value": "None"}, "skinstatus": {"dark_circle": 9.235, "stain": 18.819, "acne": 0.42, "health": 23.974}, "headpose": {"yaw_angle": -1.6101607, "pitch_angle": -12.621674, "roll_angle": 1.5485789}, "blur": {"blurness": {"threshold": 50.0, "value": 0.179}, "motionblur": {"threshold": 50.0, "value": 0.179}, "gaussianblur": {"threshold": 50.0, "value": 0.179}}, "smile": {"threshold": 50.0, "value": 1.257}, "eyestatus": {"left_eye_status": {"normal_glass_eye_open": 0.003, "no_glass_eye_close": 96.325, "occlusion": 0.106, "no_glass_eye_open": 3.552, "normal_glass_eye_close": 0.013, "dark_glasses": 0.001}, "right_eye_status": {"normal_glass_eye_open": 0.001, "no_glass_eye_close": 31.341, "occlusion": 0.062, "no_glass_eye_open": 68.594, "normal_glass_eye_close": 0.0, "dark_glasses": 0.001}}, "facequality": {"threshold": 70.1, "value": 89.15}, "ethnicity": {"value": "WHITE"}, "eyegaze": {"right_eye_gaze": {"position_x_coordinate": 0.606, "vector_z_component": 0.87, "vector_x_component": 0.493, "vector_y_component": -0.01, "position_y_coordinate": 0.542}, "left_eye_gaze": {"position_x_coordinate": 0.612, "vector_z_component": 0.647, "vector_x_component": 0.495, "vector_y_component": -0.581, "position_y_coordinate": 0.232}}}, "face_rectangle": {"width": 129, "top": 360, "left": 302, "height": 129}, "face_token": "4e7eec08e290e5d4e3655cb383f31d4a"}]}