{"image_id": "4/UhscLPDTZAobbU58iBGQ==", "request_id": "1551406986,5a66788c-d5d0-4568-b1e4-acafc8c370a0", "time_used": 2056, "faces": [{"attributes": {"emotion": {"sadness": 20.943, "neutral": 4.356, "disgust": 0.069, "anger": 0.088, "surprise": 0.056, "fear": 26.2, "happiness": 48.288}, "beauty": {"female_score": 38.559, "male_score": 40.338}, "gender": {"value": "Male"}, "age": {"value": 32}, "mouthstatus": {"close": 0.0, "surgical_mask_or_respirator": 0.0, "open": 100.0, "other_occlusion": 0.0}, "glass": {"value": "Normal"}, "skinstatus": {"dark_circle": 3.457, "stain": 28.695, "acne": 5.19, "health": 15.763}, "headpose": {"yaw_angle": 4.599795, "pitch_angle": -9.183053, "roll_angle": -3.0771825}, "blur": {"blurness": {"threshold": 50.0, "value": 0.336}, "motionblur": {"threshold": 50.0, "value": 0.336}, "gaussianblur": {"threshold": 50.0, "value": 0.336}}, "smile": {"threshold": 50.0, "value": 70.186}, "eyestatus": {"left_eye_status": {"normal_glass_eye_open": 98.659, "no_glass_eye_close": 0.0, "occlusion": 0.0, "no_glass_eye_open": 0.004, "normal_glass_eye_close": 1.209, "dark_glasses": 0.128}, "right_eye_status": {"normal_glass_eye_open": 26.666, "no_glass_eye_close": 0.0, "occlusion": 0.031, "no_glass_eye_open": 0.017, "normal_glass_eye_close": 7.849, "dark_glasses": 65.437}}, "facequality": {"threshold": 70.1, "value": 88.412}, "ethnicity": {"value": "WHITE"}, "eyegaze": {"right_eye_gaze": {"position_x_coordinate": 0.453, "vector_z_component": 0.902, "vector_x_component": 0.083, "vector_y_component": -0.424, "position_y_coordinate": 0.46}, "left_eye_gaze": {"position_x_coordinate": 0.453, "vector_z_component": 0.826, "vector_x_component": -0.151, "vector_y_component": -0.543, "position_y_coordinate": 0.363}}}, "face_rectangle": {"width": 581, "top": 1422, "left": 1472, "height": 581}, "face_token": "4dce4f561894197d371eac5de467da6e"}]}