{"image_id": "5lT8OH/jLOZKK58WgtBKgg==", "request_id": "1551406988,76a40ec6-d5ac-458a-a551-21d0a260cabc", "time_used": 2403, "faces": [{"attributes": {"emotion": {"sadness": 0.31, "neutral": 99.535, "disgust": 0.002, "anger": 0.002, "surprise": 0.002, "fear": 0.002, "happiness": 0.149}, "beauty": {"female_score": 73.803, "male_score": 76.488}, "gender": {"value": "Male"}, "age": {"value": 19}, "mouthstatus": {"close": 99.994, "surgical_mask_or_respirator": 0.0, "open": 0.004, "other_occlusion": 0.002}, "glass": {"value": "None"}, "skinstatus": {"dark_circle": 2.23, "stain": 2.88, "acne": 0.509, "health": 33.515}, "headpose": {"yaw_angle": -15.405451, "pitch_angle": -2.9930656, "roll_angle": -11.889828}, "blur": {"blurness": {"threshold": 50.0, "value": 0.022}, "motionblur": {"threshold": 50.0, "value": 0.022}, "gaussianblur": {"threshold": 50.0, "value": 0.022}}, "smile": {"threshold": 50.0, "value": 1.199}, "eyestatus": {"left_eye_status": {"normal_glass_eye_open": 0.058, "no_glass_eye_close": 0.01, "occlusion": 1.778, "no_glass_eye_open": 97.952, "normal_glass_eye_close": 0.001, "dark_glasses": 0.202}, "right_eye_status": {"normal_glass_eye_open": 0.0, "no_glass_eye_close": 0.0, "occlusion": 0.006, "no_glass_eye_open": 99.994, "normal_glass_eye_close": 0.0, "dark_glasses": 0.0}}, "facequality": {"threshold": 70.1, "value": 53.926}, "ethnicity": {"value": "ASIAN"}, "eyegaze": {"right_eye_gaze": {"position_x_coordinate": 0.452, "vector_z_component": 0.889, "vector_x_component": -0.135, "vector_y_component": 0.437, "position_y_coordinate": 0.505}, "left_eye_gaze": {"position_x_coordinate": 0.453, "vector_z_component": 0.895, "vector_x_component": -0.248, "vector_y_component": 0.372, "position_y_coordinate": 0.487}}}, "face_rectangle": {"width": 723, "top": 1402, "left": 364, "height": 723}, "face_token": "32524781aa194f88c1e9e0b126ebfefa"}]}