{"image_id": "dttOK+eGKtY9vLBCckjcxA==", "request_id": "1551406752,8810e080-ebe5-458a-afe2-d68e3c233628", "time_used": 1901, "faces": [{"attributes": {"emotion": {"sadness": 0.0, "neutral": 99.988, "disgust": 0.0, "anger": 0.0, "surprise": 0.0, "fear": 0.0, "happiness": 0.011}, "beauty": {"female_score": 67.587, "male_score": 64.693}, "gender": {"value": "Female"}, "age": {"value": 21}, "mouthstatus": {"close": 100.0, "surgical_mask_or_respirator": 0.0, "open": 0.0, "other_occlusion": 0.0}, "glass": {"value": "None"}, "skinstatus": {"dark_circle": 6.266, "stain": 15.208, "acne": 8.532, "health": 8.101}, "headpose": {"yaw_angle": 15.199033, "pitch_angle": 4.162661, "roll_angle": -3.7987201}, "blur": {"blurness": {"threshold": 50.0, "value": 0.177}, "motionblur": {"threshold": 50.0, "value": 0.177}, "gaussianblur": {"threshold": 50.0, "value": 0.177}}, "smile": {"threshold": 50.0, "value": 0.037}, "eyestatus": {"left_eye_status": {"normal_glass_eye_open": 0.114, "no_glass_eye_close": 0.0, "occlusion": 0.0, "no_glass_eye_open": 99.885, "normal_glass_eye_close": 0.0, "dark_glasses": 0.0}, "right_eye_status": {"normal_glass_eye_open": 0.017, "no_glass_eye_close": 0.0, "occlusion": 0.0, "no_glass_eye_open": 99.983, "normal_glass_eye_close": 0.0, "dark_glasses": 0.0}}, "facequality": {"threshold": 70.1, "value": 54.34}, "ethnicity": {"value": "WHITE"}, "eyegaze": {"right_eye_gaze": {"position_x_coordinate": 0.5, "vector_z_component": 0.991, "vector_x_component": 0.09, "vector_y_component": -0.103, "position_y_coordinate": 0.437}, "left_eye_gaze": {"position_x_coordinate": 0.531, "vector_z_component": 0.993, "vector_x_component": 0.097, "vector_y_component": -0.068, "position_y_coordinate": 0.406}}}, "face_rectangle": {"width": 859, "top": 754, "left": 277, "height": 859}, "face_token": "bcc502975a823737ed9d8b5d0f513598"}]}