{"image_id": "Tff5ZYIm34O5nrbq1seAHw==", "request_id": "1551406830,3e099546-8b84-4092-8e77-3b9f2930e08d", "time_used": 3535, "faces": [{"attributes": {"emotion": {"sadness": 0.0, "neutral": 0.113, "disgust": 0.0, "anger": 0.0, "surprise": 0.002, "fear": 0.0, "happiness": 99.885}, "beauty": {"female_score": 56.352, "male_score": 57.313}, "gender": {"value": "Male"}, "age": {"value": 19}, "mouthstatus": {"close": 0.99, "surgical_mask_or_respirator": 0.0, "open": 99.01, "other_occlusion": 0.0}, "glass": {"value": "Normal"}, "skinstatus": {"dark_circle": 9.053, "stain": 11.124, "acne": 2.33, "health": 8.343}, "headpose": {"yaw_angle": -7.5858855, "pitch_angle": -2.7998645, "roll_angle": 10.816552}, "blur": {"blurness": {"threshold": 50.0, "value": 2.81}, "motionblur": {"threshold": 50.0, "value": 2.81}, "gaussianblur": {"threshold": 50.0, "value": 2.81}}, "smile": {"threshold": 50.0, "value": 99.443}, "eyestatus": {"left_eye_status": {"normal_glass_eye_open": 94.855, "no_glass_eye_close": 0.001, "occlusion": 0.036, "no_glass_eye_open": 0.086, "normal_glass_eye_close": 4.941, "dark_glasses": 0.082}, "right_eye_status": {"normal_glass_eye_open": 85.915, "no_glass_eye_close": 0.0, "occlusion": 0.021, "no_glass_eye_open": 0.162, "normal_glass_eye_close": 7.722, "dark_glasses": 6.179}}, "facequality": {"threshold": 70.1, "value": 85.904}, "ethnicity": {"value": "WHITE"}, "eyegaze": {"right_eye_gaze": {"position_x_coordinate": 0.427, "vector_z_component": 0.96, "vector_x_component": -0.232, "vector_y_component": 0.16, "position_y_coordinate": 0.419}, "left_eye_gaze": {"position_x_coordinate": 0.44, "vector_z_component": 0.967, "vector_x_component": -0.122, "vector_y_component": 0.222, "position_y_coordinate": 0.52}}}, "face_rectangle": {"width": 610, "top": 816, "left": 1414, "height": 610}, "face_token": "4891447ddf271b3ff19446f97ced6603"}, {"attributes": {"emotion": {"sadness": 7.175, "neutral": 49.63, "disgust": 17.253, "anger": 10.578, "surprise": 0.937, "fear": 0.882, "happiness": 13.545}, "beauty": {"female_score": 65.743, "male_score": 67.538}, "gender": {"value": "Male"}, "age": {"value": 39}, "mouthstatus": {"close": 23.927, "surgical_mask_or_respirator": 0.41, "open": 9.277, "other_occlusion": 66.387}, "glass": {"value": "None"}, "skinstatus": {"dark_circle": 8.139, "stain": 17.453, "acne": 8.746, "health": 31.865}, "headpose": {"yaw_angle": -16.763079, "pitch_angle": -0.119389996, "roll_angle": -2.223705}, "blur": {"blurness": {"threshold": 50.0, "value": 99.906}, "motionblur": {"threshold": 50.0, "value": 99.906}, "gaussianblur": {"threshold": 50.0, "value": 99.906}}, "smile": {"threshold": 50.0, "value": 45.949}, "eyestatus": {"left_eye_status": {"normal_glass_eye_open": 3.586, "no_glass_eye_close": 0.151, "occlusion": 0.003, "no_glass_eye_open": 95.924, "normal_glass_eye_close": 0.011, "dark_glasses": 0.325}, "right_eye_status": {"normal_glass_eye_open": 1.817, "no_glass_eye_close": 0.167, "occlusion": 0.029, "no_glass_eye_open": 63.277, "normal_glass_eye_close": 0.027, "dark_glasses": 34.684}}, "facequality": {"threshold": 70.1, "value": 0.006}, "ethnicity": {"value": "INDIA"}, "eyegaze": {"right_eye_gaze": {"position_x_coordinate": 0.0, "vector_z_component": -0.567, "vector_x_component": -0.579, "vector_y_component": -0.586, "position_y_coordinate": 1.0}, "left_eye_gaze": {"position_x_coordinate": 0.425, "vector_z_component": 0.654, "vector_x_component": 0.139, "vector_y_component": 0.744, "position_y_coordinate": 0.6}}}, "face_rectangle": {"width": 37, "top": 146, "left": 2721, "height": 37}, "face_token": "567c1da10674182d038442c95313ce03"}]}