{"image_id": "wUBn5atN7t3VCczZ0T6iDw==", "request_id": "1551406652,26a9a9df-8ce5-43dd-8b7a-d3356f130353", "time_used": 992, "faces": [{"attributes": {"emotion": {"sadness": 0.0, "neutral": 19.202, "disgust": 0.0, "anger": 0.0, "surprise": 0.0, "fear": 0.0, "happiness": 80.797}, "beauty": {"female_score": 75.071, "male_score": 72.067}, "gender": {"value": "Female"}, "age": {"value": 19}, "mouthstatus": {"close": 99.999, "surgical_mask_or_respirator": 0.0, "open": 0.001, "other_occlusion": 0.0}, "glass": {"value": "None"}, "skinstatus": {"dark_circle": 4.112, "stain": 44.793, "acne": 30.623, "health": 9.97}, "headpose": {"yaw_angle": -6.819176, "pitch_angle": 4.1339903, "roll_angle": 11.438877}, "blur": {"blurness": {"threshold": 50.0, "value": 0.958}, "motionblur": {"threshold": 50.0, "value": 0.958}, "gaussianblur": {"threshold": 50.0, "value": 0.958}}, "smile": {"threshold": 50.0, "value": 53.475}, "eyestatus": {"left_eye_status": {"normal_glass_eye_open": 0.001, "no_glass_eye_close": 0.0, "occlusion": 0.0, "no_glass_eye_open": 99.999, "normal_glass_eye_close": 0.0, "dark_glasses": 0.0}, "right_eye_status": {"normal_glass_eye_open": 0.004, "no_glass_eye_close": 0.0, "occlusion": 0.002, "no_glass_eye_open": 99.993, "normal_glass_eye_close": 0.0, "dark_glasses": 0.001}}, "facequality": {"threshold": 70.1, "value": 87.598}, "ethnicity": {"value": "WHITE"}, "eyegaze": {"right_eye_gaze": {"position_x_coordinate": 0.457, "vector_z_component": 0.968, "vector_x_component": -0.052, "vector_y_component": -0.246, "position_y_coordinate": 0.445}, "left_eye_gaze": {"position_x_coordinate": 0.483, "vector_z_component": 0.969, "vector_x_component": -0.045, "vector_y_component": -0.242, "position_y_coordinate": 0.41}}}, "face_rectangle": {"width": 712, "top": 436, "left": 774, "height": 712}, "face_token": "5be59569ae4350f8de29e62c5f2fb415"}]}