{"image_id": "nj8XzKlmaCKS1Drdgv8k7w==", "request_id": "1551406743,0b8006b8-59f5-4ea9-8f00-f8681efc91be", "time_used": 3004, "faces": [{"attributes": {"emotion": {"sadness": 1.365, "neutral": 83.265, "disgust": 0.045, "anger": 0.038, "surprise": 0.038, "fear": 0.616, "happiness": 14.633}, "beauty": {"female_score": 45.603, "male_score": 44.53}, "gender": {"value": "Male"}, "age": {"value": 19}, "mouthstatus": {"close": 100.0, "surgical_mask_or_respirator": 0.0, "open": 0.0, "other_occlusion": 0.0}, "glass": {"value": "None"}, "skinstatus": {"dark_circle": 2.381, "stain": 2.116, "acne": 2.645, "health": 5.352}, "headpose": {"yaw_angle": 2.590775, "pitch_angle": -3.5801315, "roll_angle": 14.665755}, "blur": {"blurness": {"threshold": 50.0, "value": 0.347}, "motionblur": {"threshold": 50.0, "value": 0.347}, "gaussianblur": {"threshold": 50.0, "value": 0.347}}, "smile": {"threshold": 50.0, "value": 84.511}, "eyestatus": {"left_eye_status": {"normal_glass_eye_open": 0.0, "no_glass_eye_close": 0.692, "occlusion": 0.042, "no_glass_eye_open": 99.244, "normal_glass_eye_close": 0.0, "dark_glasses": 0.022}, "right_eye_status": {"normal_glass_eye_open": 0.0, "no_glass_eye_close": 93.849, "occlusion": 0.038, "no_glass_eye_open": 6.097, "normal_glass_eye_close": 0.0, "dark_glasses": 0.016}}, "facequality": {"threshold": 70.1, "value": 92.827}, "ethnicity": {"value": "BLACK"}, "eyegaze": {"right_eye_gaze": {"position_x_coordinate": 0.422, "vector_z_component": 0.823, "vector_x_component": -0.274, "vector_y_component": 0.498, "position_y_coordinate": 0.463}, "left_eye_gaze": {"position_x_coordinate": 0.481, "vector_z_component": 0.894, "vector_x_component": 0.176, "vector_y_component": 0.411, "position_y_coordinate": 0.522}}}, "face_rectangle": {"width": 718, "top": 999, "left": 989, "height": 718}, "face_token": "165dc96b6e3b0e063942b72828b2a04d"}]}