{"image_id": "2Pju8uxJCES+U1SGBkQ/2w==", "request_id": "1551407000,2327407d-aa63-466f-9f6c-6fbd75ec9cd7", "time_used": 2957, "faces": [{"attributes": {"emotion": {"sadness": 0.001, "neutral": 0.0, "disgust": 0.014, "anger": 0.0, "surprise": 0.0, "fear": 0.0, "happiness": 99.984}, "beauty": {"female_score": 57.934, "male_score": 49.549}, "gender": {"value": "Female"}, "age": {"value": 22}, "mouthstatus": {"close": 0.0, "surgical_mask_or_respirator": 0.0, "open": 100.0, "other_occlusion": 0.0}, "glass": {"value": "None"}, "skinstatus": {"dark_circle": 1.153, "stain": 27.397, "acne": 6.015, "health": 19.193}, "headpose": {"yaw_angle": 10.170319, "pitch_angle": 0.83628833, "roll_angle": -16.858519}, "blur": {"blurness": {"threshold": 50.0, "value": 0.437}, "motionblur": {"threshold": 50.0, "value": 0.437}, "gaussianblur": {"threshold": 50.0, "value": 0.437}}, "smile": {"threshold": 50.0, "value": 100.0}, "eyestatus": {"left_eye_status": {"normal_glass_eye_open": 0.019, "no_glass_eye_close": 0.0, "occlusion": 0.001, "no_glass_eye_open": 99.98, "normal_glass_eye_close": 0.0, "dark_glasses": 0.0}, "right_eye_status": {"normal_glass_eye_open": 0.012, "no_glass_eye_close": 0.0, "occlusion": 0.001, "no_glass_eye_open": 99.986, "normal_glass_eye_close": 0.0, "dark_glasses": 0.0}}, "facequality": {"threshold": 70.1, "value": 81.546}, "ethnicity": {"value": "WHITE"}, "eyegaze": {"right_eye_gaze": {"position_x_coordinate": 0.514, "vector_z_component": 0.98, "vector_x_component": 0.073, "vector_y_component": 0.183, "position_y_coordinate": 0.466}, "left_eye_gaze": {"position_x_coordinate": 0.526, "vector_z_component": 0.982, "vector_x_component": 0.101, "vector_y_component": -0.16, "position_y_coordinate": 0.419}}}, "face_rectangle": {"width": 646, "top": 1429, "left": 1287, "height": 646}, "face_token": "e58e76edae50b7cfcb87079c69959b78"}]}