{"image_id": "jKYmBRvxPtUB5IYhajQrJw==", "request_id": "1551406820,c4e0a799-f3ee-4733-8b27-a287b52718ed", "time_used": 1853, "faces": [{"attributes": {"emotion": {"sadness": 0.004, "neutral": 8.743, "disgust": 0.029, "anger": 0.011, "surprise": 0.053, "fear": 0.008, "happiness": 91.152}, "beauty": {"female_score": 59.01, "male_score": 58.469}, "gender": {"value": "Female"}, "age": {"value": 41}, "mouthstatus": {"close": 99.154, "surgical_mask_or_respirator": 0.0, "open": 0.033, "other_occlusion": 0.813}, "glass": {"value": "Normal"}, "skinstatus": {"dark_circle": 3.033, "stain": 41.673, "acne": 58.825, "health": 3.777}, "headpose": {"yaw_angle": -1.4719067, "pitch_angle": 9.730365, "roll_angle": 0.2510246}, "blur": {"blurness": {"threshold": 50.0, "value": 1.29}, "motionblur": {"threshold": 50.0, "value": 1.29}, "gaussianblur": {"threshold": 50.0, "value": 1.29}}, "smile": {"threshold": 50.0, "value": 99.448}, "eyestatus": {"left_eye_status": {"normal_glass_eye_open": 99.329, "no_glass_eye_close": 0.0, "occlusion": 0.039, "no_glass_eye_open": 0.519, "normal_glass_eye_close": 0.006, "dark_glasses": 0.107}, "right_eye_status": {"normal_glass_eye_open": 67.91, "no_glass_eye_close": 0.03, "occlusion": 11.16, "no_glass_eye_open": 5.686, "normal_glass_eye_close": 0.555, "dark_glasses": 14.659}}, "facequality": {"threshold": 70.1, "value": 90.912}, "ethnicity": {"value": "WHITE"}, "eyegaze": {"right_eye_gaze": {"position_x_coordinate": 0.463, "vector_z_component": 0.957, "vector_x_component": -0.041, "vector_y_component": 0.287, "position_y_coordinate": 0.468}, "left_eye_gaze": {"position_x_coordinate": 0.452, "vector_z_component": 0.926, "vector_x_component": -0.273, "vector_y_component": 0.262, "position_y_coordinate": 0.473}}}, "face_rectangle": {"width": 665, "top": 341, "left": 1058, "height": 665}, "face_token": "1a520114b429e660f72d15aac5ae7b59"}]}