{"image_id": "SfVHxx9E+MfSMlWDoCOIqA==", "request_id": "1551406709,d168abe3-b6f0-4269-bb0d-4c0b9b42f9d5", "time_used": 2332, "faces": [{"attributes": {"emotion": {"sadness": 0.0, "neutral": 0.004, "disgust": 0.0, "anger": 0.0, "surprise": 0.001, "fear": 0.0, "happiness": 99.995}, "beauty": {"female_score": 62.854, "male_score": 62.869}, "gender": {"value": "Female"}, "age": {"value": 26}, "mouthstatus": {"close": 99.728, "surgical_mask_or_respirator": 0.0, "open": 0.067, "other_occlusion": 0.206}, "glass": {"value": "None"}, "skinstatus": {"dark_circle": 4.448, "stain": 13.784, "acne": 5.133, "health": 24.478}, "headpose": {"yaw_angle": -50.718502, "pitch_angle": 4.548685, "roll_angle": 21.223898}, "blur": {"blurness": {"threshold": 50.0, "value": 2.986}, "motionblur": {"threshold": 50.0, "value": 2.986}, "gaussianblur": {"threshold": 50.0, "value": 2.986}}, "smile": {"threshold": 50.0, "value": 89.199}, "eyestatus": {"left_eye_status": {"normal_glass_eye_open": 0.082, "no_glass_eye_close": 0.001, "occlusion": 0.005, "no_glass_eye_open": 99.912, "normal_glass_eye_close": 0.0, "dark_glasses": 0.0}, "right_eye_status": {"normal_glass_eye_open": 0.172, "no_glass_eye_close": 0.008, "occlusion": 2.269, "no_glass_eye_open": 96.716, "normal_glass_eye_close": 0.002, "dark_glasses": 0.832}}, "facequality": {"threshold": 70.1, "value": 0.006}, "ethnicity": {"value": "BLACK"}, "eyegaze": {"right_eye_gaze": {"position_x_coordinate": 0.594, "vector_z_component": 0.828, "vector_x_component": -0.319, "vector_y_component": 0.461, "position_y_coordinate": 0.518}, "left_eye_gaze": {"position_x_coordinate": 0.353, "vector_z_component": 0.789, "vector_x_component": -0.582, "vector_y_component": 0.198, "position_y_coordinate": 0.444}}}, "face_rectangle": {"width": 500, "top": 1045, "left": 1356, "height": 500}, "face_token": "74300bafdaee3c93d75571cb5fddf7b7"}]}