{"image_id": "ucewwzhp85go8okB4g7VUg==", "request_id": "1551406952,cb4eb89a-57ad-4207-95a3-e19640b836df", "time_used": 943, "faces": [{"attributes": {"emotion": {"sadness": 0.001, "neutral": 0.003, "disgust": 0.025, "anger": 0.001, "surprise": 0.002, "fear": 0.098, "happiness": 99.872}, "beauty": {"female_score": 58.425, "male_score": 56.029}, "gender": {"value": "Male"}, "age": {"value": 19}, "mouthstatus": {"close": 99.994, "surgical_mask_or_respirator": 0.0, "open": 0.001, "other_occlusion": 0.005}, "glass": {"value": "Normal"}, "skinstatus": {"dark_circle": 5.947, "stain": 5.803, "acne": 0.244, "health": 1.069}, "headpose": {"yaw_angle": 11.64429, "pitch_angle": 5.139859, "roll_angle": -21.69005}, "blur": {"blurness": {"threshold": 50.0, "value": 4.489}, "motionblur": {"threshold": 50.0, "value": 4.489}, "gaussianblur": {"threshold": 50.0, "value": 4.489}}, "smile": {"threshold": 50.0, "value": 99.996}, "eyestatus": {"left_eye_status": {"normal_glass_eye_open": 99.985, "no_glass_eye_close": 0.0, "occlusion": 0.0, "no_glass_eye_open": 0.012, "normal_glass_eye_close": 0.002, "dark_glasses": 0.001}, "right_eye_status": {"normal_glass_eye_open": 99.982, "no_glass_eye_close": 0.0, "occlusion": 0.0, "no_glass_eye_open": 0.012, "normal_glass_eye_close": 0.0, "dark_glasses": 0.006}}, "facequality": {"threshold": 70.1, "value": 70.585}, "ethnicity": {"value": "WHITE"}, "eyegaze": {"right_eye_gaze": {"position_x_coordinate": 0.506, "vector_z_component": 0.991, "vector_x_component": 0.112, "vector_y_component": -0.074, "position_y_coordinate": 0.432}, "left_eye_gaze": {"position_x_coordinate": 0.48, "vector_z_component": 0.921, "vector_x_component": -0.39, "vector_y_component": -0.003, "position_y_coordinate": 0.518}}}, "face_rectangle": {"width": 219, "top": 230, "left": 518, "height": 219}, "face_token": "eb65bf898f6aca4adef13db22048ebce"}]}