{"image_id": "OO0ylILavSl5liA1unp8Dw==", "request_id": "1551403032,31f2dd43-0740-4fcc-be16-2efc64fbaa8c", "time_used": 538, "faces": [{"attributes": {"emotion": {"sadness": 0.0, "neutral": 19.912, "disgust": 0.003, "anger": 0.0, "surprise": 0.001, "fear": 0.0, "happiness": 80.083}, "beauty": {"female_score": 65.003, "male_score": 62.186}, "gender": {"value": "Male"}, "age": {"value": 27}, "mouthstatus": {"close": 100.0, "surgical_mask_or_respirator": 0.0, "open": 0.0, "other_occlusion": 0.0}, "glass": {"value": "Normal"}, "skinstatus": {"dark_circle": 16.375, "stain": 42.587, "acne": 0.555, "health": 2.618}, "headpose": {"yaw_angle": -31.323118, "pitch_angle": -7.1891456, "roll_angle": 2.8091774}, "blur": {"blurness": {"threshold": 50.0, "value": 2.927}, "motionblur": {"threshold": 50.0, "value": 2.927}, "gaussianblur": {"threshold": 50.0, "value": 2.927}}, "smile": {"threshold": 50.0, "value": 44.443}, "eyestatus": {"left_eye_status": {"normal_glass_eye_open": 99.958, "no_glass_eye_close": 0.0, "occlusion": 0.001, "no_glass_eye_open": 0.008, "normal_glass_eye_close": 0.033, "dark_glasses": 0.0}, "right_eye_status": {"normal_glass_eye_open": 16.412, "no_glass_eye_close": 0.012, "occlusion": 6.453, "no_glass_eye_open": 1.015, "normal_glass_eye_close": 1.408, "dark_glasses": 74.701}}, "facequality": {"threshold": 70.1, "value": 0.006}, "ethnicity": {"value": "ASIAN"}, "eyegaze": {"right_eye_gaze": {"position_x_coordinate": 0.499, "vector_z_component": 0.667, "vector_x_component": -0.672, "vector_y_component": 0.323, "position_y_coordinate": 0.449}, "left_eye_gaze": {"position_x_coordinate": 0.409, "vector_z_component": 0.93, "vector_x_component": -0.245, "vector_y_component": 0.273, "position_y_coordinate": 0.482}}}, "face_rectangle": {"width": 466, "top": 328, "left": 344, "height": 466}, "face_token": "b91c02e3571ac09583f6d25106142f6e"}]}