{"image_id": "ujtKi0Mzze31KSYaG7MM+Q==", "request_id": "1551406728,7ed3c5e5-a71d-433b-8689-afec66b17d6c", "time_used": 605, "faces": [{"attributes": {"emotion": {"sadness": 0.0, "neutral": 99.967, "disgust": 0.0, "anger": 0.0, "surprise": 0.011, "fear": 0.0, "happiness": 0.022}, "beauty": {"female_score": 66.181, "male_score": 69.999}, "gender": {"value": "Female"}, "age": {"value": 21}, "mouthstatus": {"close": 100.0, "surgical_mask_or_respirator": 0.0, "open": 0.0, "other_occlusion": 0.0}, "glass": {"value": "Normal"}, "skinstatus": {"dark_circle": 2.068, "stain": 18.69, "acne": 1.656, "health": 16.398}, "headpose": {"yaw_angle": 20.41092, "pitch_angle": 6.9965034, "roll_angle": 4.903235}, "blur": {"blurness": {"threshold": 50.0, "value": 0.106}, "motionblur": {"threshold": 50.0, "value": 0.106}, "gaussianblur": {"threshold": 50.0, "value": 0.106}}, "smile": {"threshold": 50.0, "value": 43.962}, "eyestatus": {"left_eye_status": {"normal_glass_eye_open": 60.705, "no_glass_eye_close": 0.0, "occlusion": 0.052, "no_glass_eye_open": 2.586, "normal_glass_eye_close": 0.001, "dark_glasses": 36.655}, "right_eye_status": {"normal_glass_eye_open": 60.561, "no_glass_eye_close": 0.0, "occlusion": 0.002, "no_glass_eye_open": 0.517, "normal_glass_eye_close": 0.0, "dark_glasses": 38.92}}, "facequality": {"threshold": 70.1, "value": 14.963}, "ethnicity": {"value": "WHITE"}, "eyegaze": {"right_eye_gaze": {"position_x_coordinate": 0.507, "vector_z_component": 0.973, "vector_x_component": 0.21, "vector_y_component": -0.092, "position_y_coordinate": 0.441}, "left_eye_gaze": {"position_x_coordinate": 0.532, "vector_z_component": 0.982, "vector_x_component": 0.18, "vector_y_component": 0.064, "position_y_coordinate": 0.431}}}, "face_rectangle": {"width": 382, "top": 263, "left": 381, "height": 382}, "face_token": "41c178e74f03473bdef39f2c136fd84f"}]}