{"image_id": "0Jsdh0qki6v9aYKgiguQbQ==", "request_id": "1551406904,459a9021-0ae3-4a1b-911b-b6598588bd8a", "time_used": 1950, "faces": [{"attributes": {"emotion": {"sadness": 0.778, "neutral": 95.726, "disgust": 0.009, "anger": 3.022, "surprise": 0.447, "fear": 0.009, "happiness": 0.009}, "beauty": {"female_score": 76.37, "male_score": 75.743}, "gender": {"value": "Male"}, "age": {"value": 19}, "mouthstatus": {"close": 100.0, "surgical_mask_or_respirator": 0.0, "open": 0.0, "other_occlusion": 0.0}, "glass": {"value": "None"}, "skinstatus": {"dark_circle": 5.007, "stain": 75.712, "acne": 47.712, "health": 2.857}, "headpose": {"yaw_angle": -0.012593161, "pitch_angle": 3.7588096, "roll_angle": 1.3556781}, "blur": {"blurness": {"threshold": 50.0, "value": 0.405}, "motionblur": {"threshold": 50.0, "value": 0.405}, "gaussianblur": {"threshold": 50.0, "value": 0.405}}, "smile": {"threshold": 50.0, "value": 0.071}, "eyestatus": {"left_eye_status": {"normal_glass_eye_open": 0.044, "no_glass_eye_close": 0.0, "occlusion": 0.001, "no_glass_eye_open": 99.955, "normal_glass_eye_close": 0.0, "dark_glasses": 0.0}, "right_eye_status": {"normal_glass_eye_open": 0.015, "no_glass_eye_close": 0.0, "occlusion": 0.0, "no_glass_eye_open": 99.985, "normal_glass_eye_close": 0.0, "dark_glasses": 0.0}}, "facequality": {"threshold": 70.1, "value": 94.249}, "ethnicity": {"value": "WHITE"}, "eyegaze": {"right_eye_gaze": {"position_x_coordinate": 0.504, "vector_z_component": 0.947, "vector_x_component": 0.115, "vector_y_component": -0.299, "position_y_coordinate": 0.4}, "left_eye_gaze": {"position_x_coordinate": 0.462, "vector_z_component": 0.904, "vector_x_component": -0.259, "vector_y_component": -0.34, "position_y_coordinate": 0.374}}}, "face_rectangle": {"width": 1005, "top": 1005, "left": 548, "height": 1005}, "face_token": "d2118c81fae076dabd716a50c2f5662e"}]}