{"image_id": "06uhrAgdHbKwy9aMc7RO+w==", "request_id": "1551406549,1c4d468f-8c00-41c3-bbf6-64af2670482c", "time_used": 1328, "faces": [{"attributes": {"emotion": {"sadness": 1.773, "neutral": 96.948, "disgust": 0.775, "anger": 0.018, "surprise": 0.017, "fear": 0.436, "happiness": 0.033}, "beauty": {"female_score": 84.507, "male_score": 77.3}, "gender": {"value": "Female"}, "age": {"value": 19}, "mouthstatus": {"close": 100.0, "surgical_mask_or_respirator": 0.0, "open": 0.0, "other_occlusion": 0.0}, "glass": {"value": "None"}, "skinstatus": {"dark_circle": 1.467, "stain": 19.846, "acne": 3.578, "health": 76.463}, "headpose": {"yaw_angle": -2.876927, "pitch_angle": 9.141443, "roll_angle": 5.739386}, "blur": {"blurness": {"threshold": 50.0, "value": 0.369}, "motionblur": {"threshold": 50.0, "value": 0.369}, "gaussianblur": {"threshold": 50.0, "value": 0.369}}, "smile": {"threshold": 50.0, "value": 0.009}, "eyestatus": {"left_eye_status": {"normal_glass_eye_open": 0.0, "no_glass_eye_close": 0.0, "occlusion": 0.001, "no_glass_eye_open": 99.999, "normal_glass_eye_close": 0.0, "dark_glasses": 0.0}, "right_eye_status": {"normal_glass_eye_open": 0.032, "no_glass_eye_close": 0.002, "occlusion": 0.044, "no_glass_eye_open": 99.912, "normal_glass_eye_close": 0.009, "dark_glasses": 0.002}}, "facequality": {"threshold": 70.1, "value": 90.356}, "ethnicity": {"value": "WHITE"}, "eyegaze": {"right_eye_gaze": {"position_x_coordinate": 0.485, "vector_z_component": 0.961, "vector_x_component": 0.04, "vector_y_component": -0.273, "position_y_coordinate": 0.379}, "left_eye_gaze": {"position_x_coordinate": 0.58, "vector_z_component": 0.919, "vector_x_component": 0.343, "vector_y_component": -0.196, "position_y_coordinate": 0.425}}}, "face_rectangle": {"width": 458, "top": 588, "left": 955, "height": 458}, "face_token": "d4ce4186fd2430d4881b8925c2db5679"}]}