{"image_id": "DtR3do1E7xNC8T9LTcIKvg==", "request_id": "1551406437,60e76062-fed5-4b9e-86f6-b0f819f39571", "time_used": 3349, "faces": [{"attributes": {"emotion": {"sadness": 0.074, "neutral": 38.136, "disgust": 30.873, "anger": 0.058, "surprise": 16.973, "fear": 0.058, "happiness": 13.828}, "beauty": {"female_score": 49.212, "male_score": 45.043}, "gender": {"value": "Female"}, "age": {"value": 38}, "mouthstatus": {"close": 18.449, "surgical_mask_or_respirator": 0.008, "open": 75.258, "other_occlusion": 6.286}, "glass": {"value": "None"}, "skinstatus": {"dark_circle": 4.095, "stain": 91.473, "acne": 79.657, "health": 0.893}, "headpose": {"yaw_angle": 7.19117, "pitch_angle": 9.999163, "roll_angle": 11.3972845}, "blur": {"blurness": {"threshold": 50.0, "value": 0.358}, "motionblur": {"threshold": 50.0, "value": 0.358}, "gaussianblur": {"threshold": 50.0, "value": 0.358}}, "smile": {"threshold": 50.0, "value": 16.89}, "eyestatus": {"left_eye_status": {"normal_glass_eye_open": 0.615, "no_glass_eye_close": 0.0, "occlusion": 0.001, "no_glass_eye_open": 99.381, "normal_glass_eye_close": 0.0, "dark_glasses": 0.003}, "right_eye_status": {"normal_glass_eye_open": 0.051, "no_glass_eye_close": 0.0, "occlusion": 0.0, "no_glass_eye_open": 99.949, "normal_glass_eye_close": 0.0, "dark_glasses": 0.0}}, "facequality": {"threshold": 70.1, "value": 83.324}, "ethnicity": {"value": "WHITE"}, "eyegaze": {"right_eye_gaze": {"position_x_coordinate": 0.502, "vector_z_component": 0.987, "vector_x_component": -0.047, "vector_y_component": -0.153, "position_y_coordinate": 0.399}, "left_eye_gaze": {"position_x_coordinate": 0.468, "vector_z_component": 0.987, "vector_x_component": 0.005, "vector_y_component": -0.161, "position_y_coordinate": 0.395}}}, "face_rectangle": {"width": 916, "top": 565, "left": 950, "height": 916}, "face_token": "f60286e0d2a57fdb619e7f66ae2be3df"}, {"attributes": {"emotion": {"sadness": 95.409, "neutral": 0.791, "disgust": 2.243, "anger": 1.119, "surprise": 0.08, "fear": 0.279, "happiness": 0.08}, "beauty": {"female_score": 58.937, "male_score": 56.754}, "gender": {"value": "Female"}, "age": {"value": 18}, "mouthstatus": {"close": 0.0, "surgical_mask_or_respirator": 0.053, "open": 0.0, "other_occlusion": 99.947}, "glass": {"value": "None"}, "skinstatus": {"dark_circle": 2.686, "stain": 4.744, "acne": 2.083, "health": 41.661}, "headpose": {"yaw_angle": -52.235348, "pitch_angle": 6.0409117, "roll_angle": 8.36349}, "blur": {"blurness": {"threshold": 50.0, "value": 97.305}, "motionblur": {"threshold": 50.0, "value": 97.305}, "gaussianblur": {"threshold": 50.0, "value": 97.305}}, "smile": {"threshold": 50.0, "value": 55.712}, "eyestatus": {"left_eye_status": {"normal_glass_eye_open": 0.148, "no_glass_eye_close": 0.029, "occlusion": 0.843, "no_glass_eye_open": 98.971, "normal_glass_eye_close": 0.002, "dark_glasses": 0.007}, "right_eye_status": {"normal_glass_eye_open": 0.006, "no_glass_eye_close": 0.025, "occlusion": 0.402, "no_glass_eye_open": 0.001, "normal_glass_eye_close": 2.414, "dark_glasses": 97.152}}, "facequality": {"threshold": 70.1, "value": 0.006}, "ethnicity": {"value": "WHITE"}, "eyegaze": {"right_eye_gaze": {"position_x_coordinate": 0.0, "vector_z_component": -0.569, "vector_x_component": -0.577, "vector_y_component": -0.586, "position_y_coordinate": 1.0}, "left_eye_gaze": {"position_x_coordinate": 0.466, "vector_z_component": 0.876, "vector_x_component": 0.362, "vector_y_component": 0.318, "position_y_coordinate": 0.449}}}, "face_rectangle": {"width": 468, "top": 995, "left": 2598, "height": 468}, "face_token": "d9a41eab699b2ffc4f50cf88cc5391f3"}]}