{"image_id": "0Nq73MisoWpcr5QvIllBew==", "request_id": "1551406997,4a7f762f-f0ea-427f-88ba-322e0a87bfac", "time_used": 1777, "faces": [{"attributes": {"emotion": {"sadness": 0.002, "neutral": 0.001, "disgust": 0.019, "anger": 0.007, "surprise": 0.001, "fear": 0.003, "happiness": 99.968}, "beauty": {"female_score": 85.541, "male_score": 80.196}, "gender": {"value": "Male"}, "age": {"value": 23}, "mouthstatus": {"close": 0.0, "surgical_mask_or_respirator": 0.0, "open": 100.0, "other_occlusion": 0.0}, "glass": {"value": "None"}, "skinstatus": {"dark_circle": 1.373, "stain": 5.395, "acne": 6.409, "health": 16.825}, "headpose": {"yaw_angle": -1.2216314, "pitch_angle": -3.2352326, "roll_angle": 7.779148}, "blur": {"blurness": {"threshold": 50.0, "value": 0.37}, "motionblur": {"threshold": 50.0, "value": 0.37}, "gaussianblur": {"threshold": 50.0, "value": 0.37}}, "smile": {"threshold": 50.0, "value": 99.991}, "eyestatus": {"left_eye_status": {"normal_glass_eye_open": 0.001, "no_glass_eye_close": 0.0, "occlusion": 0.0, "no_glass_eye_open": 99.999, "normal_glass_eye_close": 0.0, "dark_glasses": 0.0}, "right_eye_status": {"normal_glass_eye_open": 0.223, "no_glass_eye_close": 0.0, "occlusion": 0.0, "no_glass_eye_open": 99.777, "normal_glass_eye_close": 0.0, "dark_glasses": 0.0}}, "facequality": {"threshold": 70.1, "value": 93.776}, "ethnicity": {"value": "WHITE"}, "eyegaze": {"right_eye_gaze": {"position_x_coordinate": 0.458, "vector_z_component": 0.975, "vector_x_component": -0.112, "vector_y_component": 0.194, "position_y_coordinate": 0.45}, "left_eye_gaze": {"position_x_coordinate": 0.47, "vector_z_component": 0.975, "vector_x_component": -0.045, "vector_y_component": 0.219, "position_y_coordinate": 0.447}}}, "face_rectangle": {"width": 875, "top": 1132, "left": 894, "height": 875}, "face_token": "d111a2fb73e46f3ff9ef8bc5a4ed70e8"}]}