{"image_id": "EZurtLztMmpveZlj8NBl1A==", "request_id": "1551407043,e3181997-b00b-45bb-9d8e-9a9fba383ec7", "time_used": 1954, "faces": [{"attributes": {"emotion": {"sadness": 0.0, "neutral": 99.839, "disgust": 0.0, "anger": 0.017, "surprise": 0.0, "fear": 0.14, "happiness": 0.004}, "beauty": {"female_score": 62.208, "male_score": 59.188}, "gender": {"value": "Male"}, "age": {"value": 31}, "mouthstatus": {"close": 89.576, "surgical_mask_or_respirator": 0.0, "open": 0.0, "other_occlusion": 10.424}, "glass": {"value": "None"}, "skinstatus": {"dark_circle": 5.55, "stain": 2.057, "acne": 3.004, "health": 17.312}, "headpose": {"yaw_angle": -10.387086, "pitch_angle": -3.9804533, "roll_angle": -7.582333}, "blur": {"blurness": {"threshold": 50.0, "value": 9.627}, "motionblur": {"threshold": 50.0, "value": 9.627}, "gaussianblur": {"threshold": 50.0, "value": 9.627}}, "smile": {"threshold": 50.0, "value": 0.044}, "eyestatus": {"left_eye_status": {"normal_glass_eye_open": 0.116, "no_glass_eye_close": 0.002, "occlusion": 0.163, "no_glass_eye_open": 95.492, "normal_glass_eye_close": 0.001, "dark_glasses": 4.226}, "right_eye_status": {"normal_glass_eye_open": 0.304, "no_glass_eye_close": 0.0, "occlusion": 0.401, "no_glass_eye_open": 98.678, "normal_glass_eye_close": 0.0, "dark_glasses": 0.616}}, "facequality": {"threshold": 70.1, "value": 72.499}, "ethnicity": {"value": "WHITE"}, "eyegaze": {"right_eye_gaze": {"position_x_coordinate": 0.454, "vector_z_component": 0.977, "vector_x_component": -0.214, "vector_y_component": 0.001, "position_y_coordinate": 0.437}, "left_eye_gaze": {"position_x_coordinate": 0.461, "vector_z_component": 0.993, "vector_x_component": -0.12, "vector_y_component": -0.003, "position_y_coordinate": 0.419}}}, "face_rectangle": {"width": 857, "top": 1275, "left": 94, "height": 857}, "face_token": "c463ca78f42a6ee5cf839e363e916351"}, {"attributes": {"emotion": {"sadness": 0.052, "neutral": 66.029, "disgust": 10.819, "anger": 22.139, "surprise": 0.052, "fear": 0.77, "happiness": 0.14}, "beauty": {"female_score": 75.426, "male_score": 71.829}, "gender": {"value": "Female"}, "age": {"value": 32}, "mouthstatus": {"close": 73.626, "surgical_mask_or_respirator": 0.272, "open": 19.821, "other_occlusion": 6.281}, "glass": {"value": "None"}, "skinstatus": {"dark_circle": 7.934, "stain": 1.592, "acne": 1.538, "health": 71.813}, "headpose": {"yaw_angle": 0.85272604, "pitch_angle": 16.744555, "roll_angle": -5.281695}, "blur": {"blurness": {"threshold": 50.0, "value": 2.014}, "motionblur": {"threshold": 50.0, "value": 2.014}, "gaussianblur": {"threshold": 50.0, "value": 2.014}}, "smile": {"threshold": 50.0, "value": 20.467}, "eyestatus": {"left_eye_status": {"normal_glass_eye_open": 0.066, "no_glass_eye_close": 0.829, "occlusion": 11.196, "no_glass_eye_open": 87.897, "normal_glass_eye_close": 0.011, "dark_glasses": 0.001}, "right_eye_status": {"normal_glass_eye_open": 0.101, "no_glass_eye_close": 0.0, "occlusion": 0.0, "no_glass_eye_open": 99.897, "normal_glass_eye_close": 0.002, "dark_glasses": 0.0}}, "facequality": {"threshold": 70.1, "value": 84.0}, "ethnicity": {"value": "WHITE"}, "eyegaze": {"right_eye_gaze": {"position_x_coordinate": 0.472, "vector_z_component": 0.887, "vector_x_component": -0.046, "vector_y_component": -0.459, "position_y_coordinate": 0.368}, "left_eye_gaze": {"position_x_coordinate": 0.442, "vector_z_component": 0.924, "vector_x_component": 0.097, "vector_y_component": -0.371, "position_y_coordinate": 0.333}}}, "face_rectangle": {"width": 170, "top": 449, "left": 893, "height": 170}, "face_token": "5ec67f5e9ec858466fac5b7e272e902c"}, {"attributes": {"emotion": {"sadness": 0.043, "neutral": 87.022, "disgust": 10.511, "anger": 0.184, "surprise": 0.727, "fear": 0.043, "happiness": 1.471}, "beauty": {"female_score": 51.698, "male_score": 50.856}, "gender": {"value": "Female"}, "age": {"value": 28}, "mouthstatus": {"close": 43.675, "surgical_mask_or_respirator": 0.0, "open": 3.336, "other_occlusion": 52.989}, "glass": {"value": "None"}, "skinstatus": {"dark_circle": 3.625, "stain": 18.763, "acne": 18.093, "health": 2.018}, "headpose": {"yaw_angle": 30.626207, "pitch_angle": -0.20318617, "roll_angle": -7.813369}, "blur": {"blurness": {"threshold": 50.0, "value": 85.371}, "motionblur": {"threshold": 50.0, "value": 85.371}, "gaussianblur": {"threshold": 50.0, "value": 85.371}}, "smile": {"threshold": 50.0, "value": 0.729}, "eyestatus": {"left_eye_status": {"normal_glass_eye_open": 0.008, "no_glass_eye_close": 0.046, "occlusion": 0.083, "no_glass_eye_open": 99.861, "normal_glass_eye_close": 0.0, "dark_glasses": 0.002}, "right_eye_status": {"normal_glass_eye_open": 0.176, "no_glass_eye_close": 0.014, "occlusion": 0.002, "no_glass_eye_open": 99.805, "normal_glass_eye_close": 0.002, "dark_glasses": 0.001}}, "facequality": {"threshold": 70.1, "value": 0.006}, "ethnicity": {"value": "WHITE"}, "eyegaze": {"right_eye_gaze": {"position_x_coordinate": 0.828, "vector_z_component": 0.591, "vector_x_component": 0.531, "vector_y_component": 0.607, "position_y_coordinate": 0.561}, "left_eye_gaze": {"position_x_coordinate": 0.156, "vector_z_component": 0.671, "vector_x_component": -0.544, "vector_y_component": 0.503, "position_y_coordinate": 0.65}}}, "face_rectangle": {"width": 94, "top": 408, "left": 1265, "height": 94}, "face_token": "d674a6e4af7d2683ae634d6cd1e5490b"}, {"attributes": {"emotion": {"sadness": 0.67, "neutral": 0.253, "disgust": 80.554, "anger": 13.039, "surprise": 0.018, "fear": 5.449, "happiness": 0.018}, "beauty": {"female_score": 58.163, "male_score": 56.475}, "gender": {"value": "Female"}, "age": {"value": 31}, "mouthstatus": {"close": 0.003, "surgical_mask_or_respirator": 0.0, "open": 99.997, "other_occlusion": 0.0}, "glass": {"value": "Normal"}, "skinstatus": {"dark_circle": 5.258, "stain": 1.478, "acne": 1.07, "health": 65.748}, "headpose": {"yaw_angle": -12.225007, "pitch_angle": 4.1716704, "roll_angle": -6.619053}, "blur": {"blurness": {"threshold": 50.0, "value": 98.348}, "motionblur": {"threshold": 50.0, "value": 98.348}, "gaussianblur": {"threshold": 50.0, "value": 98.348}}, "smile": {"threshold": 50.0, "value": 9.037}, "eyestatus": {"left_eye_status": {"normal_glass_eye_open": 0.119, "no_glass_eye_close": 7.793, "occlusion": 0.237, "no_glass_eye_open": 0.084, "normal_glass_eye_close": 91.734, "dark_glasses": 0.033}, "right_eye_status": {"normal_glass_eye_open": 0.713, "no_glass_eye_close": 6.007, "occlusion": 0.017, "no_glass_eye_open": 87.822, "normal_glass_eye_close": 0.005, "dark_glasses": 5.437}}, "facequality": {"threshold": 70.1, "value": 0.006}, "ethnicity": {"value": "BLACK"}, "eyegaze": {"right_eye_gaze": {"position_x_coordinate": 0.631, "vector_z_component": 0.688, "vector_x_component": -0.081, "vector_y_component": 0.721, "position_y_coordinate": 0.693}, "left_eye_gaze": {"position_x_coordinate": 0.608, "vector_z_component": 0.669, "vector_x_component": 0.384, "vector_y_component": 0.637, "position_y_coordinate": 0.501}}}, "face_rectangle": {"width": 75, "top": 822, "left": 1507, "height": 75}, "face_token": "48ca923bc04d438d85eb656ab4a456e7"}]}