{"image_id": "s3X8H9VqqMxogBEFPrv41A==", "request_id": "1551406616,dfe8907c-31a1-4880-b9ad-9d135b34c568", "time_used": 272, "faces": [{"attributes": {"emotion": {"sadness": 0.931, "neutral": 99.017, "disgust": 0.0, "anger": 0.0, "surprise": 0.028, "fear": 0.0, "happiness": 0.023}, "beauty": {"female_score": 62.832, "male_score": 63.159}, "gender": {"value": "Female"}, "age": {"value": 20}, "mouthstatus": {"close": 99.814, "surgical_mask_or_respirator": 0.0, "open": 0.184, "other_occlusion": 0.002}, "glass": {"value": "None"}, "skinstatus": {"dark_circle": 12.005, "stain": 2.712, "acne": 0.33, "health": 68.285}, "headpose": {"yaw_angle": -5.8493967, "pitch_angle": 4.825153, "roll_angle": 10.876281}, "blur": {"blurness": {"threshold": 50.0, "value": 0.382}, "motionblur": {"threshold": 50.0, "value": 0.382}, "gaussianblur": {"threshold": 50.0, "value": 0.382}}, "smile": {"threshold": 50.0, "value": 0.077}, "eyestatus": {"left_eye_status": {"normal_glass_eye_open": 0.021, "no_glass_eye_close": 0.0, "occlusion": 0.034, "no_glass_eye_open": 99.941, "normal_glass_eye_close": 0.001, "dark_glasses": 0.003}, "right_eye_status": {"normal_glass_eye_open": 0.0, "no_glass_eye_close": 0.0, "occlusion": 0.0, "no_glass_eye_open": 100.0, "normal_glass_eye_close": 0.0, "dark_glasses": 0.0}}, "facequality": {"threshold": 70.1, "value": 89.037}, "ethnicity": {"value": "ASIAN"}, "eyegaze": {"right_eye_gaze": {"position_x_coordinate": 0.443, "vector_z_component": 0.973, "vector_x_component": -0.205, "vector_y_component": 0.104, "position_y_coordinate": 0.428}, "left_eye_gaze": {"position_x_coordinate": 0.517, "vector_z_component": 0.987, "vector_x_component": 0.071, "vector_y_component": 0.142, "position_y_coordinate": 0.473}}}, "face_rectangle": {"width": 237, "top": 236, "left": 95, "height": 237}, "face_token": "1497cb386ddd8e127975394d5534ce36"}]}