{"image_id": "Iy96ax59AB+ToRplXYrBlA==", "request_id": "1551406978,00a941ad-1aad-4a96-b1bb-328e1722f3e4", "time_used": 506, "faces": [{"attributes": {"emotion": {"sadness": 0.129, "neutral": 94.255, "disgust": 0.0, "anger": 0.0, "surprise": 0.0, "fear": 0.0, "happiness": 5.616}, "beauty": {"female_score": 71.723, "male_score": 73.251}, "gender": {"value": "Female"}, "age": {"value": 24}, "mouthstatus": {"close": 99.998, "surgical_mask_or_respirator": 0.0, "open": 0.0, "other_occlusion": 0.002}, "glass": {"value": "Normal"}, "skinstatus": {"dark_circle": 7.705, "stain": 1.938, "acne": 1.551, "health": 27.251}, "headpose": {"yaw_angle": -15.918046, "pitch_angle": -9.186684, "roll_angle": -36.62565}, "blur": {"blurness": {"threshold": 50.0, "value": 0.364}, "motionblur": {"threshold": 50.0, "value": 0.364}, "gaussianblur": {"threshold": 50.0, "value": 0.364}}, "smile": {"threshold": 50.0, "value": 21.281}, "eyestatus": {"left_eye_status": {"normal_glass_eye_open": 86.632, "no_glass_eye_close": 0.011, "occlusion": 0.989, "no_glass_eye_open": 11.522, "normal_glass_eye_close": 0.061, "dark_glasses": 0.785}, "right_eye_status": {"normal_glass_eye_open": 27.477, "no_glass_eye_close": 0.0, "occlusion": 0.083, "no_glass_eye_open": 1.558, "normal_glass_eye_close": 0.01, "dark_glasses": 70.873}}, "facequality": {"threshold": 70.1, "value": 43.626}, "ethnicity": {"value": "WHITE"}, "eyegaze": {"right_eye_gaze": {"position_x_coordinate": 0.484, "vector_z_component": 0.874, "vector_x_component": 0.066, "vector_y_component": 0.481, "position_y_coordinate": 0.43}, "left_eye_gaze": {"position_x_coordinate": 0.579, "vector_z_component": 0.888, "vector_x_component": 0.425, "vector_y_component": 0.174, "position_y_coordinate": 0.444}}}, "face_rectangle": {"width": 330, "top": 284, "left": 106, "height": 330}, "face_token": "d5bab3d41454acde5e5f780b56ac81f8"}]}