{"image_id": "33sWpmMFTrebjNcU1BfoTQ==", "request_id": "1551407032,0dcea8b0-8e64-4aad-a723-2ca16d0f0107", "time_used": 1205, "faces": [{"attributes": {"emotion": {"sadness": 0.0, "neutral": 0.0, "disgust": 1.802, "anger": 0.0, "surprise": 0.0, "fear": 0.0, "happiness": 98.197}, "beauty": {"female_score": 60.651, "male_score": 58.693}, "gender": {"value": "Male"}, "age": {"value": 19}, "mouthstatus": {"close": 0.029, "surgical_mask_or_respirator": 0.0, "open": 99.97, "other_occlusion": 0.001}, "glass": {"value": "Normal"}, "skinstatus": {"dark_circle": 6.103, "stain": 7.693, "acne": 18.258, "health": 1.184}, "headpose": {"yaw_angle": 2.3331602, "pitch_angle": 3.1163275, "roll_angle": 1.2761397}, "blur": {"blurness": {"threshold": 50.0, "value": 0.668}, "motionblur": {"threshold": 50.0, "value": 0.668}, "gaussianblur": {"threshold": 50.0, "value": 0.668}}, "smile": {"threshold": 50.0, "value": 100.0}, "eyestatus": {"left_eye_status": {"normal_glass_eye_open": 61.011, "no_glass_eye_close": 0.014, "occlusion": 1.169, "no_glass_eye_open": 5.719, "normal_glass_eye_close": 0.466, "dark_glasses": 31.622}, "right_eye_status": {"normal_glass_eye_open": 45.559, "no_glass_eye_close": 0.784, "occlusion": 16.398, "no_glass_eye_open": 25.092, "normal_glass_eye_close": 5.535, "dark_glasses": 6.631}}, "facequality": {"threshold": 70.1, "value": 93.042}, "ethnicity": {"value": "WHITE"}, "eyegaze": {"right_eye_gaze": {"position_x_coordinate": 0.493, "vector_z_component": 0.993, "vector_x_component": 0.118, "vector_y_component": -0.008, "position_y_coordinate": 0.442}, "left_eye_gaze": {"position_x_coordinate": 0.616, "vector_z_component": 0.609, "vector_x_component": 0.498, "vector_y_component": -0.617, "position_y_coordinate": 0.24}}}, "face_rectangle": {"width": 648, "top": 524, "left": 284, "height": 648}, "face_token": "d9d79f898a35887fc9e2401821147ad9"}]}