{"image_id": "nJPoIwbmq+vS/VFitsCzCA==", "request_id": "1551406736,a65376ef-fb1d-48df-b7b0-1292f95648de", "time_used": 3033, "faces": [{"attributes": {"emotion": {"sadness": 0.0, "neutral": 0.0, "disgust": 0.0, "anger": 0.0, "surprise": 0.0, "fear": 0.0, "happiness": 100.0}, "beauty": {"female_score": 61.643, "male_score": 57.645}, "gender": {"value": "Female"}, "age": {"value": 20}, "mouthstatus": {"close": 98.439, "surgical_mask_or_respirator": 0.0, "open": 1.561, "other_occlusion": 0.0}, "glass": {"value": "None"}, "skinstatus": {"dark_circle": 1.017, "stain": 5.533, "acne": 2.871, "health": 29.386}, "headpose": {"yaw_angle": 4.3786197, "pitch_angle": 0.23993088, "roll_angle": -1.2405528}, "blur": {"blurness": {"threshold": 50.0, "value": 0.321}, "motionblur": {"threshold": 50.0, "value": 0.321}, "gaussianblur": {"threshold": 50.0, "value": 0.321}}, "smile": {"threshold": 50.0, "value": 100.0}, "eyestatus": {"left_eye_status": {"normal_glass_eye_open": 0.009, "no_glass_eye_close": 0.0, "occlusion": 0.001, "no_glass_eye_open": 99.99, "normal_glass_eye_close": 0.0, "dark_glasses": 0.0}, "right_eye_status": {"normal_glass_eye_open": 0.0, "no_glass_eye_close": 0.0, "occlusion": 0.001, "no_glass_eye_open": 99.999, "normal_glass_eye_close": 0.0, "dark_glasses": 0.0}}, "facequality": {"threshold": 70.1, "value": 92.136}, "ethnicity": {"value": "WHITE"}, "eyegaze": {"right_eye_gaze": {"position_x_coordinate": 0.499, "vector_z_component": 0.973, "vector_x_component": -0.057, "vector_y_component": 0.222, "position_y_coordinate": 0.446}, "left_eye_gaze": {"position_x_coordinate": 0.491, "vector_z_component": 0.969, "vector_x_component": 0.1, "vector_y_component": 0.225, "position_y_coordinate": 0.417}}}, "face_rectangle": {"width": 362, "top": 1368, "left": 1247, "height": 362}, "face_token": "6a0a3b5248db179d9a0ef2c4ad810c4a"}]}