{"image_id": "wu9qVCtEhKjaSeweAgIjjA==", "request_id": "1551406909,c0e5da9b-d697-4585-8445-e4f8df65d8dc", "time_used": 2591, "faces": [{"attributes": {"emotion": {"sadness": 0.453, "neutral": 99.056, "disgust": 0.254, "anger": 0.034, "surprise": 0.011, "fear": 0.011, "happiness": 0.18}, "beauty": {"female_score": 45.157, "male_score": 48.756}, "gender": {"value": "Male"}, "age": {"value": 19}, "mouthstatus": {"close": 99.786, "surgical_mask_or_respirator": 0.0, "open": 0.005, "other_occlusion": 0.208}, "glass": {"value": "None"}, "skinstatus": {"dark_circle": 18.561, "stain": 7.8, "acne": 6.012, "health": 3.448}, "headpose": {"yaw_angle": 25.81206, "pitch_angle": -15.739942, "roll_angle": -2.4818845}, "blur": {"blurness": {"threshold": 50.0, "value": 1.132}, "motionblur": {"threshold": 50.0, "value": 1.132}, "gaussianblur": {"threshold": 50.0, "value": 1.132}}, "smile": {"threshold": 50.0, "value": 7.36}, "eyestatus": {"left_eye_status": {"normal_glass_eye_open": 0.001, "no_glass_eye_close": 95.897, "occlusion": 0.87, "no_glass_eye_open": 2.84, "normal_glass_eye_close": 0.001, "dark_glasses": 0.392}, "right_eye_status": {"normal_glass_eye_open": 0.007, "no_glass_eye_close": 76.237, "occlusion": 0.563, "no_glass_eye_open": 23.151, "normal_glass_eye_close": 0.015, "dark_glasses": 0.027}}, "facequality": {"threshold": 70.1, "value": 0.582}, "ethnicity": {"value": "BLACK"}, "eyegaze": {"right_eye_gaze": {"position_x_coordinate": 0.334, "vector_z_component": 0.575, "vector_x_component": -0.753, "vector_y_component": 0.32, "position_y_coordinate": 0.495}, "left_eye_gaze": {"position_x_coordinate": 0.34, "vector_z_component": 0.745, "vector_x_component": -0.596, "vector_y_component": 0.301, "position_y_coordinate": 0.517}}}, "face_rectangle": {"width": 677, "top": 1401, "left": 1105, "height": 677}, "face_token": "b42687292673e955c5daeeca530402b3"}, {"attributes": {"emotion": {"sadness": 37.802, "neutral": 53.719, "disgust": 0.161, "anger": 6.528, "surprise": 1.354, "fear": 0.274, "happiness": 0.161}, "beauty": {"female_score": 48.764, "male_score": 48.908}, "gender": {"value": "Male"}, "age": {"value": 21}, "mouthstatus": {"close": 96.707, "surgical_mask_or_respirator": 0.198, "open": 2.183, "other_occlusion": 0.911}, "glass": {"value": "None"}, "skinstatus": {"dark_circle": 22.921, "stain": 4.42, "acne": 93.471, "health": 0.245}, "headpose": {"yaw_angle": 5.0745363, "pitch_angle": 17.384552, "roll_angle": -1.9284697}, "blur": {"blurness": {"threshold": 50.0, "value": 99.61}, "motionblur": {"threshold": 50.0, "value": 99.61}, "gaussianblur": {"threshold": 50.0, "value": 99.61}}, "smile": {"threshold": 50.0, "value": 3.251}, "eyestatus": {"left_eye_status": {"normal_glass_eye_open": 0.052, "no_glass_eye_close": 0.02, "occlusion": 0.049, "no_glass_eye_open": 99.786, "normal_glass_eye_close": 0.031, "dark_glasses": 0.062}, "right_eye_status": {"normal_glass_eye_open": 7.756, "no_glass_eye_close": 1.211, "occlusion": 1.221, "no_glass_eye_open": 81.51, "normal_glass_eye_close": 0.111, "dark_glasses": 8.191}}, "facequality": {"threshold": 70.1, "value": 0.006}, "ethnicity": {"value": "INDIA"}, "eyegaze": {"right_eye_gaze": {"position_x_coordinate": 0.45, "vector_z_component": 0.885, "vector_x_component": -0.444, "vector_y_component": -0.139, "position_y_coordinate": 0.411}, "left_eye_gaze": {"position_x_coordinate": 0.494, "vector_z_component": 0.74, "vector_x_component": 0.471, "vector_y_component": 0.48, "position_y_coordinate": 0.493}}}, "face_rectangle": {"width": 90, "top": 1804, "left": 2462, "height": 90}, "face_token": "173bb3fcdf12924e1ff72171d7269b6d"}, {"attributes": {"emotion": {"sadness": 0.044, "neutral": 96.41, "disgust": 0.014, "anger": 0.03, "surprise": 1.182, "fear": 0.014, "happiness": 2.306}, "beauty": {"female_score": 59.323, "male_score": 58.262}, "gender": {"value": "Male"}, "age": {"value": 26}, "mouthstatus": {"close": 84.01, "surgical_mask_or_respirator": 15.598, "open": 0.03, "other_occlusion": 0.362}, "glass": {"value": "None"}, "skinstatus": {"dark_circle": 52.13, "stain": 8.966, "acne": 77.756, "health": 0.152}, "headpose": {"yaw_angle": 19.334429, "pitch_angle": 5.2657123, "roll_angle": 3.6545937}, "blur": {"blurness": {"threshold": 50.0, "value": 93.185}, "motionblur": {"threshold": 50.0, "value": 93.185}, "gaussianblur": {"threshold": 50.0, "value": 93.185}}, "smile": {"threshold": 50.0, "value": 16.112}, "eyestatus": {"left_eye_status": {"normal_glass_eye_open": 42.321, "no_glass_eye_close": 0.011, "occlusion": 0.639, "no_glass_eye_open": 37.94, "normal_glass_eye_close": 0.033, "dark_glasses": 19.057}, "right_eye_status": {"normal_glass_eye_open": 8.602, "no_glass_eye_close": 0.859, "occlusion": 0.499, "no_glass_eye_open": 83.593, "normal_glass_eye_close": 0.049, "dark_glasses": 6.398}}, "facequality": {"threshold": 70.1, "value": 0.006}, "ethnicity": {"value": "BLACK"}, "eyegaze": {"right_eye_gaze": {"position_x_coordinate": 0.623, "vector_z_component": 0.851, "vector_x_component": 0.138, "vector_y_component": 0.506, "position_y_coordinate": 0.534}, "left_eye_gaze": {"position_x_coordinate": 0.34, "vector_z_component": 0.683, "vector_x_component": -0.547, "vector_y_component": 0.484, "position_y_coordinate": 0.462}}}, "face_rectangle": {"width": 89, "top": 1817, "left": 234, "height": 89}, "face_token": "3e50192f3d96a9da13c90ab9fd9d4110"}]}