{"image_id": "ioSPHDPT2uv+UVwfIK863w==", "request_id": "1551406870,1d2f07c1-c1ad-4947-bc45-2ef65e6a278c", "time_used": 2842, "faces": [{"attributes": {"emotion": {"sadness": 0.012, "neutral": 1.205, "disgust": 1.247, "anger": 0.013, "surprise": 0.432, "fear": 0.012, "happiness": 97.079}, "beauty": {"female_score": 61.651, "male_score": 62.159}, "gender": {"value": "Male"}, "age": {"value": 20}, "mouthstatus": {"close": 99.995, "surgical_mask_or_respirator": 0.0, "open": 0.005, "other_occlusion": 0.0}, "glass": {"value": "None"}, "skinstatus": {"dark_circle": 2.081, "stain": 6.821, "acne": 4.749, "health": 2.401}, "headpose": {"yaw_angle": 13.005509, "pitch_angle": -14.843237, "roll_angle": -47.80735}, "blur": {"blurness": {"threshold": 50.0, "value": 6.538}, "motionblur": {"threshold": 50.0, "value": 6.538}, "gaussianblur": {"threshold": 50.0, "value": 6.538}}, "smile": {"threshold": 50.0, "value": 85.107}, "eyestatus": {"left_eye_status": {"normal_glass_eye_open": 0.0, "no_glass_eye_close": 74.931, "occlusion": 17.403, "no_glass_eye_open": 7.665, "normal_glass_eye_close": 0.0, "dark_glasses": 0.0}, "right_eye_status": {"normal_glass_eye_open": 0.001, "no_glass_eye_close": 62.261, "occlusion": 29.878, "no_glass_eye_open": 7.858, "normal_glass_eye_close": 0.0, "dark_glasses": 0.002}}, "facequality": {"threshold": 70.1, "value": 47.353}, "ethnicity": {"value": "WHITE"}, "eyegaze": {"right_eye_gaze": {"position_x_coordinate": 0.477, "vector_z_component": 0.938, "vector_x_component": -0.079, "vector_y_component": 0.338, "position_y_coordinate": 0.494}, "left_eye_gaze": {"position_x_coordinate": 0.421, "vector_z_component": 0.929, "vector_x_component": -0.054, "vector_y_component": 0.367, "position_y_coordinate": 0.514}}}, "face_rectangle": {"width": 406, "top": 1588, "left": 2855, "height": 406}, "face_token": "0e85d1e8dc04174954c193159e67193e"}, {"attributes": {"emotion": {"sadness": 0.001, "neutral": 0.009, "disgust": 0.61, "anger": 0.001, "surprise": 0.036, "fear": 0.001, "happiness": 99.341}, "beauty": {"female_score": 58.224, "male_score": 59.038}, "gender": {"value": "Male"}, "age": {"value": 22}, "mouthstatus": {"close": 15.369, "surgical_mask_or_respirator": 0.0, "open": 84.56, "other_occlusion": 0.071}, "glass": {"value": "None"}, "skinstatus": {"dark_circle": 1.957, "stain": 12.558, "acne": 1.23, "health": 9.403}, "headpose": {"yaw_angle": -5.89178, "pitch_angle": 1.408093, "roll_angle": 11.888731}, "blur": {"blurness": {"threshold": 50.0, "value": 0.443}, "motionblur": {"threshold": 50.0, "value": 0.443}, "gaussianblur": {"threshold": 50.0, "value": 0.443}}, "smile": {"threshold": 50.0, "value": 99.988}, "eyestatus": {"left_eye_status": {"normal_glass_eye_open": 0.032, "no_glass_eye_close": 0.117, "occlusion": 2.122, "no_glass_eye_open": 97.722, "normal_glass_eye_close": 0.0, "dark_glasses": 0.007}, "right_eye_status": {"normal_glass_eye_open": 0.006, "no_glass_eye_close": 0.066, "occlusion": 0.044, "no_glass_eye_open": 99.88, "normal_glass_eye_close": 0.001, "dark_glasses": 0.003}}, "facequality": {"threshold": 70.1, "value": 90.141}, "ethnicity": {"value": "ASIAN"}, "eyegaze": {"right_eye_gaze": {"position_x_coordinate": 0.525, "vector_z_component": 0.939, "vector_x_component": 0.187, "vector_y_component": 0.288, "position_y_coordinate": 0.468}, "left_eye_gaze": {"position_x_coordinate": 0.464, "vector_z_component": 0.961, "vector_x_component": 0.197, "vector_y_component": 0.197, "position_y_coordinate": 0.478}}}, "face_rectangle": {"width": 383, "top": 1291, "left": 377, "height": 383}, "face_token": "9aa52756b26240cbe0618ff304058d60"}, {"attributes": {"emotion": {"sadness": 4.954, "neutral": 23.996, "disgust": 0.303, "anger": 0.335, "surprise": 34.417, "fear": 0.303, "happiness": 35.692}, "beauty": {"female_score": 58.051, "male_score": 53.312}, "gender": {"value": "Male"}, "age": {"value": 25}, "mouthstatus": {"close": 36.064, "surgical_mask_or_respirator": 0.0, "open": 0.0, "other_occlusion": 63.936}, "glass": {"value": "None"}, "skinstatus": {"dark_circle": 2.806, "stain": 0.309, "acne": 0.311, "health": 4.468}, "headpose": {"yaw_angle": 8.285843, "pitch_angle": -7.588577, "roll_angle": -3.3895032}, "blur": {"blurness": {"threshold": 50.0, "value": 4.337}, "motionblur": {"threshold": 50.0, "value": 4.337}, "gaussianblur": {"threshold": 50.0, "value": 4.337}}, "smile": {"threshold": 50.0, "value": 78.287}, "eyestatus": {"left_eye_status": {"normal_glass_eye_open": 0.004, "no_glass_eye_close": 79.865, "occlusion": 5.109, "no_glass_eye_open": 15.022, "normal_glass_eye_close": 0.0, "dark_glasses": 0.001}, "right_eye_status": {"normal_glass_eye_open": 0.164, "no_glass_eye_close": 23.141, "occlusion": 11.714, "no_glass_eye_open": 58.177, "normal_glass_eye_close": 0.004, "dark_glasses": 6.8}}, "facequality": {"threshold": 70.1, "value": 80.508}, "ethnicity": {"value": "INDIA"}, "eyegaze": {"right_eye_gaze": {"position_x_coordinate": 0.513, "vector_z_component": 0.771, "vector_x_component": -0.257, "vector_y_component": 0.582, "position_y_coordinate": 0.544}, "left_eye_gaze": {"position_x_coordinate": 0.66, "vector_z_component": 0.689, "vector_x_component": 0.528, "vector_y_component": 0.496, "position_y_coordinate": 0.635}}}, "face_rectangle": {"width": 374, "top": 1370, "left": 1442, "height": 374}, "face_token": "8947f12e8eb77ef83b42663427bb9aad"}, {"attributes": {"emotion": {"sadness": 0.0, "neutral": 0.002, "disgust": 0.0, "anger": 0.0, "surprise": 0.0, "fear": 0.0, "happiness": 99.998}, "beauty": {"female_score": 71.986, "male_score": 61.862}, "gender": {"value": "Male"}, "age": {"value": 19}, "mouthstatus": {"close": 99.924, "surgical_mask_or_respirator": 0.0, "open": 0.065, "other_occlusion": 0.011}, "glass": {"value": "None"}, "skinstatus": {"dark_circle": 11.862, "stain": 14.621, "acne": 4.997, "health": 1.63}, "headpose": {"yaw_angle": 0.2437353, "pitch_angle": 6.0859466, "roll_angle": -6.3041487}, "blur": {"blurness": {"threshold": 50.0, "value": 1.03}, "motionblur": {"threshold": 50.0, "value": 1.03}, "gaussianblur": {"threshold": 50.0, "value": 1.03}}, "smile": {"threshold": 50.0, "value": 100.0}, "eyestatus": {"left_eye_status": {"normal_glass_eye_open": 0.001, "no_glass_eye_close": 0.0, "occlusion": 0.006, "no_glass_eye_open": 99.993, "normal_glass_eye_close": 0.0, "dark_glasses": 0.0}, "right_eye_status": {"normal_glass_eye_open": 0.01, "no_glass_eye_close": 0.0, "occlusion": 0.005, "no_glass_eye_open": 99.982, "normal_glass_eye_close": 0.0, "dark_glasses": 0.002}}, "facequality": {"threshold": 70.1, "value": 93.357}, "ethnicity": {"value": "WHITE"}, "eyegaze": {"right_eye_gaze": {"position_x_coordinate": 0.496, "vector_z_component": 0.983, "vector_x_component": 0.009, "vector_y_component": 0.183, "position_y_coordinate": 0.448}, "left_eye_gaze": {"position_x_coordinate": 0.474, "vector_z_component": 0.988, "vector_x_component": 0.002, "vector_y_component": -0.153, "position_y_coordinate": 0.399}}}, "face_rectangle": {"width": 301, "top": 1304, "left": 2145, "height": 301}, "face_token": "7e78d482b13dfb0e446e29d63bd94cb8"}]}