{"image_id": "qRUcBbwRYTEaf2uCR8iHsw==", "request_id": "1551407050,cae59bd7-3a4c-4d89-abba-b40274c236d3", "time_used": 764, "faces": [{"attributes": {"emotion": {"sadness": 99.443, "neutral": 0.003, "disgust": 0.001, "anger": 0.0, "surprise": 0.0, "fear": 0.002, "happiness": 0.551}, "beauty": {"female_score": 50.57, "male_score": 44.168}, "gender": {"value": "Male"}, "age": {"value": 51}, "mouthstatus": {"close": 99.991, "surgical_mask_or_respirator": 0.0, "open": 0.009, "other_occlusion": 0.0}, "glass": {"value": "Normal"}, "skinstatus": {"dark_circle": 20.407, "stain": 3.092, "acne": 0.884, "health": 4.712}, "headpose": {"yaw_angle": 3.573057, "pitch_angle": -0.54807484, "roll_angle": 1.6029246}, "blur": {"blurness": {"threshold": 50.0, "value": 35.578}, "motionblur": {"threshold": 50.0, "value": 35.578}, "gaussianblur": {"threshold": 50.0, "value": 35.578}}, "smile": {"threshold": 50.0, "value": 99.998}, "eyestatus": {"left_eye_status": {"normal_glass_eye_open": 99.976, "no_glass_eye_close": 0.0, "occlusion": 0.0, "no_glass_eye_open": 0.019, "normal_glass_eye_close": 0.005, "dark_glasses": 0.0}, "right_eye_status": {"normal_glass_eye_open": 60.731, "no_glass_eye_close": 0.1, "occlusion": 0.273, "no_glass_eye_open": 2.028, "normal_glass_eye_close": 9.702, "dark_glasses": 27.166}}, "facequality": {"threshold": 70.1, "value": 56.746}, "ethnicity": {"value": "WHITE"}, "eyegaze": {"right_eye_gaze": {"position_x_coordinate": 0.457, "vector_z_component": 0.972, "vector_x_component": 0.047, "vector_y_component": 0.232, "position_y_coordinate": 0.479}, "left_eye_gaze": {"position_x_coordinate": 0.476, "vector_z_component": 0.938, "vector_x_component": 0.1, "vector_y_component": 0.332, "position_y_coordinate": 0.495}}}, "face_rectangle": {"width": 354, "top": 410, "left": 365, "height": 354}, "face_token": "2feaa58d265b6b6ae0c37f4f0d79fd98"}]}