{"image_id": "uOm7WTkFRo5QLmGl+aYaIQ==", "request_id": "1551406931,5153c7a1-a3a4-47f8-bb93-a23af37a64e5", "time_used": 1005, "faces": [{"attributes": {"emotion": {"sadness": 0.004, "neutral": 0.04, "disgust": 0.002, "anger": 0.002, "surprise": 0.022, "fear": 0.011, "happiness": 99.919}, "beauty": {"female_score": 56.263, "male_score": 52.389}, "gender": {"value": "Female"}, "age": {"value": 26}, "mouthstatus": {"close": 0.0, "surgical_mask_or_respirator": 0.0, "open": 100.0, "other_occlusion": 0.0}, "glass": {"value": "None"}, "skinstatus": {"dark_circle": 15.884, "stain": 19.674, "acne": 4.366, "health": 2.491}, "headpose": {"yaw_angle": 2.3962336, "pitch_angle": 12.257939, "roll_angle": -17.093088}, "blur": {"blurness": {"threshold": 50.0, "value": 1.114}, "motionblur": {"threshold": 50.0, "value": 1.114}, "gaussianblur": {"threshold": 50.0, "value": 1.114}}, "smile": {"threshold": 50.0, "value": 99.997}, "eyestatus": {"left_eye_status": {"normal_glass_eye_open": 0.755, "no_glass_eye_close": 0.084, "occlusion": 0.354, "no_glass_eye_open": 97.463, "normal_glass_eye_close": 0.005, "dark_glasses": 1.338}, "right_eye_status": {"normal_glass_eye_open": 1.466, "no_glass_eye_close": 0.106, "occlusion": 0.315, "no_glass_eye_open": 96.684, "normal_glass_eye_close": 0.273, "dark_glasses": 1.156}}, "facequality": {"threshold": 70.1, "value": 88.327}, "ethnicity": {"value": "BLACK"}, "eyegaze": {"right_eye_gaze": {"position_x_coordinate": 0.516, "vector_z_component": 0.937, "vector_x_component": -0.252, "vector_y_component": 0.241, "position_y_coordinate": 0.525}, "left_eye_gaze": {"position_x_coordinate": 0.583, "vector_z_component": 0.872, "vector_x_component": 0.385, "vector_y_component": 0.301, "position_y_coordinate": 0.515}}}, "face_rectangle": {"width": 586, "top": 336, "left": 156, "height": 586}, "face_token": "9a5f67513b8a68de5df569e30f9a621d"}]}