{"image_id": "6e/hsg79io+J9f4z0fm7RQ==", "request_id": "1551406991,f003f7a5-b27d-46a0-8157-b7448af3976d", "time_used": 3391, "faces": [{"attributes": {"emotion": {"sadness": 0.0, "neutral": 0.0, "disgust": 0.0, "anger": 0.0, "surprise": 0.0, "fear": 0.0, "happiness": 99.999}, "beauty": {"female_score": 67.938, "male_score": 64.336}, "gender": {"value": "Male"}, "age": {"value": 19}, "mouthstatus": {"close": 0.0, "surgical_mask_or_respirator": 0.0, "open": 100.0, "other_occlusion": 0.0}, "glass": {"value": "Normal"}, "skinstatus": {"dark_circle": 5.44, "stain": 1.285, "acne": 0.056, "health": 7.07}, "headpose": {"yaw_angle": 0.29289386, "pitch_angle": -4.9192977, "roll_angle": -10.678615}, "blur": {"blurness": {"threshold": 50.0, "value": 0.897}, "motionblur": {"threshold": 50.0, "value": 0.897}, "gaussianblur": {"threshold": 50.0, "value": 0.897}}, "smile": {"threshold": 50.0, "value": 100.0}, "eyestatus": {"left_eye_status": {"normal_glass_eye_open": 99.862, "no_glass_eye_close": 0.0, "occlusion": 0.001, "no_glass_eye_open": 0.063, "normal_glass_eye_close": 0.066, "dark_glasses": 0.007}, "right_eye_status": {"normal_glass_eye_open": 98.169, "no_glass_eye_close": 0.0, "occlusion": 0.009, "no_glass_eye_open": 0.148, "normal_glass_eye_close": 0.151, "dark_glasses": 1.523}}, "facequality": {"threshold": 70.1, "value": 93.711}, "ethnicity": {"value": "WHITE"}, "eyegaze": {"right_eye_gaze": {"position_x_coordinate": 0.482, "vector_z_component": 0.973, "vector_x_component": 0.085, "vector_y_component": 0.215, "position_y_coordinate": 0.457}, "left_eye_gaze": {"position_x_coordinate": 0.492, "vector_z_component": 0.869, "vector_x_component": 0.24, "vector_y_component": 0.433, "position_y_coordinate": 0.523}}}, "face_rectangle": {"width": 809, "top": 520, "left": 583, "height": 809}, "face_token": "806ccbf80fbaa2fae59d5cb4715ba9ad"}]}