{"image_id": "6wDVSfmEkGbLpWEHgh59Bw==", "request_id": "1551406845,785e596b-4aab-43be-9f45-fb319ade9513", "time_used": 2518, "faces": [{"attributes": {"emotion": {"sadness": 0.019, "neutral": 0.002, "disgust": 0.042, "anger": 0.0, "surprise": 0.0, "fear": 0.0, "happiness": 99.935}, "beauty": {"female_score": 54.14, "male_score": 49.13}, "gender": {"value": "Female"}, "age": {"value": 26}, "mouthstatus": {"close": 0.004, "surgical_mask_or_respirator": 0.0, "open": 26.549, "other_occlusion": 73.447}, "glass": {"value": "None"}, "skinstatus": {"dark_circle": 4.095, "stain": 18.392, "acne": 3.027, "health": 11.938}, "headpose": {"yaw_angle": 16.290531, "pitch_angle": 11.259376, "roll_angle": 12.910953}, "blur": {"blurness": {"threshold": 50.0, "value": 0.037}, "motionblur": {"threshold": 50.0, "value": 0.037}, "gaussianblur": {"threshold": 50.0, "value": 0.037}}, "smile": {"threshold": 50.0, "value": 100.0}, "eyestatus": {"left_eye_status": {"normal_glass_eye_open": 0.0, "no_glass_eye_close": 0.031, "occlusion": 0.001, "no_glass_eye_open": 99.968, "normal_glass_eye_close": 0.0, "dark_glasses": 0.0}, "right_eye_status": {"normal_glass_eye_open": 13.656, "no_glass_eye_close": 0.03, "occlusion": 0.076, "no_glass_eye_open": 86.216, "normal_glass_eye_close": 0.001, "dark_glasses": 0.021}}, "facequality": {"threshold": 70.1, "value": 38.359}, "ethnicity": {"value": "WHITE"}, "eyegaze": {"right_eye_gaze": {"position_x_coordinate": 0.455, "vector_z_component": 0.937, "vector_x_component": -0.347, "vector_y_component": -0.046, "position_y_coordinate": 0.548}, "left_eye_gaze": {"position_x_coordinate": 0.471, "vector_z_component": 0.986, "vector_x_component": 0.157, "vector_y_component": -0.063, "position_y_coordinate": 0.399}}}, "face_rectangle": {"width": 744, "top": 969, "left": 1419, "height": 744}, "face_token": "32fb2b12c59437c8b3364993395766ae"}]}