{"image_id": "/tpT87p2J320qSubI9gMRQ==", "request_id": "1551406749,adf6e0d8-3934-418e-b5a3-93181d8837b9", "time_used": 1009, "faces": [{"attributes": {"emotion": {"sadness": 0.0, "neutral": 0.0, "disgust": 0.0, "anger": 0.001, "surprise": 0.011, "fear": 6.432, "happiness": 93.554}, "beauty": {"female_score": 62.659, "male_score": 56.578}, "gender": {"value": "Male"}, "age": {"value": 51}, "mouthstatus": {"close": 0.253, "surgical_mask_or_respirator": 0.0, "open": 99.747, "other_occlusion": 0.0}, "glass": {"value": "None"}, "skinstatus": {"dark_circle": 4.047, "stain": 21.959, "acne": 46.654, "health": 0.582}, "headpose": {"yaw_angle": 6.5299616, "pitch_angle": 7.5802274, "roll_angle": 6.7975893}, "blur": {"blurness": {"threshold": 50.0, "value": 0.361}, "motionblur": {"threshold": 50.0, "value": 0.361}, "gaussianblur": {"threshold": 50.0, "value": 0.361}}, "smile": {"threshold": 50.0, "value": 99.994}, "eyestatus": {"left_eye_status": {"normal_glass_eye_open": 0.003, "no_glass_eye_close": 0.0, "occlusion": 0.001, "no_glass_eye_open": 99.994, "normal_glass_eye_close": 0.0, "dark_glasses": 0.001}, "right_eye_status": {"normal_glass_eye_open": 0.647, "no_glass_eye_close": 0.0, "occlusion": 0.0, "no_glass_eye_open": 99.352, "normal_glass_eye_close": 0.0, "dark_glasses": 0.001}}, "facequality": {"threshold": 70.1, "value": 86.513}, "ethnicity": {"value": "WHITE"}, "eyegaze": {"right_eye_gaze": {"position_x_coordinate": 0.489, "vector_z_component": 1.0, "vector_x_component": 0.017, "vector_y_component": -0.013, "position_y_coordinate": 0.479}, "left_eye_gaze": {"position_x_coordinate": 0.489, "vector_z_component": 0.991, "vector_x_component": 0.131, "vector_y_component": -0.03, "position_y_coordinate": 0.479}}}, "face_rectangle": {"width": 429, "top": 449, "left": 441, "height": 429}, "face_token": "4169d4c41c9a7f7ced42822326de79c7"}]}