{"image_id": "ZNLqxgDcIRY95q4vw7YS+w==", "request_id": "1551406873,ffafbbff-6201-4b59-8f68-0d67750bd639", "time_used": 1873, "faces": [{"attributes": {"emotion": {"sadness": 0.0, "neutral": 58.348, "disgust": 0.001, "anger": 41.625, "surprise": 0.024, "fear": 0.0, "happiness": 0.001}, "beauty": {"female_score": 69.309, "male_score": 64.146}, "gender": {"value": "Female"}, "age": {"value": 21}, "mouthstatus": {"close": 99.973, "surgical_mask_or_respirator": 0.001, "open": 0.021, "other_occlusion": 0.004}, "glass": {"value": "Normal"}, "skinstatus": {"dark_circle": 7.064, "stain": 4.583, "acne": 6.991, "health": 22.121}, "headpose": {"yaw_angle": 9.763499, "pitch_angle": 8.802428, "roll_angle": 34.291744}, "blur": {"blurness": {"threshold": 50.0, "value": 0.039}, "motionblur": {"threshold": 50.0, "value": 0.039}, "gaussianblur": {"threshold": 50.0, "value": 0.039}}, "smile": {"threshold": 50.0, "value": 16.185}, "eyestatus": {"left_eye_status": {"normal_glass_eye_open": 59.028, "no_glass_eye_close": 0.0, "occlusion": 0.158, "no_glass_eye_open": 5.502, "normal_glass_eye_close": 0.038, "dark_glasses": 35.274}, "right_eye_status": {"normal_glass_eye_open": 97.6, "no_glass_eye_close": 0.0, "occlusion": 0.002, "no_glass_eye_open": 0.029, "normal_glass_eye_close": 0.001, "dark_glasses": 2.368}}, "facequality": {"threshold": 70.1, "value": 77.707}, "ethnicity": {"value": "WHITE"}, "eyegaze": {"right_eye_gaze": {"position_x_coordinate": 0.484, "vector_z_component": 0.991, "vector_x_component": 0.107, "vector_y_component": -0.079, "position_y_coordinate": 0.43}, "left_eye_gaze": {"position_x_coordinate": 0.503, "vector_z_component": 0.975, "vector_x_component": 0.09, "vector_y_component": -0.202, "position_y_coordinate": 0.413}}}, "face_rectangle": {"width": 800, "top": 415, "left": 1135, "height": 800}, "face_token": "1ade29b9978993a706162e6f41c6ad6b"}]}