{"image_id": "siXei+3Jmyc7ZpFVE9eeaw==", "request_id": "1551406971,a914e9be-3b65-4132-b939-5ac650ab8b01", "time_used": 425, "faces": [{"attributes": {"emotion": {"sadness": 0.017, "neutral": 2.841, "disgust": 0.017, "anger": 0.111, "surprise": 5.573, "fear": 0.017, "happiness": 91.425}, "beauty": {"female_score": 52.661, "male_score": 52.994}, "gender": {"value": "Male"}, "age": {"value": 54}, "mouthstatus": {"close": 0.39, "surgical_mask_or_respirator": 0.0, "open": 99.61, "other_occlusion": 0.0}, "glass": {"value": "Normal"}, "skinstatus": {"dark_circle": 7.926, "stain": 3.623, "acne": 7.715, "health": 10.163}, "headpose": {"yaw_angle": -10.078571, "pitch_angle": 5.0180387, "roll_angle": 13.152323}, "blur": {"blurness": {"threshold": 50.0, "value": 3.885}, "motionblur": {"threshold": 50.0, "value": 3.885}, "gaussianblur": {"threshold": 50.0, "value": 3.885}}, "smile": {"threshold": 50.0, "value": 99.981}, "eyestatus": {"left_eye_status": {"normal_glass_eye_open": 98.229, "no_glass_eye_close": 0.001, "occlusion": 0.212, "no_glass_eye_open": 0.776, "normal_glass_eye_close": 0.083, "dark_glasses": 0.699}, "right_eye_status": {"normal_glass_eye_open": 52.627, "no_glass_eye_close": 1.492, "occlusion": 14.381, "no_glass_eye_open": 6.11, "normal_glass_eye_close": 8.251, "dark_glasses": 17.139}}, "facequality": {"threshold": 70.1, "value": 77.365}, "ethnicity": {"value": "BLACK"}, "eyegaze": {"right_eye_gaze": {"position_x_coordinate": 0.386, "vector_z_component": 0.73, "vector_x_component": -0.68, "vector_y_component": -0.069, "position_y_coordinate": 0.48}, "left_eye_gaze": {"position_x_coordinate": 0.376, "vector_z_component": 0.842, "vector_x_component": -0.501, "vector_y_component": 0.199, "position_y_coordinate": 0.466}}}, "face_rectangle": {"width": 365, "top": 279, "left": 169, "height": 365}, "face_token": "79d6eda4b8be90271dacbe6872edc5e2"}]}