{"image_id": "nWACFTIjX8zBnNqP6ua4PA==", "request_id": "1551407019,00b22897-a02f-4984-a698-b40421d3eb18", "time_used": 528, "faces": [{"attributes": {"emotion": {"sadness": 0.916, "neutral": 5.781, "disgust": 12.833, "anger": 4.17, "surprise": 0.383, "fear": 0.179, "happiness": 75.738}, "beauty": {"female_score": 44.066, "male_score": 46.473}, "gender": {"value": "Male"}, "age": {"value": 34}, "mouthstatus": {"close": 57.054, "surgical_mask_or_respirator": 23.62, "open": 0.037, "other_occlusion": 19.289}, "glass": {"value": "None"}, "skinstatus": {"dark_circle": 10.011, "stain": 0.843, "acne": 1.412, "health": 35.076}, "headpose": {"yaw_angle": 1.3067688, "pitch_angle": 14.6969185, "roll_angle": -4.0813913}, "blur": {"blurness": {"threshold": 50.0, "value": 1.554}, "motionblur": {"threshold": 50.0, "value": 1.554}, "gaussianblur": {"threshold": 50.0, "value": 1.554}}, "smile": {"threshold": 50.0, "value": 99.892}, "eyestatus": {"left_eye_status": {"normal_glass_eye_open": 0.246, "no_glass_eye_close": 0.001, "occlusion": 0.005, "no_glass_eye_open": 99.747, "normal_glass_eye_close": 0.001, "dark_glasses": 0.0}, "right_eye_status": {"normal_glass_eye_open": 0.918, "no_glass_eye_close": 0.0, "occlusion": 0.002, "no_glass_eye_open": 99.08, "normal_glass_eye_close": 0.0, "dark_glasses": 0.0}}, "facequality": {"threshold": 70.1, "value": 86.729}, "ethnicity": {"value": "WHITE"}, "eyegaze": {"right_eye_gaze": {"position_x_coordinate": 0.484, "vector_z_component": 0.973, "vector_x_component": 0.094, "vector_y_component": -0.212, "position_y_coordinate": 0.382}, "left_eye_gaze": {"position_x_coordinate": 0.474, "vector_z_component": 0.97, "vector_x_component": -0.065, "vector_y_component": -0.234, "position_y_coordinate": 0.349}}}, "face_rectangle": {"width": 55, "top": 239, "left": 109, "height": 55}, "face_token": "24e18bd31ae818a72939daa241b35512"}]}