{"image_id": "NuHM65/dPSPeLRWb4d5+wg==", "request_id": "1551406838,fdb3ee72-e945-41f3-b4f7-29f2c3cbb485", "time_used": 1138, "faces": [{"attributes": {"emotion": {"sadness": 0.019, "neutral": 0.004, "disgust": 0.003, "anger": 0.383, "surprise": 0.005, "fear": 0.003, "happiness": 99.584}, "beauty": {"female_score": 53.067, "male_score": 51.303}, "gender": {"value": "Female"}, "age": {"value": 28}, "mouthstatus": {"close": 0.0, "surgical_mask_or_respirator": 0.0, "open": 100.0, "other_occlusion": 0.0}, "glass": {"value": "None"}, "skinstatus": {"dark_circle": 4.803, "stain": 9.547, "acne": 5.605, "health": 8.146}, "headpose": {"yaw_angle": -12.304939, "pitch_angle": -10.607529, "roll_angle": 5.306311}, "blur": {"blurness": {"threshold": 50.0, "value": 6.551}, "motionblur": {"threshold": 50.0, "value": 6.551}, "gaussianblur": {"threshold": 50.0, "value": 6.551}}, "smile": {"threshold": 50.0, "value": 99.998}, "eyestatus": {"left_eye_status": {"normal_glass_eye_open": 0.036, "no_glass_eye_close": 0.009, "occlusion": 0.219, "no_glass_eye_open": 99.679, "normal_glass_eye_close": 0.003, "dark_glasses": 0.055}, "right_eye_status": {"normal_glass_eye_open": 0.03, "no_glass_eye_close": 0.218, "occlusion": 0.099, "no_glass_eye_open": 99.572, "normal_glass_eye_close": 0.001, "dark_glasses": 0.081}}, "facequality": {"threshold": 70.1, "value": 59.142}, "ethnicity": {"value": "BLACK"}, "eyegaze": {"right_eye_gaze": {"position_x_coordinate": 0.723, "vector_z_component": 0.702, "vector_x_component": 0.491, "vector_y_component": 0.515, "position_y_coordinate": 0.455}, "left_eye_gaze": {"position_x_coordinate": 0.41, "vector_z_component": 0.908, "vector_x_component": 0.01, "vector_y_component": 0.419, "position_y_coordinate": 0.501}}}, "face_rectangle": {"width": 664, "top": 526, "left": 132, "height": 664}, "face_token": "c86b02cfd7ad4b0fe4b6ee31c00f188d"}]}