{"image_id": "2v3vGYBOIiuLWrHrNJV4xQ==", "request_id": "1551407048,c79ab587-0147-4b8d-a6ac-1ab3b89ad957", "time_used": 2235, "faces": [{"attributes": {"emotion": {"sadness": 0.001, "neutral": 0.004, "disgust": 0.001, "anger": 0.0, "surprise": 0.0, "fear": 0.001, "happiness": 99.992}, "beauty": {"female_score": 61.437, "male_score": 56.861}, "gender": {"value": "Female"}, "age": {"value": 40}, "mouthstatus": {"close": 0.0, "surgical_mask_or_respirator": 0.0, "open": 100.0, "other_occlusion": 0.0}, "glass": {"value": "None"}, "skinstatus": {"dark_circle": 2.869, "stain": 4.548, "acne": 1.387, "health": 30.824}, "headpose": {"yaw_angle": 24.021055, "pitch_angle": 1.2514485, "roll_angle": -10.829804}, "blur": {"blurness": {"threshold": 50.0, "value": 0.358}, "motionblur": {"threshold": 50.0, "value": 0.358}, "gaussianblur": {"threshold": 50.0, "value": 0.358}}, "smile": {"threshold": 50.0, "value": 99.954}, "eyestatus": {"left_eye_status": {"normal_glass_eye_open": 0.0, "no_glass_eye_close": 0.0, "occlusion": 0.0, "no_glass_eye_open": 100.0, "normal_glass_eye_close": 0.0, "dark_glasses": 0.0}, "right_eye_status": {"normal_glass_eye_open": 0.004, "no_glass_eye_close": 0.0, "occlusion": 0.0, "no_glass_eye_open": 99.996, "normal_glass_eye_close": 0.0, "dark_glasses": 0.001}}, "facequality": {"threshold": 70.1, "value": 3.071}, "ethnicity": {"value": "WHITE"}, "eyegaze": {"right_eye_gaze": {"position_x_coordinate": 0.541, "vector_z_component": 0.971, "vector_x_component": 0.206, "vector_y_component": -0.124, "position_y_coordinate": 0.407}, "left_eye_gaze": {"position_x_coordinate": 0.536, "vector_z_component": 0.986, "vector_x_component": 0.138, "vector_y_component": -0.092, "position_y_coordinate": 0.4}}}, "face_rectangle": {"width": 524, "top": 1053, "left": 695, "height": 524}, "face_token": "4778ce13f7296aaf6ed8983aabf36044"}]}