{"image_id": "6ByXjfTdcdcIVW8VX3ql3Q==", "request_id": "1551406957,1a5427d3-bd48-4a9d-b7ba-71d396f2dfb0", "time_used": 545, "faces": [{"attributes": {"emotion": {"sadness": 45.633, "neutral": 54.323, "disgust": 0.001, "anger": 0.001, "surprise": 0.001, "fear": 0.024, "happiness": 0.016}, "beauty": {"female_score": 56.282, "male_score": 58.712}, "gender": {"value": "Female"}, "age": {"value": 20}, "mouthstatus": {"close": 99.996, "surgical_mask_or_respirator": 0.0, "open": 0.0, "other_occlusion": 0.004}, "glass": {"value": "None"}, "skinstatus": {"dark_circle": 5.976, "stain": 3.502, "acne": 6.515, "health": 14.021}, "headpose": {"yaw_angle": -6.412054, "pitch_angle": 8.563194, "roll_angle": 5.5284886}, "blur": {"blurness": {"threshold": 50.0, "value": 37.435}, "motionblur": {"threshold": 50.0, "value": 37.435}, "gaussianblur": {"threshold": 50.0, "value": 37.435}}, "smile": {"threshold": 50.0, "value": 0.0}, "eyestatus": {"left_eye_status": {"normal_glass_eye_open": 0.053, "no_glass_eye_close": 51.587, "occlusion": 4.165, "no_glass_eye_open": 43.943, "normal_glass_eye_close": 0.216, "dark_glasses": 0.036}, "right_eye_status": {"normal_glass_eye_open": 0.006, "no_glass_eye_close": 99.061, "occlusion": 0.103, "no_glass_eye_open": 0.297, "normal_glass_eye_close": 0.533, "dark_glasses": 0.0}}, "facequality": {"threshold": 70.1, "value": 36.889}, "ethnicity": {"value": "WHITE"}, "eyegaze": {"right_eye_gaze": {"position_x_coordinate": 0.357, "vector_z_component": 0.696, "vector_x_component": -0.226, "vector_y_component": 0.681, "position_y_coordinate": 0.564}, "left_eye_gaze": {"position_x_coordinate": 0.405, "vector_z_component": 0.774, "vector_x_component": -0.291, "vector_y_component": 0.563, "position_y_coordinate": 0.497}}}, "face_rectangle": {"width": 125, "top": 297, "left": 305, "height": 125}, "face_token": "a33caf4b2d26379fb5fbf221173d066d"}]}