{"image_id": "T+nAAJvTNzZ9YW+05DhI5w==", "request_id": "1551407012,adb1ea20-17b3-4a8b-abc3-2274fd8b8af6", "time_used": 2566, "faces": [{"attributes": {"emotion": {"sadness": 0.0, "neutral": 0.0, "disgust": 0.0, "anger": 0.002, "surprise": 0.0, "fear": 0.0, "happiness": 99.998}, "beauty": {"female_score": 75.112, "male_score": 71.03}, "gender": {"value": "Female"}, "age": {"value": 21}, "mouthstatus": {"close": 0.061, "surgical_mask_or_respirator": 0.0, "open": 99.938, "other_occlusion": 0.001}, "glass": {"value": "None"}, "skinstatus": {"dark_circle": 3.5, "stain": 55.691, "acne": 63.163, "health": 3.342}, "headpose": {"yaw_angle": 13.124616, "pitch_angle": 8.732292, "roll_angle": -7.9014087}, "blur": {"blurness": {"threshold": 50.0, "value": 0.166}, "motionblur": {"threshold": 50.0, "value": 0.166}, "gaussianblur": {"threshold": 50.0, "value": 0.166}}, "smile": {"threshold": 50.0, "value": 100.0}, "eyestatus": {"left_eye_status": {"normal_glass_eye_open": 0.003, "no_glass_eye_close": 0.0, "occlusion": 0.0, "no_glass_eye_open": 99.997, "normal_glass_eye_close": 0.0, "dark_glasses": 0.0}, "right_eye_status": {"normal_glass_eye_open": 0.003, "no_glass_eye_close": 0.0, "occlusion": 0.001, "no_glass_eye_open": 99.995, "normal_glass_eye_close": 0.0, "dark_glasses": 0.001}}, "facequality": {"threshold": 70.1, "value": 62.754}, "ethnicity": {"value": "WHITE"}, "eyegaze": {"right_eye_gaze": {"position_x_coordinate": 0.495, "vector_z_component": 0.997, "vector_x_component": -0.077, "vector_y_component": -0.024, "position_y_coordinate": 0.426}, "left_eye_gaze": {"position_x_coordinate": 0.554, "vector_z_component": 0.948, "vector_x_component": 0.313, "vector_y_component": 0.056, "position_y_coordinate": 0.401}}}, "face_rectangle": {"width": 688, "top": 966, "left": 1115, "height": 688}, "face_token": "905c45440b947fc0fb16997911179223"}]}