{"image_id": "2gZxnygIdrxuIh1opCQwYQ==", "request_id": "1551406925,25b92b78-a68a-4073-ad12-960a39beb298", "time_used": 2826, "faces": [{"attributes": {"emotion": {"sadness": 0.0, "neutral": 0.49, "disgust": 0.0, "anger": 0.0, "surprise": 0.0, "fear": 0.0, "happiness": 99.509}, "beauty": {"female_score": 51.782, "male_score": 55.731}, "gender": {"value": "Female"}, "age": {"value": 34}, "mouthstatus": {"close": 99.985, "surgical_mask_or_respirator": 0.001, "open": 0.006, "other_occlusion": 0.007}, "glass": {"value": "None"}, "skinstatus": {"dark_circle": 7.777, "stain": 14.62, "acne": 14.062, "health": 4.287}, "headpose": {"yaw_angle": 17.460705, "pitch_angle": 0.05944143, "roll_angle": -15.667665}, "blur": {"blurness": {"threshold": 50.0, "value": 0.106}, "motionblur": {"threshold": 50.0, "value": 0.106}, "gaussianblur": {"threshold": 50.0, "value": 0.106}}, "smile": {"threshold": 50.0, "value": 99.978}, "eyestatus": {"left_eye_status": {"normal_glass_eye_open": 0.003, "no_glass_eye_close": 0.0, "occlusion": 0.005, "no_glass_eye_open": 99.991, "normal_glass_eye_close": 0.0, "dark_glasses": 0.0}, "right_eye_status": {"normal_glass_eye_open": 0.015, "no_glass_eye_close": 0.0, "occlusion": 0.0, "no_glass_eye_open": 99.984, "normal_glass_eye_close": 0.0, "dark_glasses": 0.0}}, "facequality": {"threshold": 70.1, "value": 39.652}, "ethnicity": {"value": "BLACK"}, "eyegaze": {"right_eye_gaze": {"position_x_coordinate": 0.631, "vector_z_component": 0.986, "vector_x_component": 0.01, "vector_y_component": 0.167, "position_y_coordinate": 0.444}, "left_eye_gaze": {"position_x_coordinate": 0.3, "vector_z_component": 0.76, "vector_x_component": -0.6, "vector_y_component": 0.25, "position_y_coordinate": 0.345}}}, "face_rectangle": {"width": 800, "top": 1000, "left": 1537, "height": 800}, "face_token": "4162d3cdef6d597a4284474a3ac7c86b"}]}