{"image_id": "ErX4q0Ue/yAr1Z2eWetb4w==", "request_id": "1551406962,be9166a7-e418-436c-a80d-7aa4d04e13a9", "time_used": 1030, "faces": [{"attributes": {"emotion": {"sadness": 0.132, "neutral": 99.793, "disgust": 0.001, "anger": 0.001, "surprise": 0.07, "fear": 0.001, "happiness": 0.003}, "beauty": {"female_score": 70.425, "male_score": 75.632}, "gender": {"value": "Male"}, "age": {"value": 19}, "mouthstatus": {"close": 99.999, "surgical_mask_or_respirator": 0.0, "open": 0.001, "other_occlusion": 0.0}, "glass": {"value": "None"}, "skinstatus": {"dark_circle": 5.638, "stain": 0.645, "acne": 3.796, "health": 15.918}, "headpose": {"yaw_angle": -18.48454, "pitch_angle": -1.182, "roll_angle": 1.1216937}, "blur": {"blurness": {"threshold": 50.0, "value": 5.734}, "motionblur": {"threshold": 50.0, "value": 5.734}, "gaussianblur": {"threshold": 50.0, "value": 5.734}}, "smile": {"threshold": 50.0, "value": 0.002}, "eyestatus": {"left_eye_status": {"normal_glass_eye_open": 0.09, "no_glass_eye_close": 0.0, "occlusion": 0.007, "no_glass_eye_open": 99.884, "normal_glass_eye_close": 0.0, "dark_glasses": 0.018}, "right_eye_status": {"normal_glass_eye_open": 0.07, "no_glass_eye_close": 0.0, "occlusion": 0.047, "no_glass_eye_open": 98.805, "normal_glass_eye_close": 0.0, "dark_glasses": 1.078}}, "facequality": {"threshold": 70.1, "value": 27.237}, "ethnicity": {"value": "WHITE"}, "eyegaze": {"right_eye_gaze": {"position_x_coordinate": 0.423, "vector_z_component": 0.979, "vector_x_component": -0.195, "vector_y_component": -0.063, "position_y_coordinate": 0.421}, "left_eye_gaze": {"position_x_coordinate": 0.445, "vector_z_component": 0.937, "vector_x_component": -0.28, "vector_y_component": -0.208, "position_y_coordinate": 0.395}}}, "face_rectangle": {"width": 586, "top": 981, "left": 433, "height": 586}, "face_token": "ee4201a47695bd4b27079f6e5b766df2"}]}