{"image_id": "B+WfJUWLRtCVHyFSzaPAaw==", "request_id": "1551406947,c03d1e67-0b0f-4534-9a70-005b734eee06", "time_used": 3360, "faces": [{"attributes": {"emotion": {"sadness": 57.535, "neutral": 0.37, "disgust": 0.53, "anger": 8.455, "surprise": 0.305, "fear": 3.271, "happiness": 29.532}, "beauty": {"female_score": 49.25, "male_score": 53.01}, "gender": {"value": "Male"}, "age": {"value": 20}, "mouthstatus": {"close": 0.0, "surgical_mask_or_respirator": 0.0, "open": 100.0, "other_occlusion": 0.0}, "glass": {"value": "None"}, "skinstatus": {"dark_circle": 20.411, "stain": 5.797, "acne": 0.488, "health": 24.291}, "headpose": {"yaw_angle": 12.9352, "pitch_angle": -3.3650913, "roll_angle": -26.524605}, "blur": {"blurness": {"threshold": 50.0, "value": 3.105}, "motionblur": {"threshold": 50.0, "value": 3.105}, "gaussianblur": {"threshold": 50.0, "value": 3.105}}, "smile": {"threshold": 50.0, "value": 98.813}, "eyestatus": {"left_eye_status": {"normal_glass_eye_open": 0.015, "no_glass_eye_close": 0.006, "occlusion": 0.052, "no_glass_eye_open": 99.925, "normal_glass_eye_close": 0.0, "dark_glasses": 0.002}, "right_eye_status": {"normal_glass_eye_open": 0.863, "no_glass_eye_close": 0.014, "occlusion": 0.867, "no_glass_eye_open": 97.066, "normal_glass_eye_close": 0.016, "dark_glasses": 1.175}}, "facequality": {"threshold": 70.1, "value": 66.719}, "ethnicity": {"value": "BLACK"}, "eyegaze": {"right_eye_gaze": {"position_x_coordinate": 0.542, "vector_z_component": 0.951, "vector_x_component": 0.24, "vector_y_component": 0.195, "position_y_coordinate": 0.454}, "left_eye_gaze": {"position_x_coordinate": 0.532, "vector_z_component": 0.851, "vector_x_component": 0.45, "vector_y_component": 0.27, "position_y_coordinate": 0.49}}}, "face_rectangle": {"width": 385, "top": 321, "left": 2601, "height": 385}, "face_token": "8dd04a3eecfa8c9742c282fedc86ec52"}, {"attributes": {"emotion": {"sadness": 0.001, "neutral": 0.0, "disgust": 0.001, "anger": 0.0, "surprise": 0.0, "fear": 0.0, "happiness": 99.998}, "beauty": {"female_score": 71.046, "male_score": 64.398}, "gender": {"value": "Male"}, "age": {"value": 24}, "mouthstatus": {"close": 0.0, "surgical_mask_or_respirator": 0.0, "open": 1.327, "other_occlusion": 98.673}, "glass": {"value": "None"}, "skinstatus": {"dark_circle": 6.088, "stain": 0.417, "acne": 0.742, "health": 89.779}, "headpose": {"yaw_angle": -0.70325935, "pitch_angle": 3.8097985, "roll_angle": -1.0111897}, "blur": {"blurness": {"threshold": 50.0, "value": 0.391}, "motionblur": {"threshold": 50.0, "value": 0.391}, "gaussianblur": {"threshold": 50.0, "value": 0.391}}, "smile": {"threshold": 50.0, "value": 100.0}, "eyestatus": {"left_eye_status": {"normal_glass_eye_open": 0.12, "no_glass_eye_close": 0.0, "occlusion": 0.001, "no_glass_eye_open": 99.878, "normal_glass_eye_close": 0.0, "dark_glasses": 0.0}, "right_eye_status": {"normal_glass_eye_open": 0.002, "no_glass_eye_close": 0.003, "occlusion": 0.002, "no_glass_eye_open": 99.992, "normal_glass_eye_close": 0.0, "dark_glasses": 0.001}}, "facequality": {"threshold": 70.1, "value": 93.911}, "ethnicity": {"value": "WHITE"}, "eyegaze": {"right_eye_gaze": {"position_x_coordinate": 0.512, "vector_z_component": 0.985, "vector_x_component": 0.065, "vector_y_component": 0.159, "position_y_coordinate": 0.48}, "left_eye_gaze": {"position_x_coordinate": 0.484, "vector_z_component": 0.991, "vector_x_component": -0.128, "vector_y_component": 0.026, "position_y_coordinate": 0.421}}}, "face_rectangle": {"width": 332, "top": 580, "left": 1860, "height": 332}, "face_token": "1e7042e0d4d05eab86143c22dbe30e49"}, {"attributes": {"emotion": {"sadness": 5.436, "neutral": 0.046, "disgust": 0.024, "anger": 0.056, "surprise": 1.43, "fear": 0.137, "happiness": 92.871}, "beauty": {"female_score": 44.991, "male_score": 47.751}, "gender": {"value": "Female"}, "age": {"value": 29}, "mouthstatus": {"close": 98.596, "surgical_mask_or_respirator": 0.0, "open": 0.648, "other_occlusion": 0.756}, "glass": {"value": "None"}, "skinstatus": {"dark_circle": 9.876, "stain": 17.911, "acne": 17.516, "health": 1.402}, "headpose": {"yaw_angle": -2.0929253, "pitch_angle": -6.381793, "roll_angle": 27.778124}, "blur": {"blurness": {"threshold": 50.0, "value": 1.336}, "motionblur": {"threshold": 50.0, "value": 1.336}, "gaussianblur": {"threshold": 50.0, "value": 1.336}}, "smile": {"threshold": 50.0, "value": 67.981}, "eyestatus": {"left_eye_status": {"normal_glass_eye_open": 0.005, "no_glass_eye_close": 0.006, "occlusion": 65.472, "no_glass_eye_open": 13.851, "normal_glass_eye_close": 0.0, "dark_glasses": 20.667}, "right_eye_status": {"normal_glass_eye_open": 0.219, "no_glass_eye_close": 0.195, "occlusion": 0.6, "no_glass_eye_open": 95.339, "normal_glass_eye_close": 0.006, "dark_glasses": 3.641}}, "facequality": {"threshold": 70.1, "value": 92.005}, "ethnicity": {"value": "BLACK"}, "eyegaze": {"right_eye_gaze": {"position_x_coordinate": 0.407, "vector_z_component": 0.887, "vector_x_component": -0.46, "vector_y_component": 0.052, "position_y_coordinate": 0.446}, "left_eye_gaze": {"position_x_coordinate": 0.446, "vector_z_component": 0.961, "vector_x_component": -0.277, "vector_y_component": -0.0, "position_y_coordinate": 0.445}}}, "face_rectangle": {"width": 312, "top": 1021, "left": 982, "height": 312}, "face_token": "019aa30713e5a3d4a478c768f5be4217"}]}