{"image_id": "B1S80CfK45qBjloK4g5zew==", "request_id": "1551406822,2ee2c761-bb9e-4f1f-bf87-2eef64ad22dc", "time_used": 1362, "faces": [{"attributes": {"emotion": {"sadness": 0.001, "neutral": 98.711, "disgust": 0.001, "anger": 0.001, "surprise": 1.278, "fear": 0.001, "happiness": 0.006}, "beauty": {"female_score": 69.493, "male_score": 70.357}, "gender": {"value": "Female"}, "age": {"value": 19}, "mouthstatus": {"close": 61.195, "surgical_mask_or_respirator": 0.0, "open": 38.805, "other_occlusion": 0.0}, "glass": {"value": "None"}, "skinstatus": {"dark_circle": 7.048, "stain": 73.13, "acne": 34.142, "health": 7.329}, "headpose": {"yaw_angle": 20.353937, "pitch_angle": 11.458065, "roll_angle": 0.42585334}, "blur": {"blurness": {"threshold": 50.0, "value": 0.845}, "motionblur": {"threshold": 50.0, "value": 0.845}, "gaussianblur": {"threshold": 50.0, "value": 0.845}}, "smile": {"threshold": 50.0, "value": 0.029}, "eyestatus": {"left_eye_status": {"normal_glass_eye_open": 0.0, "no_glass_eye_close": 0.0, "occlusion": 0.022, "no_glass_eye_open": 99.976, "normal_glass_eye_close": 0.0, "dark_glasses": 0.002}, "right_eye_status": {"normal_glass_eye_open": 0.16, "no_glass_eye_close": 0.0, "occlusion": 0.104, "no_glass_eye_open": 99.715, "normal_glass_eye_close": 0.002, "dark_glasses": 0.019}}, "facequality": {"threshold": 70.1, "value": 12.679}, "ethnicity": {"value": "WHITE"}, "eyegaze": {"right_eye_gaze": {"position_x_coordinate": 0.474, "vector_z_component": 0.986, "vector_x_component": 0.02, "vector_y_component": -0.167, "position_y_coordinate": 0.446}, "left_eye_gaze": {"position_x_coordinate": 0.479, "vector_z_component": 0.972, "vector_x_component": 0.121, "vector_y_component": 0.199, "position_y_coordinate": 0.547}}}, "face_rectangle": {"width": 935, "top": 7, "left": 62, "height": 935}, "face_token": "01e46609443bf594dbcb075371b28a70"}]}