{"image_id": "DdKoDzcRgwlTNpB9xNhlRw==", "request_id": "1551406765,18f1f674-0995-4e7e-b471-79192b9755d8", "time_used": 1422, "faces": [{"attributes": {"emotion": {"sadness": 0.001, "neutral": 95.517, "disgust": 0.011, "anger": 0.001, "surprise": 0.002, "fear": 0.001, "happiness": 4.467}, "beauty": {"female_score": 65.543, "male_score": 64.233}, "gender": {"value": "Male"}, "age": {"value": 22}, "mouthstatus": {"close": 98.569, "surgical_mask_or_respirator": 0.18, "open": 0.758, "other_occlusion": 0.493}, "glass": {"value": "None"}, "skinstatus": {"dark_circle": 7.412, "stain": 2.608, "acne": 0.507, "health": 1.825}, "headpose": {"yaw_angle": -0.47894993, "pitch_angle": 5.587337, "roll_angle": -1.1948788}, "blur": {"blurness": {"threshold": 50.0, "value": 1.81}, "motionblur": {"threshold": 50.0, "value": 1.81}, "gaussianblur": {"threshold": 50.0, "value": 1.81}}, "smile": {"threshold": 50.0, "value": 56.195}, "eyestatus": {"left_eye_status": {"normal_glass_eye_open": 0.005, "no_glass_eye_close": 0.045, "occlusion": 0.001, "no_glass_eye_open": 99.948, "normal_glass_eye_close": 0.0, "dark_glasses": 0.0}, "right_eye_status": {"normal_glass_eye_open": 0.001, "no_glass_eye_close": 0.0, "occlusion": 0.001, "no_glass_eye_open": 99.998, "normal_glass_eye_close": 0.0, "dark_glasses": 0.0}}, "facequality": {"threshold": 70.1, "value": 93.182}, "ethnicity": {"value": "WHITE"}, "eyegaze": {"right_eye_gaze": {"position_x_coordinate": 0.492, "vector_z_component": 0.985, "vector_x_component": -0.054, "vector_y_component": 0.166, "position_y_coordinate": 0.442}, "left_eye_gaze": {"position_x_coordinate": 0.503, "vector_z_component": 0.981, "vector_x_component": 0.043, "vector_y_component": 0.191, "position_y_coordinate": 0.448}}}, "face_rectangle": {"width": 337, "top": 676, "left": 753, "height": 337}, "face_token": "d954f925e0ef73e1f332987620add947"}]}