{"image_id": "C7qApthWWouxIR1+0FL70g==", "request_id": "1551406798,11988bad-81b8-4414-8c32-a166c285747f", "time_used": 3140, "faces": [{"attributes": {"emotion": {"sadness": 0.252, "neutral": 99.598, "disgust": 0.004, "anger": 0.004, "surprise": 0.036, "fear": 0.065, "happiness": 0.041}, "beauty": {"female_score": 86.427, "male_score": 79.921}, "gender": {"value": "Female"}, "age": {"value": 19}, "mouthstatus": {"close": 100.0, "surgical_mask_or_respirator": 0.0, "open": 0.0, "other_occlusion": 0.0}, "glass": {"value": "None"}, "skinstatus": {"dark_circle": 1.414, "stain": 14.897, "acne": 7.1, "health": 20.966}, "headpose": {"yaw_angle": 13.894707, "pitch_angle": 9.811847, "roll_angle": 12.719482}, "blur": {"blurness": {"threshold": 50.0, "value": 2.772}, "motionblur": {"threshold": 50.0, "value": 2.772}, "gaussianblur": {"threshold": 50.0, "value": 2.772}}, "smile": {"threshold": 50.0, "value": 0.02}, "eyestatus": {"left_eye_status": {"normal_glass_eye_open": 0.01, "no_glass_eye_close": 0.0, "occlusion": 0.005, "no_glass_eye_open": 99.984, "normal_glass_eye_close": 0.0, "dark_glasses": 0.001}, "right_eye_status": {"normal_glass_eye_open": 0.158, "no_glass_eye_close": 0.0, "occlusion": 0.074, "no_glass_eye_open": 98.092, "normal_glass_eye_close": 0.001, "dark_glasses": 1.675}}, "facequality": {"threshold": 70.1, "value": 54.506}, "ethnicity": {"value": "WHITE"}, "eyegaze": {"right_eye_gaze": {"position_x_coordinate": 0.515, "vector_z_component": 0.975, "vector_x_component": 0.038, "vector_y_component": -0.219, "position_y_coordinate": 0.371}, "left_eye_gaze": {"position_x_coordinate": 0.522, "vector_z_component": 0.948, "vector_x_component": 0.319, "vector_y_component": 0.011, "position_y_coordinate": 0.489}}}, "face_rectangle": {"width": 707, "top": 802, "left": 1761, "height": 707}, "face_token": "1c7be6f22d7835290db87df0e6977879"}, {"attributes": {"emotion": {"sadness": 0.004, "neutral": 99.995, "disgust": 0.0, "anger": 0.0, "surprise": 0.0, "fear": 0.0, "happiness": 0.001}, "beauty": {"female_score": 76.671, "male_score": 73.523}, "gender": {"value": "Male"}, "age": {"value": 20}, "mouthstatus": {"close": 100.0, "surgical_mask_or_respirator": 0.0, "open": 0.0, "other_occlusion": 0.0}, "glass": {"value": "None"}, "skinstatus": {"dark_circle": 3.057, "stain": 0.748, "acne": 0.533, "health": 16.542}, "headpose": {"yaw_angle": 2.4309335, "pitch_angle": -3.962318, "roll_angle": -7.933948}, "blur": {"blurness": {"threshold": 50.0, "value": 39.485}, "motionblur": {"threshold": 50.0, "value": 39.485}, "gaussianblur": {"threshold": 50.0, "value": 39.485}}, "smile": {"threshold": 50.0, "value": 0.002}, "eyestatus": {"left_eye_status": {"normal_glass_eye_open": 0.286, "no_glass_eye_close": 0.0, "occlusion": 0.016, "no_glass_eye_open": 99.697, "normal_glass_eye_close": 0.0, "dark_glasses": 0.001}, "right_eye_status": {"normal_glass_eye_open": 0.136, "no_glass_eye_close": 0.001, "occlusion": 0.009, "no_glass_eye_open": 99.851, "normal_glass_eye_close": 0.001, "dark_glasses": 0.004}}, "facequality": {"threshold": 70.1, "value": 44.229}, "ethnicity": {"value": "WHITE"}, "eyegaze": {"right_eye_gaze": {"position_x_coordinate": 0.465, "vector_z_component": 0.958, "vector_x_component": 0.013, "vector_y_component": -0.285, "position_y_coordinate": 0.395}, "left_eye_gaze": {"position_x_coordinate": 0.482, "vector_z_component": 0.971, "vector_x_component": -0.117, "vector_y_component": 0.21, "position_y_coordinate": 0.482}}}, "face_rectangle": {"width": 678, "top": 843, "left": 765, "height": 678}, "face_token": "a86a38d4fa34cfae1f8063a1aaa258cb"}]}