{"image_id": "IVIo6OVvpo0alX6fZ4+xeQ==", "request_id": "1551406860,5ac39cac-2c22-4184-891a-c2b948f64af6", "time_used": 2536, "faces": [{"attributes": {"emotion": {"sadness": 0.0, "neutral": 99.344, "disgust": 0.0, "anger": 0.0, "surprise": 0.0, "fear": 0.0, "happiness": 0.655}, "beauty": {"female_score": 82.922, "male_score": 83.081}, "gender": {"value": "Male"}, "age": {"value": 18}, "mouthstatus": {"close": 99.999, "surgical_mask_or_respirator": 0.0, "open": 0.001, "other_occlusion": 0.0}, "glass": {"value": "None"}, "skinstatus": {"dark_circle": 1.952, "stain": 2.552, "acne": 13.134, "health": 23.951}, "headpose": {"yaw_angle": 8.110584, "pitch_angle": 3.100326, "roll_angle": -11.233104}, "blur": {"blurness": {"threshold": 50.0, "value": 0.352}, "motionblur": {"threshold": 50.0, "value": 0.352}, "gaussianblur": {"threshold": 50.0, "value": 0.352}}, "smile": {"threshold": 50.0, "value": 2.355}, "eyestatus": {"left_eye_status": {"normal_glass_eye_open": 0.007, "no_glass_eye_close": 0.0, "occlusion": 0.0, "no_glass_eye_open": 99.993, "normal_glass_eye_close": 0.0, "dark_glasses": 0.0}, "right_eye_status": {"normal_glass_eye_open": 0.0, "no_glass_eye_close": 0.0, "occlusion": 0.0, "no_glass_eye_open": 100.0, "normal_glass_eye_close": 0.0, "dark_glasses": 0.0}}, "facequality": {"threshold": 70.1, "value": 85.877}, "ethnicity": {"value": "WHITE"}, "eyegaze": {"right_eye_gaze": {"position_x_coordinate": 0.536, "vector_z_component": 0.967, "vector_x_component": 0.153, "vector_y_component": -0.202, "position_y_coordinate": 0.426}, "left_eye_gaze": {"position_x_coordinate": 0.475, "vector_z_component": 0.998, "vector_x_component": 0.023, "vector_y_component": -0.058, "position_y_coordinate": 0.408}}}, "face_rectangle": {"width": 691, "top": 1076, "left": 1297, "height": 691}, "face_token": "b4806d77a63a77297287c0903ff931ab"}]}