{"image_id": "ml7TrlyDc/q1M71jk6bS0g==", "request_id": "1551407022,7f1cbc7f-4e3d-4102-b3ba-7d2cb4610ca0", "time_used": 3619, "faces": [{"attributes": {"emotion": {"sadness": 0.0, "neutral": 0.0, "disgust": 0.003, "anger": 0.0, "surprise": 0.0, "fear": 0.0, "happiness": 99.996}, "beauty": {"female_score": 66.955, "male_score": 61.828}, "gender": {"value": "Female"}, "age": {"value": 21}, "mouthstatus": {"close": 0.0, "surgical_mask_or_respirator": 0.0, "open": 100.0, "other_occlusion": 0.0}, "glass": {"value": "None"}, "skinstatus": {"dark_circle": 1.741, "stain": 13.013, "acne": 6.223, "health": 15.046}, "headpose": {"yaw_angle": -10.037201, "pitch_angle": -1.2546109, "roll_angle": 7.372552}, "blur": {"blurness": {"threshold": 50.0, "value": 0.298}, "motionblur": {"threshold": 50.0, "value": 0.298}, "gaussianblur": {"threshold": 50.0, "value": 0.298}}, "smile": {"threshold": 50.0, "value": 100.0}, "eyestatus": {"left_eye_status": {"normal_glass_eye_open": 0.003, "no_glass_eye_close": 0.0, "occlusion": 0.001, "no_glass_eye_open": 99.995, "normal_glass_eye_close": 0.0, "dark_glasses": 0.0}, "right_eye_status": {"normal_glass_eye_open": 0.0, "no_glass_eye_close": 0.0, "occlusion": 0.001, "no_glass_eye_open": 99.998, "normal_glass_eye_close": 0.0, "dark_glasses": 0.001}}, "facequality": {"threshold": 70.1, "value": 81.852}, "ethnicity": {"value": "WHITE"}, "eyegaze": {"right_eye_gaze": {"position_x_coordinate": 0.437, "vector_z_component": 0.971, "vector_x_component": -0.172, "vector_y_component": 0.165, "position_y_coordinate": 0.432}, "left_eye_gaze": {"position_x_coordinate": 0.467, "vector_z_component": 0.985, "vector_x_component": -0.134, "vector_y_component": -0.111, "position_y_coordinate": 0.474}}}, "face_rectangle": {"width": 364, "top": 1122, "left": 750, "height": 364}, "face_token": "b2f0fdfe61807bf294c0d4cceb193f0b"}]}