{"image_id": "nwgYGYjxcawRCqTfE+RxxA==", "request_id": "1551406773,a0f82aee-7962-4661-80ec-5b45459cee53", "time_used": 1467, "faces": [{"attributes": {"emotion": {"sadness": 0.0, "neutral": 99.933, "disgust": 0.009, "anger": 0.041, "surprise": 0.004, "fear": 0.0, "happiness": 0.013}, "beauty": {"female_score": 52.59, "male_score": 45.174}, "gender": {"value": "Male"}, "age": {"value": 29}, "mouthstatus": {"close": 0.188, "surgical_mask_or_respirator": 0.0, "open": 99.812, "other_occlusion": 0.0}, "glass": {"value": "Normal"}, "skinstatus": {"dark_circle": 29.522, "stain": 2.841, "acne": 15.319, "health": 8.259}, "headpose": {"yaw_angle": 8.571513, "pitch_angle": -5.029648, "roll_angle": -23.189947}, "blur": {"blurness": {"threshold": 50.0, "value": 3.397}, "motionblur": {"threshold": 50.0, "value": 3.397}, "gaussianblur": {"threshold": 50.0, "value": 3.397}}, "smile": {"threshold": 50.0, "value": 0.14}, "eyestatus": {"left_eye_status": {"normal_glass_eye_open": 77.268, "no_glass_eye_close": 0.0, "occlusion": 0.179, "no_glass_eye_open": 18.75, "normal_glass_eye_close": 0.007, "dark_glasses": 3.796}, "right_eye_status": {"normal_glass_eye_open": 14.324, "no_glass_eye_close": 0.0, "occlusion": 0.414, "no_glass_eye_open": 62.707, "normal_glass_eye_close": 0.004, "dark_glasses": 22.552}}, "facequality": {"threshold": 70.1, "value": 82.185}, "ethnicity": {"value": "BLACK"}, "eyegaze": {"right_eye_gaze": {"position_x_coordinate": 0.481, "vector_z_component": 0.999, "vector_x_component": -0.028, "vector_y_component": 0.034, "position_y_coordinate": 0.429}, "left_eye_gaze": {"position_x_coordinate": 0.5, "vector_z_component": 0.992, "vector_x_component": 0.088, "vector_y_component": 0.089, "position_y_coordinate": 0.44}}}, "face_rectangle": {"width": 804, "top": 610, "left": 1544, "height": 804}, "face_token": "c5313f858da19620ac0923de5522fa3d"}]}