{"image_id": "pcIMf5AZKCRkaph01saWgQ==", "request_id": "1551406768,89829357-5c3f-4036-94ea-1c2a9c42b6ca", "time_used": 432, "faces": [{"attributes": {"emotion": {"sadness": 0.164, "neutral": 9.673, "disgust": 0.024, "anger": 0.024, "surprise": 0.137, "fear": 0.024, "happiness": 89.954}, "beauty": {"female_score": 53.181, "male_score": 61.478}, "gender": {"value": "Male"}, "age": {"value": 42}, "mouthstatus": {"close": 94.231, "surgical_mask_or_respirator": 5.705, "open": 0.003, "other_occlusion": 0.061}, "glass": {"value": "None"}, "skinstatus": {"dark_circle": 8.233, "stain": 2.298, "acne": 3.922, "health": 3.393}, "headpose": {"yaw_angle": 7.7376547, "pitch_angle": 7.4356837, "roll_angle": -22.31333}, "blur": {"blurness": {"threshold": 50.0, "value": 0.625}, "motionblur": {"threshold": 50.0, "value": 0.625}, "gaussianblur": {"threshold": 50.0, "value": 0.625}}, "smile": {"threshold": 50.0, "value": 97.765}, "eyestatus": {"left_eye_status": {"normal_glass_eye_open": 0.217, "no_glass_eye_close": 0.652, "occlusion": 0.563, "no_glass_eye_open": 98.429, "normal_glass_eye_close": 0.002, "dark_glasses": 0.137}, "right_eye_status": {"normal_glass_eye_open": 0.616, "no_glass_eye_close": 0.041, "occlusion": 0.082, "no_glass_eye_open": 99.257, "normal_glass_eye_close": 0.002, "dark_glasses": 0.003}}, "facequality": {"threshold": 70.1, "value": 84.091}, "ethnicity": {"value": "BLACK"}, "eyegaze": {"right_eye_gaze": {"position_x_coordinate": 0.503, "vector_z_component": 0.697, "vector_x_component": -0.451, "vector_y_component": 0.557, "position_y_coordinate": 0.584}, "left_eye_gaze": {"position_x_coordinate": 0.416, "vector_z_component": 0.539, "vector_x_component": 0.611, "vector_y_component": 0.58, "position_y_coordinate": 0.539}}}, "face_rectangle": {"width": 117, "top": 184, "left": 334, "height": 117}, "face_token": "7b20774d0ce571d332ef247e9cf0d27d"}]}