{"image_id": "w0I+ZAcOIaLj2hfQc39XNA==", "request_id": "1551406675,c9377bbf-fee0-455d-94f2-2df6c479607b", "time_used": 1333, "faces": [{"attributes": {"emotion": {"sadness": 0.017, "neutral": 0.057, "disgust": 0.401, "anger": 0.005, "surprise": 0.283, "fear": 0.005, "happiness": 99.232}, "beauty": {"female_score": 52.596, "male_score": 52.342}, "gender": {"value": "Male"}, "age": {"value": 26}, "mouthstatus": {"close": 50.408, "surgical_mask_or_respirator": 0.0, "open": 0.007, "other_occlusion": 49.585}, "glass": {"value": "None"}, "skinstatus": {"dark_circle": 70.412, "stain": 40.054, "acne": 62.036, "health": 0.326}, "headpose": {"yaw_angle": -13.575907, "pitch_angle": 7.669952, "roll_angle": -11.295608}, "blur": {"blurness": {"threshold": 50.0, "value": 10.82}, "motionblur": {"threshold": 50.0, "value": 10.82}, "gaussianblur": {"threshold": 50.0, "value": 10.82}}, "smile": {"threshold": 50.0, "value": 98.667}, "eyestatus": {"left_eye_status": {"normal_glass_eye_open": 0.0, "no_glass_eye_close": 0.0, "occlusion": 0.003, "no_glass_eye_open": 99.996, "normal_glass_eye_close": 0.0, "dark_glasses": 0.0}, "right_eye_status": {"normal_glass_eye_open": 0.0, "no_glass_eye_close": 0.0, "occlusion": 0.0, "no_glass_eye_open": 100.0, "normal_glass_eye_close": 0.0, "dark_glasses": 0.0}}, "facequality": {"threshold": 70.1, "value": 51.645}, "ethnicity": {"value": "WHITE"}, "eyegaze": {"right_eye_gaze": {"position_x_coordinate": 0.371, "vector_z_component": 0.942, "vector_x_component": -0.298, "vector_y_component": -0.155, "position_y_coordinate": 0.385}, "left_eye_gaze": {"position_x_coordinate": 0.408, "vector_z_component": 0.924, "vector_x_component": -0.363, "vector_y_component": 0.117, "position_y_coordinate": 0.442}}}, "face_rectangle": {"width": 577, "top": 908, "left": 110, "height": 577}, "face_token": "006f17386ed477eec10bc663f944626f"}]}