{"image_id": "5ctjG4ssYVTLOKaERPO9eQ==", "request_id": "1551407009,7ae334d0-5567-4ec6-a212-1d97948ea72f", "time_used": 2127, "faces": [{"attributes": {"emotion": {"sadness": 0.003, "neutral": 98.154, "disgust": 0.074, "anger": 0.003, "surprise": 1.752, "fear": 0.003, "happiness": 0.01}, "beauty": {"female_score": 47.42, "male_score": 52.028}, "gender": {"value": "Male"}, "age": {"value": 28}, "mouthstatus": {"close": 93.521, "surgical_mask_or_respirator": 0.0, "open": 6.479, "other_occlusion": 0.0}, "glass": {"value": "Normal"}, "skinstatus": {"dark_circle": 1.374, "stain": 13.012, "acne": 1.12, "health": 13.521}, "headpose": {"yaw_angle": 11.4935875, "pitch_angle": -11.545662, "roll_angle": 1.0436761}, "blur": {"blurness": {"threshold": 50.0, "value": 12.481}, "motionblur": {"threshold": 50.0, "value": 12.481}, "gaussianblur": {"threshold": 50.0, "value": 12.481}}, "smile": {"threshold": 50.0, "value": 0.392}, "eyestatus": {"left_eye_status": {"normal_glass_eye_open": 84.157, "no_glass_eye_close": 0.0, "occlusion": 0.062, "no_glass_eye_open": 2.185, "normal_glass_eye_close": 1.854, "dark_glasses": 11.741}, "right_eye_status": {"normal_glass_eye_open": 98.465, "no_glass_eye_close": 0.0, "occlusion": 0.004, "no_glass_eye_open": 0.701, "normal_glass_eye_close": 0.012, "dark_glasses": 0.817}}, "facequality": {"threshold": 70.1, "value": 55.87}, "ethnicity": {"value": "WHITE"}, "eyegaze": {"right_eye_gaze": {"position_x_coordinate": 0.523, "vector_z_component": 0.977, "vector_x_component": 0.18, "vector_y_component": 0.118, "position_y_coordinate": 0.434}, "left_eye_gaze": {"position_x_coordinate": 0.366, "vector_z_component": 0.77, "vector_x_component": -0.412, "vector_y_component": 0.487, "position_y_coordinate": 0.471}}}, "face_rectangle": {"width": 1031, "top": 951, "left": 889, "height": 1031}, "face_token": "575f7d1c11c7c7a8d04b322ba151d3c8"}]}