{"image_id": "r1eVdnA5PD2BeSiVBc2EmQ==", "request_id": "1551406816,83490113-11ec-4f3d-b5cd-df4472fa1aca", "time_used": 399, "faces": [{"attributes": {"emotion": {"sadness": 0.112, "neutral": 67.726, "disgust": 0.086, "anger": 0.577, "surprise": 17.513, "fear": 0.086, "happiness": 13.899}, "beauty": {"female_score": 49.796, "male_score": 51.075}, "gender": {"value": "Female"}, "age": {"value": 23}, "mouthstatus": {"close": 100.0, "surgical_mask_or_respirator": 0.0, "open": 0.0, "other_occlusion": 0.0}, "glass": {"value": "None"}, "skinstatus": {"dark_circle": 74.195, "stain": 40.511, "acne": 20.73, "health": 0.719}, "headpose": {"yaw_angle": 12.788632, "pitch_angle": -0.9070081, "roll_angle": -16.131271}, "blur": {"blurness": {"threshold": 50.0, "value": 0.352}, "motionblur": {"threshold": 50.0, "value": 0.352}, "gaussianblur": {"threshold": 50.0, "value": 0.352}}, "smile": {"threshold": 50.0, "value": 12.79}, "eyestatus": {"left_eye_status": {"normal_glass_eye_open": 0.002, "no_glass_eye_close": 0.0, "occlusion": 0.0, "no_glass_eye_open": 99.998, "normal_glass_eye_close": 0.0, "dark_glasses": 0.0}, "right_eye_status": {"normal_glass_eye_open": 0.008, "no_glass_eye_close": 0.0, "occlusion": 0.0, "no_glass_eye_open": 99.992, "normal_glass_eye_close": 0.0, "dark_glasses": 0.0}}, "facequality": {"threshold": 70.1, "value": 71.17}, "ethnicity": {"value": "BLACK"}, "eyegaze": {"right_eye_gaze": {"position_x_coordinate": 0.518, "vector_z_component": 0.987, "vector_x_component": 0.104, "vector_y_component": 0.123, "position_y_coordinate": 0.449}, "left_eye_gaze": {"position_x_coordinate": 0.52, "vector_z_component": 0.989, "vector_x_component": 0.124, "vector_y_component": -0.084, "position_y_coordinate": 0.408}}}, "face_rectangle": {"width": 235, "top": 375, "left": 485, "height": 235}, "face_token": "18f1ed6080cfaa06c40e563f4408a93f"}]}