{"image_id": "LeNwWyw97VCm4X0quMrqFw==", "request_id": "1551402824,fc5f6661-65ee-4640-b71d-01c0a0be7474", "time_used": 3539, "faces": [{"attributes": {"emotion": {"sadness": 0.008, "neutral": 98.759, "disgust": 0.001, "anger": 0.001, "surprise": 0.008, "fear": 0.001, "happiness": 1.222}, "beauty": {"female_score": 71.423, "male_score": 70.892}, "gender": {"value": "Female"}, "age": {"value": 24}, "mouthstatus": {"close": 99.999, "surgical_mask_or_respirator": 0.0, "open": 0.001, "other_occlusion": 0.0}, "glass": {"value": "None"}, "skinstatus": {"dark_circle": 2.931, "stain": 2.051, "acne": 1.331, "health": 31.707}, "headpose": {"yaw_angle": -3.2255387, "pitch_angle": 6.9722385, "roll_angle": -3.8751423}, "blur": {"blurness": {"threshold": 50.0, "value": 2.097}, "motionblur": {"threshold": 50.0, "value": 2.097}, "gaussianblur": {"threshold": 50.0, "value": 2.097}}, "smile": {"threshold": 50.0, "value": 97.229}, "eyestatus": {"left_eye_status": {"normal_glass_eye_open": 12.429, "no_glass_eye_close": 0.005, "occlusion": 4.503, "no_glass_eye_open": 81.842, "normal_glass_eye_close": 0.003, "dark_glasses": 1.217}, "right_eye_status": {"normal_glass_eye_open": 0.201, "no_glass_eye_close": 0.002, "occlusion": 0.053, "no_glass_eye_open": 98.895, "normal_glass_eye_close": 0.0, "dark_glasses": 0.85}}, "facequality": {"threshold": 70.1, "value": 90.533}, "ethnicity": {"value": "WHITE"}, "eyegaze": {"right_eye_gaze": {"position_x_coordinate": 0.479, "vector_z_component": 0.991, "vector_x_component": -0.091, "vector_y_component": -0.1, "position_y_coordinate": 0.427}, "left_eye_gaze": {"position_x_coordinate": 0.442, "vector_z_component": 0.992, "vector_x_component": -0.089, "vector_y_component": -0.088, "position_y_coordinate": 0.403}}}, "face_rectangle": {"width": 343, "top": 1399, "left": 1255, "height": 343}, "face_token": "9ca6135cde9f68627bbb1a1879c59d56"}]}