{"image_id": "bunYi3vDi4aXclo8Hhn1Sw==", "request_id": "1551406581,d03e6a1b-cb2e-4d79-8f8b-42e61283df87", "time_used": 2123, "faces": [{"attributes": {"emotion": {"sadness": 1.323, "neutral": 98.662, "disgust": 0.003, "anger": 0.002, "surprise": 0.008, "fear": 0.002, "happiness": 0.002}, "beauty": {"female_score": 67.027, "male_score": 65.425}, "gender": {"value": "Male"}, "age": {"value": 19}, "mouthstatus": {"close": 99.922, "surgical_mask_or_respirator": 0.0, "open": 0.078, "other_occlusion": 0.0}, "glass": {"value": "None"}, "skinstatus": {"dark_circle": 2.326, "stain": 5.101, "acne": 0.507, "health": 12.954}, "headpose": {"yaw_angle": 4.894817, "pitch_angle": 8.706621, "roll_angle": -1.2903229}, "blur": {"blurness": {"threshold": 50.0, "value": 0.79}, "motionblur": {"threshold": 50.0, "value": 0.79}, "gaussianblur": {"threshold": 50.0, "value": 0.79}}, "smile": {"threshold": 50.0, "value": 0.788}, "eyestatus": {"left_eye_status": {"normal_glass_eye_open": 0.0, "no_glass_eye_close": 0.0, "occlusion": 0.0, "no_glass_eye_open": 100.0, "normal_glass_eye_close": 0.0, "dark_glasses": 0.0}, "right_eye_status": {"normal_glass_eye_open": 0.001, "no_glass_eye_close": 0.0, "occlusion": 0.001, "no_glass_eye_open": 99.997, "normal_glass_eye_close": 0.0, "dark_glasses": 0.002}}, "facequality": {"threshold": 70.1, "value": 88.144}, "ethnicity": {"value": "WHITE"}, "eyegaze": {"right_eye_gaze": {"position_x_coordinate": 0.507, "vector_z_component": 0.999, "vector_x_component": -0.033, "vector_y_component": 0.025, "position_y_coordinate": 0.433}, "left_eye_gaze": {"position_x_coordinate": 0.467, "vector_z_component": 0.999, "vector_x_component": 0.033, "vector_y_component": 0.03, "position_y_coordinate": 0.414}}}, "face_rectangle": {"width": 638, "top": 705, "left": 997, "height": 638}, "face_token": "d426c20cc0bf6add6990e5d9001b81d5"}]}