{"image_id": "vWq1y7CoQk84L6/eT9VtNQ==", "request_id": "1551406802,93f2130c-5499-4325-b7bd-90df954edfa8", "time_used": 2712, "faces": [{"attributes": {"emotion": {"sadness": 0.0, "neutral": 99.999, "disgust": 0.0, "anger": 0.001, "surprise": 0.0, "fear": 0.0, "happiness": 0.0}, "beauty": {"female_score": 55.925, "male_score": 58.075}, "gender": {"value": "Male"}, "age": {"value": 18}, "mouthstatus": {"close": 0.102, "surgical_mask_or_respirator": 0.0, "open": 0.0, "other_occlusion": 99.898}, "glass": {"value": "None"}, "skinstatus": {"dark_circle": 3.339, "stain": 0.909, "acne": 0.629, "health": 60.292}, "headpose": {"yaw_angle": 2.8866498, "pitch_angle": 0.13215648, "roll_angle": 6.2536287}, "blur": {"blurness": {"threshold": 50.0, "value": 0.825}, "motionblur": {"threshold": 50.0, "value": 0.825}, "gaussianblur": {"threshold": 50.0, "value": 0.825}}, "smile": {"threshold": 50.0, "value": 0.042}, "eyestatus": {"left_eye_status": {"normal_glass_eye_open": 0.007, "no_glass_eye_close": 0.0, "occlusion": 0.0, "no_glass_eye_open": 99.993, "normal_glass_eye_close": 0.0, "dark_glasses": 0.0}, "right_eye_status": {"normal_glass_eye_open": 0.0, "no_glass_eye_close": 0.0, "occlusion": 0.0, "no_glass_eye_open": 100.0, "normal_glass_eye_close": 0.0, "dark_glasses": 0.0}}, "facequality": {"threshold": 70.1, "value": 93.238}, "ethnicity": {"value": "ASIAN"}, "eyegaze": {"right_eye_gaze": {"position_x_coordinate": 0.476, "vector_z_component": 0.994, "vector_x_component": -0.11, "vector_y_component": -0.026, "position_y_coordinate": 0.41}, "left_eye_gaze": {"position_x_coordinate": 0.471, "vector_z_component": 0.98, "vector_x_component": -0.13, "vector_y_component": -0.15, "position_y_coordinate": 0.391}}}, "face_rectangle": {"width": 527, "top": 614, "left": 1193, "height": 527}, "face_token": "72ee0bd9cdd92c06784ab62a543bb44a"}]}