{"image_id": "9u5edodvIv3M1s30ZtyMqQ==", "request_id": "1551406707,2066b133-a565-4e74-98d6-8d64b76f32a3", "time_used": 1882, "faces": [{"attributes": {"emotion": {"sadness": 0.005, "neutral": 63.05, "disgust": 0.01, "anger": 0.002, "surprise": 0.002, "fear": 0.002, "happiness": 36.928}, "beauty": {"female_score": 83.981, "male_score": 81.381}, "gender": {"value": "Female"}, "age": {"value": 20}, "mouthstatus": {"close": 99.899, "surgical_mask_or_respirator": 0.0, "open": 0.101, "other_occlusion": 0.0}, "glass": {"value": "None"}, "skinstatus": {"dark_circle": 11.129, "stain": 3.326, "acne": 0.805, "health": 72.769}, "headpose": {"yaw_angle": 23.44088, "pitch_angle": 6.1251106, "roll_angle": 17.21707}, "blur": {"blurness": {"threshold": 50.0, "value": 0.065}, "motionblur": {"threshold": 50.0, "value": 0.065}, "gaussianblur": {"threshold": 50.0, "value": 0.065}}, "smile": {"threshold": 50.0, "value": 2.528}, "eyestatus": {"left_eye_status": {"normal_glass_eye_open": 0.029, "no_glass_eye_close": 0.0, "occlusion": 0.001, "no_glass_eye_open": 99.97, "normal_glass_eye_close": 0.0, "dark_glasses": 0.001}, "right_eye_status": {"normal_glass_eye_open": 0.001, "no_glass_eye_close": 0.0, "occlusion": 0.001, "no_glass_eye_open": 99.997, "normal_glass_eye_close": 0.0, "dark_glasses": 0.002}}, "facequality": {"threshold": 70.1, "value": 3.918}, "ethnicity": {"value": "WHITE"}, "eyegaze": {"right_eye_gaze": {"position_x_coordinate": 0.535, "vector_z_component": 0.962, "vector_x_component": 0.256, "vector_y_component": -0.091, "position_y_coordinate": 0.428}, "left_eye_gaze": {"position_x_coordinate": 0.578, "vector_z_component": 0.95, "vector_x_component": 0.305, "vector_y_component": -0.064, "position_y_coordinate": 0.433}}}, "face_rectangle": {"width": 416, "top": 943, "left": 226, "height": 416}, "face_token": "caaf485ea1eea559e61cace74b16e135"}]}