{"image_id": "xRxziCDhM2BBCeisczL0MQ==", "request_id": "1551406694,7f337d81-c5e8-4924-91ef-5d5645ab2c53", "time_used": 3381, "faces": [{"attributes": {"emotion": {"sadness": 2.344, "neutral": 27.274, "disgust": 0.062, "anger": 0.062, "surprise": 0.664, "fear": 0.505, "happiness": 69.089}, "beauty": {"female_score": 65.74, "male_score": 64.557}, "gender": {"value": "Male"}, "age": {"value": 27}, "mouthstatus": {"close": 99.995, "surgical_mask_or_respirator": 0.0, "open": 0.0, "other_occlusion": 0.005}, "glass": {"value": "None"}, "skinstatus": {"dark_circle": 3.581, "stain": 0.492, "acne": 1.081, "health": 73.069}, "headpose": {"yaw_angle": 2.6441839, "pitch_angle": -4.228961, "roll_angle": 4.652298}, "blur": {"blurness": {"threshold": 50.0, "value": 0.359}, "motionblur": {"threshold": 50.0, "value": 0.359}, "gaussianblur": {"threshold": 50.0, "value": 0.359}}, "smile": {"threshold": 50.0, "value": 99.822}, "eyestatus": {"left_eye_status": {"normal_glass_eye_open": 0.0, "no_glass_eye_close": 0.0, "occlusion": 0.0, "no_glass_eye_open": 100.0, "normal_glass_eye_close": 0.0, "dark_glasses": 0.0}, "right_eye_status": {"normal_glass_eye_open": 0.0, "no_glass_eye_close": 0.0, "occlusion": 0.0, "no_glass_eye_open": 100.0, "normal_glass_eye_close": 0.0, "dark_glasses": 0.0}}, "facequality": {"threshold": 70.1, "value": 92.603}, "ethnicity": {"value": "WHITE"}, "eyegaze": {"right_eye_gaze": {"position_x_coordinate": 0.48, "vector_z_component": 0.959, "vector_x_component": -0.097, "vector_y_component": 0.267, "position_y_coordinate": 0.439}, "left_eye_gaze": {"position_x_coordinate": 0.425, "vector_z_component": 0.929, "vector_x_component": -0.126, "vector_y_component": 0.349, "position_y_coordinate": 0.474}}}, "face_rectangle": {"width": 489, "top": 1326, "left": 1355, "height": 489}, "face_token": "3192e13c227b2ac9083949619dd7eebd"}]}