{"image_id": "R9HVS5l51qJ+eKSoXuoEBA==", "request_id": "1551406935,c31cc16e-ec8b-4fce-9a52-9e618476b4cf", "time_used": 3337, "faces": [{"attributes": {"emotion": {"sadness": 0.0, "neutral": 0.0, "disgust": 0.0, "anger": 0.008, "surprise": 0.0, "fear": 0.0, "happiness": 99.99}, "beauty": {"female_score": 64.862, "male_score": 61.296}, "gender": {"value": "Male"}, "age": {"value": 28}, "mouthstatus": {"close": 1.113, "surgical_mask_or_respirator": 0.001, "open": 98.78, "other_occlusion": 0.107}, "glass": {"value": "Dark"}, "skinstatus": {"dark_circle": 16.954, "stain": 20.393, "acne": 11.355, "health": 3.575}, "headpose": {"yaw_angle": 1.403596, "pitch_angle": 6.7152185, "roll_angle": -12.680812}, "blur": {"blurness": {"threshold": 50.0, "value": 2.828}, "motionblur": {"threshold": 50.0, "value": 2.828}, "gaussianblur": {"threshold": 50.0, "value": 2.828}}, "smile": {"threshold": 50.0, "value": 99.996}, "eyestatus": {"left_eye_status": {"normal_glass_eye_open": 31.825, "no_glass_eye_close": 0.058, "occlusion": 1.182, "no_glass_eye_open": 52.68, "normal_glass_eye_close": 0.017, "dark_glasses": 14.239}, "right_eye_status": {"normal_glass_eye_open": 1.468, "no_glass_eye_close": 0.007, "occlusion": 0.081, "no_glass_eye_open": 19.103, "normal_glass_eye_close": 0.0, "dark_glasses": 79.34}}, "facequality": {"threshold": 70.1, "value": 91.91}, "ethnicity": {"value": "WHITE"}, "eyegaze": {"right_eye_gaze": {"position_x_coordinate": 0.501, "vector_z_component": 0.986, "vector_x_component": 0.07, "vector_y_component": 0.149, "position_y_coordinate": 0.424}, "left_eye_gaze": {"position_x_coordinate": 0.481, "vector_z_component": 0.862, "vector_x_component": 0.095, "vector_y_component": -0.498, "position_y_coordinate": 0.361}}}, "face_rectangle": {"width": 255, "top": 1132, "left": 2042, "height": 255}, "face_token": "41eaa25359f5abf68eb2b55d3b829952"}, {"attributes": {"emotion": {"sadness": 1.942, "neutral": 13.886, "disgust": 24.547, "anger": 1.032, "surprise": 0.281, "fear": 0.281, "happiness": 58.03}, "beauty": {"female_score": 58.442, "male_score": 61.478}, "gender": {"value": "Male"}, "age": {"value": 28}, "mouthstatus": {"close": 0.002, "surgical_mask_or_respirator": 0.0, "open": 0.0, "other_occlusion": 99.998}, "glass": {"value": "None"}, "skinstatus": {"dark_circle": 4.787, "stain": 0.346, "acne": 1.333, "health": 3.224}, "headpose": {"yaw_angle": -9.647115, "pitch_angle": 11.548302, "roll_angle": 3.4850402}, "blur": {"blurness": {"threshold": 50.0, "value": 0.785}, "motionblur": {"threshold": 50.0, "value": 0.785}, "gaussianblur": {"threshold": 50.0, "value": 0.785}}, "smile": {"threshold": 50.0, "value": 33.331}, "eyestatus": {"left_eye_status": {"normal_glass_eye_open": 0.023, "no_glass_eye_close": 1.592, "occlusion": 0.082, "no_glass_eye_open": 97.734, "normal_glass_eye_close": 0.002, "dark_glasses": 0.568}, "right_eye_status": {"normal_glass_eye_open": 0.0, "no_glass_eye_close": 0.0, "occlusion": 0.0, "no_glass_eye_open": 99.999, "normal_glass_eye_close": 0.0, "dark_glasses": 0.0}}, "facequality": {"threshold": 70.1, "value": 74.321}, "ethnicity": {"value": "WHITE"}, "eyegaze": {"right_eye_gaze": {"position_x_coordinate": 0.494, "vector_z_component": 0.955, "vector_x_component": -0.087, "vector_y_component": -0.285, "position_y_coordinate": 0.363}, "left_eye_gaze": {"position_x_coordinate": 0.504, "vector_z_component": 0.977, "vector_x_component": 0.035, "vector_y_component": 0.211, "position_y_coordinate": 0.434}}}, "face_rectangle": {"width": 233, "top": 1015, "left": 1224, "height": 233}, "face_token": "5172a7b3a3cebd74fe2088f498dd7eda"}, {"attributes": {"emotion": {"sadness": 0.081, "neutral": 11.688, "disgust": 1.474, "anger": 53.957, "surprise": 0.101, "fear": 0.081, "happiness": 32.617}, "beauty": {"female_score": 63.998, "male_score": 64.686}, "gender": {"value": "Male"}, "age": {"value": 30}, "mouthstatus": {"close": 0.0, "surgical_mask_or_respirator": 0.003, "open": 0.0, "other_occlusion": 99.997}, "glass": {"value": "None"}, "skinstatus": {"dark_circle": 14.176, "stain": 2.952, "acne": 14.419, "health": 2.437}, "headpose": {"yaw_angle": -29.652517, "pitch_angle": 8.06452, "roll_angle": 6.209645}, "blur": {"blurness": {"threshold": 50.0, "value": 6.82}, "motionblur": {"threshold": 50.0, "value": 6.82}, "gaussianblur": {"threshold": 50.0, "value": 6.82}}, "smile": {"threshold": 50.0, "value": 1.291}, "eyestatus": {"left_eye_status": {"normal_glass_eye_open": 0.098, "no_glass_eye_close": 0.017, "occlusion": 4.269, "no_glass_eye_open": 95.547, "normal_glass_eye_close": 0.0, "dark_glasses": 0.069}, "right_eye_status": {"normal_glass_eye_open": 0.013, "no_glass_eye_close": 10.99, "occlusion": 85.599, "no_glass_eye_open": 3.397, "normal_glass_eye_close": 0.0, "dark_glasses": 0.001}}, "facequality": {"threshold": 70.1, "value": 0.006}, "ethnicity": {"value": "WHITE"}, "eyegaze": {"right_eye_gaze": {"position_x_coordinate": 0.402, "vector_z_component": 0.857, "vector_x_component": -0.379, "vector_y_component": -0.349, "position_y_coordinate": 0.303}, "left_eye_gaze": {"position_x_coordinate": 0.434, "vector_z_component": 0.915, "vector_x_component": -0.32, "vector_y_component": -0.244, "position_y_coordinate": 0.371}}}, "face_rectangle": {"width": 221, "top": 1262, "left": 687, "height": 221}, "face_token": "a4e13e0d303c2a887d4fe4fb9a43f4e0"}, {"attributes": {"emotion": {"sadness": 0.001, "neutral": 78.604, "disgust": 0.001, "anger": 20.909, "surprise": 0.135, "fear": 0.001, "happiness": 0.347}, "beauty": {"female_score": 80.217, "male_score": 79.159}, "gender": {"value": "Male"}, "age": {"value": 26}, "mouthstatus": {"close": 99.955, "surgical_mask_or_respirator": 0.0, "open": 0.045, "other_occlusion": 0.001}, "glass": {"value": "Dark"}, "skinstatus": {"dark_circle": 22.115, "stain": 38.851, "acne": 23.422, "health": 1.456}, "headpose": {"yaw_angle": 31.929665, "pitch_angle": 0.45768413, "roll_angle": -21.59262}, "blur": {"blurness": {"threshold": 50.0, "value": 0.191}, "motionblur": {"threshold": 50.0, "value": 0.191}, "gaussianblur": {"threshold": 50.0, "value": 0.191}}, "smile": {"threshold": 50.0, "value": 27.33}, "eyestatus": {"left_eye_status": {"normal_glass_eye_open": 0.109, "no_glass_eye_close": 0.0, "occlusion": 0.0, "no_glass_eye_open": 0.009, "normal_glass_eye_close": 0.002, "dark_glasses": 99.88}, "right_eye_status": {"normal_glass_eye_open": 99.37, "no_glass_eye_close": 0.0, "occlusion": 0.019, "no_glass_eye_open": 0.571, "normal_glass_eye_close": 0.029, "dark_glasses": 0.011}}, "facequality": {"threshold": 70.1, "value": 0.006}, "ethnicity": {"value": "INDIA"}, "eyegaze": {"right_eye_gaze": {"position_x_coordinate": 0.571, "vector_z_component": 0.901, "vector_x_component": 0.376, "vector_y_component": 0.214, "position_y_coordinate": 0.489}, "left_eye_gaze": {"position_x_coordinate": 0.65, "vector_z_component": 0.859, "vector_x_component": 0.511, "vector_y_component": -0.016, "position_y_coordinate": 0.438}}}, "face_rectangle": {"width": 218, "top": 1127, "left": 1800, "height": 218}, "face_token": "321fb214a52b9a75e5d3a69fe29dbf35"}, {"attributes": {"emotion": {"sadness": 0.008, "neutral": 5.762, "disgust": 85.555, "anger": 8.589, "surprise": 0.008, "fear": 0.072, "happiness": 0.008}, "beauty": {"female_score": 79.2, "male_score": 72.894}, "gender": {"value": "Male"}, "age": {"value": 27}, "mouthstatus": {"close": 59.635, "surgical_mask_or_respirator": 0.0, "open": 0.0, "other_occlusion": 40.364}, "glass": {"value": "None"}, "skinstatus": {"dark_circle": 14.133, "stain": 8.973, "acne": 9.282, "health": 4.826}, "headpose": {"yaw_angle": -16.93087, "pitch_angle": 18.688396, "roll_angle": 15.916236}, "blur": {"blurness": {"threshold": 50.0, "value": 3.441}, "motionblur": {"threshold": 50.0, "value": 3.441}, "gaussianblur": {"threshold": 50.0, "value": 3.441}}, "smile": {"threshold": 50.0, "value": 0.164}, "eyestatus": {"left_eye_status": {"normal_glass_eye_open": 1.358, "no_glass_eye_close": 1.354, "occlusion": 2.397, "no_glass_eye_open": 94.703, "normal_glass_eye_close": 0.044, "dark_glasses": 0.143}, "right_eye_status": {"normal_glass_eye_open": 0.001, "no_glass_eye_close": 0.0, "occlusion": 0.001, "no_glass_eye_open": 99.997, "normal_glass_eye_close": 0.0, "dark_glasses": 0.0}}, "facequality": {"threshold": 70.1, "value": 19.786}, "ethnicity": {"value": "WHITE"}, "eyegaze": {"right_eye_gaze": {"position_x_coordinate": 0.423, "vector_z_component": 0.937, "vector_x_component": -0.347, "vector_y_component": 0.038, "position_y_coordinate": 0.39}, "left_eye_gaze": {"position_x_coordinate": 0.443, "vector_z_component": 0.818, "vector_x_component": -0.368, "vector_y_component": -0.441, "position_y_coordinate": 0.332}}}, "face_rectangle": {"width": 204, "top": 1098, "left": 853, "height": 204}, "face_token": "d353827117a71f999e6111c32fcf6331"}, {"face_rectangle": {"width": 192, "top": 1879, "left": 1320, "height": 192}, "face_token": "b3d7047044a8c757d8786de46c38dfd5"}]}