{"image_id": "fh5DkVO9evkJat4PiTgVMg==", "request_id": "1551406698,d4a80f13-633d-48d6-8142-04c3f025906e", "time_used": 662, "faces": [{"attributes": {"emotion": {"sadness": 0.0, "neutral": 0.001, "disgust": 0.0, "anger": 0.0, "surprise": 0.0, "fear": 0.0, "happiness": 99.999}, "beauty": {"female_score": 57.586, "male_score": 56.806}, "gender": {"value": "Male"}, "age": {"value": 25}, "mouthstatus": {"close": 99.981, "surgical_mask_or_respirator": 0.0, "open": 0.001, "other_occlusion": 0.019}, "glass": {"value": "None"}, "skinstatus": {"dark_circle": 4.01, "stain": 4.301, "acne": 4.69, "health": 3.82}, "headpose": {"yaw_angle": -13.925819, "pitch_angle": 1.9634666, "roll_angle": 15.739138}, "blur": {"blurness": {"threshold": 50.0, "value": 3.538}, "motionblur": {"threshold": 50.0, "value": 3.538}, "gaussianblur": {"threshold": 50.0, "value": 3.538}}, "smile": {"threshold": 50.0, "value": 99.955}, "eyestatus": {"left_eye_status": {"normal_glass_eye_open": 0.008, "no_glass_eye_close": 0.0, "occlusion": 0.0, "no_glass_eye_open": 99.992, "normal_glass_eye_close": 0.0, "dark_glasses": 0.0}, "right_eye_status": {"normal_glass_eye_open": 0.002, "no_glass_eye_close": 0.0, "occlusion": 0.0, "no_glass_eye_open": 99.998, "normal_glass_eye_close": 0.0, "dark_glasses": 0.0}}, "facequality": {"threshold": 70.1, "value": 61.625}, "ethnicity": {"value": "WHITE"}, "eyegaze": {"right_eye_gaze": {"position_x_coordinate": 0.448, "vector_z_component": 0.998, "vector_x_component": -0.053, "vector_y_component": -0.045, "position_y_coordinate": 0.435}, "left_eye_gaze": {"position_x_coordinate": 0.455, "vector_z_component": 0.981, "vector_x_component": -0.112, "vector_y_component": 0.156, "position_y_coordinate": 0.453}}}, "face_rectangle": {"width": 135, "top": 312, "left": 167, "height": 135}, "face_token": "e5be6575d072a17681e90016f5c99833"}, {"attributes": {"emotion": {"sadness": 0.015, "neutral": 0.167, "disgust": 0.002, "anger": 0.012, "surprise": 0.002, "fear": 0.002, "happiness": 99.802}, "beauty": {"female_score": 70.63, "male_score": 69.363}, "gender": {"value": "Female"}, "age": {"value": 20}, "mouthstatus": {"close": 100.0, "surgical_mask_or_respirator": 0.0, "open": 0.0, "other_occlusion": 0.0}, "glass": {"value": "None"}, "skinstatus": {"dark_circle": 14.825, "stain": 2.089, "acne": 10.027, "health": 31.048}, "headpose": {"yaw_angle": 24.791334, "pitch_angle": 9.325416, "roll_angle": -14.17033}, "blur": {"blurness": {"threshold": 50.0, "value": 0.384}, "motionblur": {"threshold": 50.0, "value": 0.384}, "gaussianblur": {"threshold": 50.0, "value": 0.384}}, "smile": {"threshold": 50.0, "value": 99.929}, "eyestatus": {"left_eye_status": {"normal_glass_eye_open": 0.001, "no_glass_eye_close": 0.0, "occlusion": 0.002, "no_glass_eye_open": 99.998, "normal_glass_eye_close": 0.0, "dark_glasses": 0.0}, "right_eye_status": {"normal_glass_eye_open": 0.294, "no_glass_eye_close": 0.0, "occlusion": 0.007, "no_glass_eye_open": 99.689, "normal_glass_eye_close": 0.001, "dark_glasses": 0.008}}, "facequality": {"threshold": 70.1, "value": 1.561}, "ethnicity": {"value": "WHITE"}, "eyegaze": {"right_eye_gaze": {"position_x_coordinate": 0.585, "vector_z_component": 0.932, "vector_x_component": 0.326, "vector_y_component": -0.157, "position_y_coordinate": 0.373}, "left_eye_gaze": {"position_x_coordinate": 0.602, "vector_z_component": 0.9, "vector_x_component": 0.426, "vector_y_component": 0.098, "position_y_coordinate": 0.453}}}, "face_rectangle": {"width": 120, "top": 305, "left": 511, "height": 120}, "face_token": "6da83986412396e789d1bf9f76d3c3c1"}]}