{"image_id": "mbxkU2wQwcq0odShjHEl2g==", "request_id": "1551406684,c0020a14-dad5-44e6-b716-12c69b454fe8", "time_used": 542, "faces": [{"attributes": {"emotion": {"sadness": 0.563, "neutral": 72.004, "disgust": 0.075, "anger": 0.075, "surprise": 9.822, "fear": 0.08, "happiness": 17.38}, "beauty": {"female_score": 71.07, "male_score": 73.658}, "gender": {"value": "Female"}, "age": {"value": 21}, "mouthstatus": {"close": 99.949, "surgical_mask_or_respirator": 0.001, "open": 0.045, "other_occlusion": 0.006}, "glass": {"value": "None"}, "skinstatus": {"dark_circle": 14.923, "stain": 21.894, "acne": 32.012, "health": 2.283}, "headpose": {"yaw_angle": 21.806591, "pitch_angle": 6.653695, "roll_angle": -13.827618}, "blur": {"blurness": {"threshold": 50.0, "value": 0.857}, "motionblur": {"threshold": 50.0, "value": 0.857}, "gaussianblur": {"threshold": 50.0, "value": 0.857}}, "smile": {"threshold": 50.0, "value": 85.738}, "eyestatus": {"left_eye_status": {"normal_glass_eye_open": 2.792, "no_glass_eye_close": 0.0, "occlusion": 0.009, "no_glass_eye_open": 97.172, "normal_glass_eye_close": 0.0, "dark_glasses": 0.027}, "right_eye_status": {"normal_glass_eye_open": 0.003, "no_glass_eye_close": 0.0, "occlusion": 0.121, "no_glass_eye_open": 99.76, "normal_glass_eye_close": 0.0, "dark_glasses": 0.115}}, "facequality": {"threshold": 70.1, "value": 8.515}, "ethnicity": {"value": "WHITE"}, "eyegaze": {"right_eye_gaze": {"position_x_coordinate": 0.581, "vector_z_component": 0.951, "vector_x_component": 0.306, "vector_y_component": 0.034, "position_y_coordinate": 0.434}, "left_eye_gaze": {"position_x_coordinate": 0.576, "vector_z_component": 0.942, "vector_x_component": 0.335, "vector_y_component": -0.027, "position_y_coordinate": 0.431}}}, "face_rectangle": {"width": 388, "top": 324, "left": 249, "height": 388}, "face_token": "d838effe8c2a4df51d0308bf1c68cc01"}]}