{"image_id": "3nEzaEYgeB44yR/veZmTDg==", "request_id": "1551406722,04b11262-328a-4b64-96fb-8b7e994b9626", "time_used": 1040, "faces": [{"attributes": {"emotion": {"sadness": 0.535, "neutral": 1.991, "disgust": 11.256, "anger": 0.017, "surprise": 0.017, "fear": 0.017, "happiness": 86.168}, "beauty": {"female_score": 63.12, "male_score": 62.704}, "gender": {"value": "Male"}, "age": {"value": 20}, "mouthstatus": {"close": 99.969, "surgical_mask_or_respirator": 0.0, "open": 0.031, "other_occlusion": 0.0}, "glass": {"value": "Normal"}, "skinstatus": {"dark_circle": 1.868, "stain": 1.564, "acne": 16.053, "health": 2.546}, "headpose": {"yaw_angle": 4.3151817, "pitch_angle": 13.239903, "roll_angle": -2.2296588}, "blur": {"blurness": {"threshold": 50.0, "value": 1.417}, "motionblur": {"threshold": 50.0, "value": 1.417}, "gaussianblur": {"threshold": 50.0, "value": 1.417}}, "smile": {"threshold": 50.0, "value": 100.0}, "eyestatus": {"left_eye_status": {"normal_glass_eye_open": 26.415, "no_glass_eye_close": 0.411, "occlusion": 0.395, "no_glass_eye_open": 0.511, "normal_glass_eye_close": 68.908, "dark_glasses": 3.361}, "right_eye_status": {"normal_glass_eye_open": 7.424, "no_glass_eye_close": 2.706, "occlusion": 5.107, "no_glass_eye_open": 0.966, "normal_glass_eye_close": 73.643, "dark_glasses": 10.154}}, "facequality": {"threshold": 70.1, "value": 84.701}, "ethnicity": {"value": "INDIA"}, "eyegaze": {"right_eye_gaze": {"position_x_coordinate": 0.343, "vector_z_component": 0.532, "vector_x_component": -0.768, "vector_y_component": 0.356, "position_y_coordinate": 0.517}, "left_eye_gaze": {"position_x_coordinate": 0.711, "vector_z_component": 0.493, "vector_x_component": 0.85, "vector_y_component": 0.188, "position_y_coordinate": 0.543}}}, "face_rectangle": {"width": 449, "top": 547, "left": 439, "height": 449}, "face_token": "ec282873e72f4ae82f8b9d96fefe8987"}]}