{"image_id": "cL1mIj7jqjt7VSwOhOUx7A==", "request_id": "1551406665,d4fe00d6-35a2-4734-aac5-40520c563eff", "time_used": 3104, "faces": [{"attributes": {"emotion": {"sadness": 5.652, "neutral": 94.184, "disgust": 0.009, "anger": 0.005, "surprise": 0.005, "fear": 0.005, "happiness": 0.14}, "beauty": {"female_score": 45.149, "male_score": 50.185}, "gender": {"value": "Male"}, "age": {"value": 37}, "mouthstatus": {"close": 84.236, "surgical_mask_or_respirator": 11.6, "open": 0.0, "other_occlusion": 4.164}, "glass": {"value": "None"}, "skinstatus": {"dark_circle": 10.591, "stain": 3.265, "acne": 2.424, "health": 0.917}, "headpose": {"yaw_angle": 8.2020035, "pitch_angle": -5.2358017, "roll_angle": -13.45888}, "blur": {"blurness": {"threshold": 50.0, "value": 2.342}, "motionblur": {"threshold": 50.0, "value": 2.342}, "gaussianblur": {"threshold": 50.0, "value": 2.342}}, "smile": {"threshold": 50.0, "value": 74.409}, "eyestatus": {"left_eye_status": {"normal_glass_eye_open": 2.946, "no_glass_eye_close": 0.321, "occlusion": 0.202, "no_glass_eye_open": 75.564, "normal_glass_eye_close": 0.108, "dark_glasses": 20.858}, "right_eye_status": {"normal_glass_eye_open": 0.01, "no_glass_eye_close": 0.143, "occlusion": 15.949, "no_glass_eye_open": 83.857, "normal_glass_eye_close": 0.001, "dark_glasses": 0.039}}, "facequality": {"threshold": 70.1, "value": 83.57}, "ethnicity": {"value": "INDIA"}, "eyegaze": {"right_eye_gaze": {"position_x_coordinate": 0.422, "vector_z_component": 0.792, "vector_x_component": -0.448, "vector_y_component": 0.415, "position_y_coordinate": 0.569}, "left_eye_gaze": {"position_x_coordinate": 0.482, "vector_z_component": 0.93, "vector_x_component": 0.087, "vector_y_component": 0.358, "position_y_coordinate": 0.524}}}, "face_rectangle": {"width": 714, "top": 746, "left": 1259, "height": 714}, "face_token": "1b6f3f2ed08ebfa2de7d06811f13846a"}, {"attributes": {"emotion": {"sadness": 52.757, "neutral": 0.077, "disgust": 0.139, "anger": 0.077, "surprise": 45.557, "fear": 0.077, "happiness": 1.315}, "beauty": {"female_score": 60.973, "male_score": 58.198}, "gender": {"value": "Male"}, "age": {"value": 36}, "mouthstatus": {"close": 0.001, "surgical_mask_or_respirator": 99.957, "open": 0.0, "other_occlusion": 0.042}, "glass": {"value": "None"}, "skinstatus": {"dark_circle": 100.0, "stain": 99.993, "acne": 1.979, "health": 1.891}, "headpose": {"yaw_angle": -65.54434, "pitch_angle": 9.783098, "roll_angle": 13.681542}, "blur": {"blurness": {"threshold": 50.0, "value": 0.686}, "motionblur": {"threshold": 50.0, "value": 0.686}, "gaussianblur": {"threshold": 50.0, "value": 0.686}}, "smile": {"threshold": 50.0, "value": 9.977}, "eyestatus": {"left_eye_status": {"normal_glass_eye_open": 0.934, "no_glass_eye_close": 0.01, "occlusion": 97.222, "no_glass_eye_open": 0.491, "normal_glass_eye_close": 0.012, "dark_glasses": 1.331}, "right_eye_status": {"normal_glass_eye_open": 0.097, "no_glass_eye_close": 0.002, "occlusion": 99.732, "no_glass_eye_open": 0.022, "normal_glass_eye_close": 0.022, "dark_glasses": 0.124}}, "facequality": {"threshold": 70.1, "value": 0.006}, "ethnicity": {"value": "BLACK"}, "eyegaze": {"right_eye_gaze": {"position_x_coordinate": 0.656, "vector_z_component": 0.74, "vector_x_component": 0.498, "vector_y_component": -0.452, "position_y_coordinate": 0.157}, "left_eye_gaze": {"position_x_coordinate": 0.433, "vector_z_component": 0.634, "vector_x_component": 0.462, "vector_y_component": 0.62, "position_y_coordinate": 0.478}}}, "face_rectangle": {"width": 104, "top": 1448, "left": 2782, "height": 104}, "face_token": "570142cef4084700cc92e9f954a194de"}]}