{"image_id": "cNyEYkHEppMwomgFOB3FNQ==", "request_id": "1551406964,c863afc8-826d-4589-80e1-0f4a5c21917e", "time_used": 612, "faces": [{"attributes": {"emotion": {"sadness": 0.004, "neutral": 4.019, "disgust": 0.406, "anger": 0.001, "surprise": 0.008, "fear": 0.001, "happiness": 95.561}, "beauty": {"female_score": 70.063, "male_score": 66.259}, "gender": {"value": "Male"}, "age": {"value": 33}, "mouthstatus": {"close": 99.999, "surgical_mask_or_respirator": 0.0, "open": 0.0, "other_occlusion": 0.001}, "glass": {"value": "Dark"}, "skinstatus": {"dark_circle": 73.026, "stain": 5.793, "acne": 2.309, "health": 0.306}, "headpose": {"yaw_angle": -17.312836, "pitch_angle": 0.25985283, "roll_angle": 1.6814474}, "blur": {"blurness": {"threshold": 50.0, "value": 0.187}, "motionblur": {"threshold": 50.0, "value": 0.187}, "gaussianblur": {"threshold": 50.0, "value": 0.187}}, "smile": {"threshold": 50.0, "value": 68.13}, "eyestatus": {"left_eye_status": {"normal_glass_eye_open": 7.035, "no_glass_eye_close": 0.0, "occlusion": 0.167, "no_glass_eye_open": 0.267, "normal_glass_eye_close": 0.154, "dark_glasses": 92.377}, "right_eye_status": {"normal_glass_eye_open": 0.013, "no_glass_eye_close": 0.0, "occlusion": 0.0, "no_glass_eye_open": 0.0, "normal_glass_eye_close": 0.0, "dark_glasses": 99.987}}, "facequality": {"threshold": 70.1, "value": 40.697}, "ethnicity": {"value": "BLACK"}, "eyegaze": {"right_eye_gaze": {"position_x_coordinate": 0.5, "vector_z_component": 0.931, "vector_x_component": -0.15, "vector_y_component": 0.332, "position_y_coordinate": 0.436}, "left_eye_gaze": {"position_x_coordinate": 0.327, "vector_z_component": 0.962, "vector_x_component": 0.048, "vector_y_component": 0.269, "position_y_coordinate": 0.458}}}, "face_rectangle": {"width": 556, "top": 226, "left": -54, "height": 556}, "face_token": "3afe06a8f24435167365b779271861f4"}]}