{"image_id": "+n1+r/SIYVPaTIRLPC8Myg==", "request_id": "1551406841,598b88b4-f413-4056-861b-078f04acabbf", "time_used": 3359, "faces": [{"attributes": {"emotion": {"sadness": 0.037, "neutral": 0.099, "disgust": 0.018, "anger": 0.002, "surprise": 0.008, "fear": 0.002, "happiness": 99.836}, "beauty": {"female_score": 69.227, "male_score": 72.13}, "gender": {"value": "Male"}, "age": {"value": 26}, "mouthstatus": {"close": 0.231, "surgical_mask_or_respirator": 13.301, "open": 1.937, "other_occlusion": 84.531}, "glass": {"value": "None"}, "skinstatus": {"dark_circle": 11.58, "stain": 3.126, "acne": 0.921, "health": 8.1}, "headpose": {"yaw_angle": -1.7438898, "pitch_angle": 14.710751, "roll_angle": 3.1478698}, "blur": {"blurness": {"threshold": 50.0, "value": 1.801}, "motionblur": {"threshold": 50.0, "value": 1.801}, "gaussianblur": {"threshold": 50.0, "value": 1.801}}, "smile": {"threshold": 50.0, "value": 98.224}, "eyestatus": {"left_eye_status": {"normal_glass_eye_open": 0.013, "no_glass_eye_close": 0.0, "occlusion": 0.0, "no_glass_eye_open": 99.987, "normal_glass_eye_close": 0.0, "dark_glasses": 0.0}, "right_eye_status": {"normal_glass_eye_open": 0.503, "no_glass_eye_close": 0.0, "occlusion": 0.011, "no_glass_eye_open": 99.461, "normal_glass_eye_close": 0.003, "dark_glasses": 0.023}}, "facequality": {"threshold": 70.1, "value": 86.129}, "ethnicity": {"value": "ASIAN"}, "eyegaze": {"right_eye_gaze": {"position_x_coordinate": 0.478, "vector_z_component": 0.995, "vector_x_component": -0.005, "vector_y_component": -0.103, "position_y_coordinate": 0.422}, "left_eye_gaze": {"position_x_coordinate": 0.499, "vector_z_component": 0.977, "vector_x_component": 0.031, "vector_y_component": -0.21, "position_y_coordinate": 0.397}}}, "face_rectangle": {"width": 550, "top": 558, "left": 1375, "height": 550}, "face_token": "54bfb09567870e65fb228824ae803ea8"}, {"attributes": {"emotion": {"sadness": 0.049, "neutral": 0.1, "disgust": 0.328, "anger": 97.86, "surprise": 0.499, "fear": 0.11, "happiness": 1.054}, "beauty": {"female_score": 65.05, "male_score": 67.889}, "gender": {"value": "Male"}, "age": {"value": 27}, "mouthstatus": {"close": 81.059, "surgical_mask_or_respirator": 1.012, "open": 0.0, "other_occlusion": 17.929}, "glass": {"value": "None"}, "skinstatus": {"dark_circle": 17.11, "stain": 0.84, "acne": 15.241, "health": 5.412}, "headpose": {"yaw_angle": -15.595388, "pitch_angle": 31.498821, "roll_angle": 20.274893}, "blur": {"blurness": {"threshold": 50.0, "value": 81.224}, "motionblur": {"threshold": 50.0, "value": 81.224}, "gaussianblur": {"threshold": 50.0, "value": 81.224}}, "smile": {"threshold": 50.0, "value": 99.997}, "eyestatus": {"left_eye_status": {"normal_glass_eye_open": 3.508, "no_glass_eye_close": 19.442, "occlusion": 5.175, "no_glass_eye_open": 71.339, "normal_glass_eye_close": 0.165, "dark_glasses": 0.37}, "right_eye_status": {"normal_glass_eye_open": 2.495, "no_glass_eye_close": 0.393, "occlusion": 0.503, "no_glass_eye_open": 34.587, "normal_glass_eye_close": 0.006, "dark_glasses": 62.015}}, "facequality": {"threshold": 70.1, "value": 0.006}, "ethnicity": {"value": "WHITE"}, "eyegaze": {"right_eye_gaze": {"position_x_coordinate": 0.461, "vector_z_component": 0.839, "vector_x_component": -0.267, "vector_y_component": 0.475, "position_y_coordinate": 0.417}, "left_eye_gaze": {"position_x_coordinate": 0.467, "vector_z_component": 0.882, "vector_x_component": -0.041, "vector_y_component": -0.47, "position_y_coordinate": 0.394}}}, "face_rectangle": {"width": 201, "top": 846, "left": 451, "height": 201}, "face_token": "fa5385c81b043e6a7943a2f120d69016"}]}