{"image_id": "SqvRJ7Aa2TbDqVkW1apA0w==", "request_id": "1551406859,d1d122f3-5138-4a23-b426-eb830342166b", "time_used": 980, "faces": [{"attributes": {"emotion": {"sadness": 0.001, "neutral": 0.001, "disgust": 0.001, "anger": 0.001, "surprise": 0.032, "fear": 0.001, "happiness": 99.965}, "beauty": {"female_score": 47.32, "male_score": 42.175}, "gender": {"value": "Male"}, "age": {"value": 27}, "mouthstatus": {"close": 0.007, "surgical_mask_or_respirator": 95.814, "open": 0.001, "other_occlusion": 4.177}, "glass": {"value": "None"}, "skinstatus": {"dark_circle": 1.466, "stain": 72.069, "acne": 3.201, "health": 1.443}, "headpose": {"yaw_angle": -4.1819053, "pitch_angle": -3.1599903, "roll_angle": 5.337429}, "blur": {"blurness": {"threshold": 50.0, "value": 0.134}, "motionblur": {"threshold": 50.0, "value": 0.134}, "gaussianblur": {"threshold": 50.0, "value": 0.134}}, "smile": {"threshold": 50.0, "value": 89.495}, "eyestatus": {"left_eye_status": {"normal_glass_eye_open": 0.001, "no_glass_eye_close": 0.0, "occlusion": 0.023, "no_glass_eye_open": 99.975, "normal_glass_eye_close": 0.0, "dark_glasses": 0.001}, "right_eye_status": {"normal_glass_eye_open": 0.0, "no_glass_eye_close": 0.0, "occlusion": 0.001, "no_glass_eye_open": 99.999, "normal_glass_eye_close": 0.0, "dark_glasses": 0.0}}, "facequality": {"threshold": 70.1, "value": 91.671}, "ethnicity": {"value": "WHITE"}, "eyegaze": {"right_eye_gaze": {"position_x_coordinate": 0.457, "vector_z_component": 0.937, "vector_x_component": -0.177, "vector_y_component": 0.301, "position_y_coordinate": 0.485}, "left_eye_gaze": {"position_x_coordinate": 0.502, "vector_z_component": 0.949, "vector_x_component": 0.029, "vector_y_component": 0.314, "position_y_coordinate": 0.495}}}, "face_rectangle": {"width": 509, "top": 523, "left": 339, "height": 509}, "face_token": "8effa20131472851ca2fea5b63d2206d"}]}