{"image_id": "bDR4Klulzr2DlbhqpAGZkQ==", "request_id": "1551406669,00d22022-50c4-4d1b-a119-59f0c7d53e1d", "time_used": 2891, "faces": [{"attributes": {"emotion": {"sadness": 0.0, "neutral": 59.425, "disgust": 0.0, "anger": 0.0, "surprise": 0.0, "fear": 0.0, "happiness": 40.574}, "beauty": {"female_score": 66.743, "male_score": 64.108}, "gender": {"value": "Male"}, "age": {"value": 23}, "mouthstatus": {"close": 100.0, "surgical_mask_or_respirator": 0.0, "open": 0.0, "other_occlusion": 0.0}, "glass": {"value": "Normal"}, "skinstatus": {"dark_circle": 4.259, "stain": 13.579, "acne": 0.865, "health": 2.012}, "headpose": {"yaw_angle": 14.64411, "pitch_angle": -6.980174, "roll_angle": -9.682495}, "blur": {"blurness": {"threshold": 50.0, "value": 0.514}, "motionblur": {"threshold": 50.0, "value": 0.514}, "gaussianblur": {"threshold": 50.0, "value": 0.514}}, "smile": {"threshold": 50.0, "value": 99.702}, "eyestatus": {"left_eye_status": {"normal_glass_eye_open": 98.975, "no_glass_eye_close": 0.0, "occlusion": 0.052, "no_glass_eye_open": 0.038, "normal_glass_eye_close": 0.739, "dark_glasses": 0.196}, "right_eye_status": {"normal_glass_eye_open": 97.851, "no_glass_eye_close": 0.002, "occlusion": 0.057, "no_glass_eye_open": 0.829, "normal_glass_eye_close": 0.467, "dark_glasses": 0.795}}, "facequality": {"threshold": 70.1, "value": 55.142}, "ethnicity": {"value": "WHITE"}, "eyegaze": {"right_eye_gaze": {"position_x_coordinate": 0.53, "vector_z_component": 0.948, "vector_x_component": 0.254, "vector_y_component": -0.19, "position_y_coordinate": 0.434}, "left_eye_gaze": {"position_x_coordinate": 0.528, "vector_z_component": 0.897, "vector_x_component": -0.346, "vector_y_component": -0.276, "position_y_coordinate": 0.38}}}, "face_rectangle": {"width": 445, "top": 1280, "left": 2065, "height": 445}, "face_token": "706dd01930a05552e642dd791080620f"}]}