{"image_id": "nlCIGKgdpg1Qd0umd8P68g==", "request_id": "1551406895,6f67ffd2-6807-47e7-b503-1130fd9d4044", "time_used": 2702, "faces": [{"attributes": {"emotion": {"sadness": 45.311, "neutral": 48.117, "disgust": 0.043, "anger": 0.019, "surprise": 0.019, "fear": 0.019, "happiness": 6.471}, "beauty": {"female_score": 64.943, "male_score": 63.103}, "gender": {"value": "Male"}, "age": {"value": 18}, "mouthstatus": {"close": 99.999, "surgical_mask_or_respirator": 0.0, "open": 0.0, "other_occlusion": 0.001}, "glass": {"value": "None"}, "skinstatus": {"dark_circle": 1.813, "stain": 0.414, "acne": 0.105, "health": 11.213}, "headpose": {"yaw_angle": 5.719971, "pitch_angle": -1.9697078, "roll_angle": -3.2437654}, "blur": {"blurness": {"threshold": 50.0, "value": 4.72}, "motionblur": {"threshold": 50.0, "value": 4.72}, "gaussianblur": {"threshold": 50.0, "value": 4.72}}, "smile": {"threshold": 50.0, "value": 0.352}, "eyestatus": {"left_eye_status": {"normal_glass_eye_open": 0.001, "no_glass_eye_close": 0.0, "occlusion": 0.0, "no_glass_eye_open": 99.998, "normal_glass_eye_close": 0.0, "dark_glasses": 0.0}, "right_eye_status": {"normal_glass_eye_open": 0.008, "no_glass_eye_close": 0.0, "occlusion": 0.001, "no_glass_eye_open": 99.992, "normal_glass_eye_close": 0.0, "dark_glasses": 0.0}}, "facequality": {"threshold": 70.1, "value": 88.515}, "ethnicity": {"value": "WHITE"}, "eyegaze": {"right_eye_gaze": {"position_x_coordinate": 0.477, "vector_z_component": 0.963, "vector_x_component": -0.029, "vector_y_component": 0.266, "position_y_coordinate": 0.461}, "left_eye_gaze": {"position_x_coordinate": 0.552, "vector_z_component": 0.965, "vector_x_component": 0.169, "vector_y_component": 0.2, "position_y_coordinate": 0.468}}}, "face_rectangle": {"width": 608, "top": 462, "left": 1220, "height": 608}, "face_token": "91f6ee479951a6facacc99c83c47930f"}]}