{"image_id": "RKVARoXcHWZqvMxV9tKdwQ==", "request_id": "1551406573,8fb55685-9b11-4e35-a5c0-b95672d9281e", "time_used": 822, "faces": [{"attributes": {"emotion": {"sadness": 0.012, "neutral": 67.215, "disgust": 0.013, "anger": 0.012, "surprise": 32.488, "fear": 0.017, "happiness": 0.243}, "beauty": {"female_score": 69.247, "male_score": 67.603}, "gender": {"value": "Male"}, "age": {"value": 21}, "mouthstatus": {"close": 67.314, "surgical_mask_or_respirator": 0.0, "open": 0.0, "other_occlusion": 32.686}, "glass": {"value": "Normal"}, "skinstatus": {"dark_circle": 10.487, "stain": 62.795, "acne": 13.329, "health": 1.536}, "headpose": {"yaw_angle": -4.014559, "pitch_angle": -0.9715611, "roll_angle": -3.0599523}, "blur": {"blurness": {"threshold": 50.0, "value": 4.706}, "motionblur": {"threshold": 50.0, "value": 4.706}, "gaussianblur": {"threshold": 50.0, "value": 4.706}}, "smile": {"threshold": 50.0, "value": 2.775}, "eyestatus": {"left_eye_status": {"normal_glass_eye_open": 99.601, "no_glass_eye_close": 0.0, "occlusion": 0.016, "no_glass_eye_open": 0.001, "normal_glass_eye_close": 0.012, "dark_glasses": 0.37}, "right_eye_status": {"normal_glass_eye_open": 100.0, "no_glass_eye_close": 0.0, "occlusion": 0.0, "no_glass_eye_open": 0.0, "normal_glass_eye_close": 0.0, "dark_glasses": 0.0}}, "facequality": {"threshold": 70.1, "value": 90.889}, "ethnicity": {"value": "INDIA"}, "eyegaze": {"right_eye_gaze": {"position_x_coordinate": 0.433, "vector_z_component": 0.947, "vector_x_component": -0.083, "vector_y_component": 0.309, "position_y_coordinate": 0.414}, "left_eye_gaze": {"position_x_coordinate": 0.42, "vector_z_component": 0.957, "vector_x_component": -0.282, "vector_y_component": -0.068, "position_y_coordinate": 0.487}}}, "face_rectangle": {"width": 239, "top": 318, "left": 101, "height": 239}, "face_token": "7c232e6e969c35623f9113f382bad265"}]}