{"image_id": "q09vqk3/YB4KB4VbqCdGnA==", "request_id": "1551406741,3469f56c-e7af-4274-9047-cf23b7770603", "time_used": 1003, "faces": [{"attributes": {"emotion": {"sadness": 0.027, "neutral": 99.709, "disgust": 0.007, "anger": 0.085, "surprise": 0.124, "fear": 0.007, "happiness": 0.041}, "beauty": {"female_score": 75.303, "male_score": 72.393}, "gender": {"value": "Male"}, "age": {"value": 21}, "mouthstatus": {"close": 99.999, "surgical_mask_or_respirator": 0.0, "open": 0.001, "other_occlusion": 0.001}, "glass": {"value": "Normal"}, "skinstatus": {"dark_circle": 8.25, "stain": 0.124, "acne": 0.058, "health": 9.431}, "headpose": {"yaw_angle": 3.5675452, "pitch_angle": 11.225621, "roll_angle": 3.4443908}, "blur": {"blurness": {"threshold": 50.0, "value": 7.8}, "motionblur": {"threshold": 50.0, "value": 7.8}, "gaussianblur": {"threshold": 50.0, "value": 7.8}}, "smile": {"threshold": 50.0, "value": 0.173}, "eyestatus": {"left_eye_status": {"normal_glass_eye_open": 99.975, "no_glass_eye_close": 0.0, "occlusion": 0.001, "no_glass_eye_open": 0.014, "normal_glass_eye_close": 0.001, "dark_glasses": 0.009}, "right_eye_status": {"normal_glass_eye_open": 99.947, "no_glass_eye_close": 0.0, "occlusion": 0.002, "no_glass_eye_open": 0.008, "normal_glass_eye_close": 0.03, "dark_glasses": 0.013}}, "facequality": {"threshold": 70.1, "value": 84.532}, "ethnicity": {"value": "WHITE"}, "eyegaze": {"right_eye_gaze": {"position_x_coordinate": 0.502, "vector_z_component": 0.952, "vector_x_component": 0.111, "vector_y_component": -0.285, "position_y_coordinate": 0.382}, "left_eye_gaze": {"position_x_coordinate": 0.494, "vector_z_component": 0.981, "vector_x_component": -0.033, "vector_y_component": -0.193, "position_y_coordinate": 0.426}}}, "face_rectangle": {"width": 304, "top": 284, "left": 442, "height": 304}, "face_token": "960f30dc4c48174a5d55a55b30ddd636"}]}