{"image_id": "Si4VWR+RyAuUpHgFzgUg8g==", "request_id": "1551406786,67d8fec2-9b48-4c7d-8920-a5762c5fcc45", "time_used": 661, "faces": [{"attributes": {"emotion": {"sadness": 0.175, "neutral": 91.733, "disgust": 0.016, "anger": 0.377, "surprise": 0.011, "fear": 0.068, "happiness": 7.62}, "beauty": {"female_score": 76.83, "male_score": 74.576}, "gender": {"value": "Female"}, "age": {"value": 31}, "mouthstatus": {"close": 100.0, "surgical_mask_or_respirator": 0.0, "open": 0.0, "other_occlusion": 0.0}, "glass": {"value": "None"}, "skinstatus": {"dark_circle": 2.912, "stain": 11.012, "acne": 2.683, "health": 22.734}, "headpose": {"yaw_angle": 3.8886175, "pitch_angle": 8.189953, "roll_angle": 2.246425}, "blur": {"blurness": {"threshold": 50.0, "value": 0.366}, "motionblur": {"threshold": 50.0, "value": 0.366}, "gaussianblur": {"threshold": 50.0, "value": 0.366}}, "smile": {"threshold": 50.0, "value": 15.855}, "eyestatus": {"left_eye_status": {"normal_glass_eye_open": 0.017, "no_glass_eye_close": 0.0, "occlusion": 0.0, "no_glass_eye_open": 99.98, "normal_glass_eye_close": 0.0, "dark_glasses": 0.003}, "right_eye_status": {"normal_glass_eye_open": 0.007, "no_glass_eye_close": 0.0, "occlusion": 0.003, "no_glass_eye_open": 99.984, "normal_glass_eye_close": 0.0, "dark_glasses": 0.006}}, "facequality": {"threshold": 70.1, "value": 89.855}, "ethnicity": {"value": "WHITE"}, "eyegaze": {"right_eye_gaze": {"position_x_coordinate": 0.449, "vector_z_component": 0.991, "vector_x_component": -0.062, "vector_y_component": -0.122, "position_y_coordinate": 0.39}, "left_eye_gaze": {"position_x_coordinate": 0.525, "vector_z_component": 0.987, "vector_x_component": 0.073, "vector_y_component": -0.144, "position_y_coordinate": 0.352}}}, "face_rectangle": {"width": 195, "top": 213, "left": 305, "height": 195}, "face_token": "0aed07b714931640bad9c8231bd8ec0f"}, {"attributes": {"emotion": {"sadness": 0.01, "neutral": 3.76, "disgust": 0.015, "anger": 0.655, "surprise": 0.708, "fear": 94.841, "happiness": 0.01}, "beauty": {"female_score": 61.103, "male_score": 62.686}, "gender": {"value": "Female"}, "age": {"value": 22}, "mouthstatus": {"close": 0.0, "surgical_mask_or_respirator": 99.992, "open": 0.0, "other_occlusion": 0.008}, "glass": {"value": "None"}, "skinstatus": {"dark_circle": 1.608, "stain": 73.453, "acne": 32.171, "health": 10.721}, "headpose": {"yaw_angle": 5.7095118, "pitch_angle": 23.829199, "roll_angle": 12.45764}, "blur": {"blurness": {"threshold": 50.0, "value": 0.702}, "motionblur": {"threshold": 50.0, "value": 0.702}, "gaussianblur": {"threshold": 50.0, "value": 0.702}}, "smile": {"threshold": 50.0, "value": 1.663}, "eyestatus": {"left_eye_status": {"normal_glass_eye_open": 0.001, "no_glass_eye_close": 0.002, "occlusion": 62.554, "no_glass_eye_open": 36.728, "normal_glass_eye_close": 0.002, "dark_glasses": 0.712}, "right_eye_status": {"normal_glass_eye_open": 0.0, "no_glass_eye_close": 0.014, "occlusion": 99.913, "no_glass_eye_open": 0.058, "normal_glass_eye_close": 0.0, "dark_glasses": 0.015}}, "facequality": {"threshold": 70.1, "value": 45.9}, "ethnicity": {"value": "BLACK"}, "eyegaze": {"right_eye_gaze": {"position_x_coordinate": 0.63, "vector_z_component": 0.935, "vector_x_component": -0.074, "vector_y_component": -0.346, "position_y_coordinate": 0.337}, "left_eye_gaze": {"position_x_coordinate": 0.51, "vector_z_component": 0.946, "vector_x_component": 0.047, "vector_y_component": -0.32, "position_y_coordinate": 0.345}}}, "face_rectangle": {"width": 111, "top": 381, "left": 492, "height": 111}, "face_token": "4703063cb63f13a302ce121c1d4e3472"}]}