{"image_id": "MjGdf4L4fRcLM6JYq5dq/g==", "request_id": "1551406732,d9133ab6-6ebf-454e-91c9-60df9490af57", "time_used": 3658, "faces": [{"attributes": {"emotion": {"sadness": 0.001, "neutral": 94.597, "disgust": 0.002, "anger": 0.008, "surprise": 0.001, "fear": 0.001, "happiness": 5.389}, "beauty": {"female_score": 83.065, "male_score": 76.945}, "gender": {"value": "Male"}, "age": {"value": 19}, "mouthstatus": {"close": 98.831, "surgical_mask_or_respirator": 0.0, "open": 0.689, "other_occlusion": 0.479}, "glass": {"value": "None"}, "skinstatus": {"dark_circle": 23.579, "stain": 14.908, "acne": 0.547, "health": 9.801}, "headpose": {"yaw_angle": -18.058443, "pitch_angle": 2.7625382, "roll_angle": 8.335117}, "blur": {"blurness": {"threshold": 50.0, "value": 1.138}, "motionblur": {"threshold": 50.0, "value": 1.138}, "gaussianblur": {"threshold": 50.0, "value": 1.138}}, "smile": {"threshold": 50.0, "value": 0.043}, "eyestatus": {"left_eye_status": {"normal_glass_eye_open": 0.002, "no_glass_eye_close": 0.0, "occlusion": 0.005, "no_glass_eye_open": 99.991, "normal_glass_eye_close": 0.0, "dark_glasses": 0.002}, "right_eye_status": {"normal_glass_eye_open": 0.004, "no_glass_eye_close": 0.0, "occlusion": 0.0, "no_glass_eye_open": 99.995, "normal_glass_eye_close": 0.0, "dark_glasses": 0.0}}, "facequality": {"threshold": 70.1, "value": 32.661}, "ethnicity": {"value": "WHITE"}, "eyegaze": {"right_eye_gaze": {"position_x_coordinate": 0.429, "vector_z_component": 0.97, "vector_x_component": -0.137, "vector_y_component": 0.199, "position_y_coordinate": 0.449}, "left_eye_gaze": {"position_x_coordinate": 0.421, "vector_z_component": 0.944, "vector_x_component": -0.294, "vector_y_component": 0.151, "position_y_coordinate": 0.447}}}, "face_rectangle": {"width": 406, "top": 799, "left": 553, "height": 406}, "face_token": "f5318e4d07b9454262e64d968d5eb6c5"}, {"attributes": {"emotion": {"sadness": 0.016, "neutral": 0.106, "disgust": 92.429, "anger": 0.021, "surprise": 0.002, "fear": 7.423, "happiness": 0.002}, "beauty": {"female_score": 63.108, "male_score": 62.897}, "gender": {"value": "Male"}, "age": {"value": 55}, "mouthstatus": {"close": 0.0, "surgical_mask_or_respirator": 2.168, "open": 0.0, "other_occlusion": 97.832}, "glass": {"value": "None"}, "skinstatus": {"dark_circle": 36.762, "stain": 24.791, "acne": 0.207, "health": 5.796}, "headpose": {"yaw_angle": -52.84502, "pitch_angle": 12.779962, "roll_angle": 37.378895}, "blur": {"blurness": {"threshold": 50.0, "value": 6.06}, "motionblur": {"threshold": 50.0, "value": 6.06}, "gaussianblur": {"threshold": 50.0, "value": 6.06}}, "smile": {"threshold": 50.0, "value": 1.259}, "eyestatus": {"left_eye_status": {"normal_glass_eye_open": 8.843, "no_glass_eye_close": 3.932, "occlusion": 4.824, "no_glass_eye_open": 3.695, "normal_glass_eye_close": 74.253, "dark_glasses": 4.453}, "right_eye_status": {"normal_glass_eye_open": 0.486, "no_glass_eye_close": 0.0, "occlusion": 97.977, "no_glass_eye_open": 1.154, "normal_glass_eye_close": 0.001, "dark_glasses": 0.381}}, "facequality": {"threshold": 70.1, "value": 0.006}, "ethnicity": {"value": "WHITE"}, "eyegaze": {"right_eye_gaze": {"position_x_coordinate": 0.58, "vector_z_component": 0.855, "vector_x_component": 0.519, "vector_y_component": 0.001, "position_y_coordinate": 0.112}, "left_eye_gaze": {"position_x_coordinate": 0.492, "vector_z_component": 0.841, "vector_x_component": -0.007, "vector_y_component": 0.541, "position_y_coordinate": 0.48}}}, "face_rectangle": {"width": 135, "top": 89, "left": 1889, "height": 135}, "face_token": "51119fcd47058b890e89986b785a9f14"}, {"attributes": {"emotion": {"sadness": 0.082, "neutral": 80.801, "disgust": 5.855, "anger": 1.218, "surprise": 11.863, "fear": 0.082, "happiness": 0.1}, "beauty": {"female_score": 64.078, "male_score": 61.916}, "gender": {"value": "Male"}, "age": {"value": 40}, "mouthstatus": {"close": 0.0, "surgical_mask_or_respirator": 0.002, "open": 0.0, "other_occlusion": 99.998}, "glass": {"value": "Dark"}, "skinstatus": {"dark_circle": 26.475, "stain": 8.239, "acne": 19.078, "health": 6.612}, "headpose": {"yaw_angle": -43.474964, "pitch_angle": 7.3465323, "roll_angle": 11.6519165}, "blur": {"blurness": {"threshold": 50.0, "value": 84.732}, "motionblur": {"threshold": 50.0, "value": 84.732}, "gaussianblur": {"threshold": 50.0, "value": 84.732}}, "smile": {"threshold": 50.0, "value": 1.993}, "eyestatus": {"left_eye_status": {"normal_glass_eye_open": 0.025, "no_glass_eye_close": 0.006, "occlusion": 0.015, "no_glass_eye_open": 0.189, "normal_glass_eye_close": 0.0, "dark_glasses": 99.765}, "right_eye_status": {"normal_glass_eye_open": 0.008, "no_glass_eye_close": 0.045, "occlusion": 5.675, "no_glass_eye_open": 1.198, "normal_glass_eye_close": 0.015, "dark_glasses": 93.058}}, "facequality": {"threshold": 70.1, "value": 0.006}, "ethnicity": {"value": "BLACK"}, "eyegaze": {"right_eye_gaze": {"position_x_coordinate": 0.416, "vector_z_component": 0.804, "vector_x_component": -0.483, "vector_y_component": -0.348, "position_y_coordinate": 0.386}, "left_eye_gaze": {"position_x_coordinate": 0.44, "vector_z_component": 0.974, "vector_x_component": -0.01, "vector_y_component": -0.225, "position_y_coordinate": 0.232}}}, "face_rectangle": {"width": 115, "top": 78, "left": 2518, "height": 115}, "face_token": "e5396e68ffd73da3657c61b1e1727515"}]}