{"image_id": "nOtR8d1+cSogl7Yrj/n0ZQ==", "request_id": "1551402977,297f74a4-2916-4029-b88b-baeb9d3d97de", "time_used": 659, "faces": [{"attributes": {"emotion": {"sadness": 0.014, "neutral": 0.107, "disgust": 34.53, "anger": 0.014, "surprise": 1.731, "fear": 57.568, "happiness": 6.037}, "beauty": {"female_score": 69.314, "male_score": 69.507}, "gender": {"value": "Female"}, "age": {"value": 22}, "mouthstatus": {"close": 99.99, "surgical_mask_or_respirator": 0.0, "open": 0.01, "other_occlusion": 0.0}, "glass": {"value": "Normal"}, "skinstatus": {"dark_circle": 7.268, "stain": 2.705, "acne": 4.275, "health": 15.961}, "headpose": {"yaw_angle": -2.5090256, "pitch_angle": 7.7343335, "roll_angle": 17.358053}, "blur": {"blurness": {"threshold": 50.0, "value": 0.55}, "motionblur": {"threshold": 50.0, "value": 0.55}, "gaussianblur": {"threshold": 50.0, "value": 0.55}}, "smile": {"threshold": 50.0, "value": 72.54}, "eyestatus": {"left_eye_status": {"normal_glass_eye_open": 36.224, "no_glass_eye_close": 0.0, "occlusion": 0.155, "no_glass_eye_open": 3.172, "normal_glass_eye_close": 0.0, "dark_glasses": 60.448}, "right_eye_status": {"normal_glass_eye_open": 61.454, "no_glass_eye_close": 0.0, "occlusion": 0.053, "no_glass_eye_open": 3.077, "normal_glass_eye_close": 0.0, "dark_glasses": 35.415}}, "facequality": {"threshold": 70.1, "value": 91.35}, "ethnicity": {"value": "WHITE"}, "eyegaze": {"right_eye_gaze": {"position_x_coordinate": 0.434, "vector_z_component": 0.981, "vector_x_component": -0.053, "vector_y_component": -0.186, "position_y_coordinate": 0.396}, "left_eye_gaze": {"position_x_coordinate": 0.489, "vector_z_component": 0.966, "vector_x_component": -0.165, "vector_y_component": -0.199, "position_y_coordinate": 0.398}}}, "face_rectangle": {"width": 367, "top": 331, "left": 185, "height": 367}, "face_token": "009055e036495c75b312b415d5716016"}]}