{"image_id": "GRHDt4puAf8MpXjRMtLx2g==", "request_id": "1551406575,a9f6b1ab-7196-4f74-bc18-9e591c937b48", "time_used": 1395, "faces": [{"attributes": {"emotion": {"sadness": 0.002, "neutral": 1.085, "disgust": 0.002, "anger": 0.002, "surprise": 32.09, "fear": 0.002, "happiness": 66.817}, "beauty": {"female_score": 62.287, "male_score": 56.243}, "gender": {"value": "Male"}, "age": {"value": 22}, "mouthstatus": {"close": 100.0, "surgical_mask_or_respirator": 0.0, "open": 0.0, "other_occlusion": 0.0}, "glass": {"value": "Dark"}, "skinstatus": {"dark_circle": 4.632, "stain": 6.734, "acne": 12.124, "health": 12.856}, "headpose": {"yaw_angle": 0.014311807, "pitch_angle": -1.4830458, "roll_angle": 4.0639067}, "blur": {"blurness": {"threshold": 50.0, "value": 0.338}, "motionblur": {"threshold": 50.0, "value": 0.338}, "gaussianblur": {"threshold": 50.0, "value": 0.338}}, "smile": {"threshold": 50.0, "value": 92.538}, "eyestatus": {"left_eye_status": {"normal_glass_eye_open": 71.378, "no_glass_eye_close": 0.0, "occlusion": 0.041, "no_glass_eye_open": 3.205, "normal_glass_eye_close": 0.004, "dark_glasses": 25.373}, "right_eye_status": {"normal_glass_eye_open": 25.508, "no_glass_eye_close": 0.0, "occlusion": 0.0, "no_glass_eye_open": 0.036, "normal_glass_eye_close": 0.0, "dark_glasses": 74.456}}, "facequality": {"threshold": 70.1, "value": 94.705}, "ethnicity": {"value": "WHITE"}, "eyegaze": {"right_eye_gaze": {"position_x_coordinate": 0.494, "vector_z_component": 0.981, "vector_x_component": -0.061, "vector_y_component": 0.185, "position_y_coordinate": 0.431}, "left_eye_gaze": {"position_x_coordinate": 0.455, "vector_z_component": 0.996, "vector_x_component": -0.029, "vector_y_component": 0.087, "position_y_coordinate": 0.458}}}, "face_rectangle": {"width": 472, "top": 406, "left": 450, "height": 472}, "face_token": "8966187e4e567b415e9c0cdf2546965b"}]}