{"image_id": "T+wqXqladoG/xg/EZ0syZw==", "request_id": "1551406769,bc541d3c-9069-4e21-83ec-e6017a9b30c9", "time_used": 462, "faces": [{"attributes": {"emotion": {"sadness": 0.006, "neutral": 98.524, "disgust": 0.006, "anger": 0.006, "surprise": 0.63, "fear": 0.635, "happiness": 0.192}, "beauty": {"female_score": 75.672, "male_score": 65.696}, "gender": {"value": "Male"}, "age": {"value": 24}, "mouthstatus": {"close": 99.613, "surgical_mask_or_respirator": 0.196, "open": 0.191, "other_occlusion": 0.0}, "glass": {"value": "None"}, "skinstatus": {"dark_circle": 5.307, "stain": 4.159, "acne": 48.557, "health": 3.141}, "headpose": {"yaw_angle": 8.792979, "pitch_angle": 6.089933, "roll_angle": -6.092619}, "blur": {"blurness": {"threshold": 50.0, "value": 0.395}, "motionblur": {"threshold": 50.0, "value": 0.395}, "gaussianblur": {"threshold": 50.0, "value": 0.395}}, "smile": {"threshold": 50.0, "value": 38.68}, "eyestatus": {"left_eye_status": {"normal_glass_eye_open": 0.093, "no_glass_eye_close": 0.001, "occlusion": 0.071, "no_glass_eye_open": 99.242, "normal_glass_eye_close": 0.003, "dark_glasses": 0.591}, "right_eye_status": {"normal_glass_eye_open": 0.061, "no_glass_eye_close": 0.0, "occlusion": 0.002, "no_glass_eye_open": 99.932, "normal_glass_eye_close": 0.0, "dark_glasses": 0.005}}, "facequality": {"threshold": 70.1, "value": 82.62}, "ethnicity": {"value": "INDIA"}, "eyegaze": {"right_eye_gaze": {"position_x_coordinate": 0.524, "vector_z_component": 0.986, "vector_x_component": 0.168, "vector_y_component": 0.014, "position_y_coordinate": 0.435}, "left_eye_gaze": {"position_x_coordinate": 0.423, "vector_z_component": 0.98, "vector_x_component": -0.141, "vector_y_component": -0.137, "position_y_coordinate": 0.402}}}, "face_rectangle": {"width": 412, "top": 409, "left": 315, "height": 412}, "face_token": "29573120d3eb67a00787ddc73fde8d14"}]}