{"image_id": "OGN4H/macH/v3rRWpBETFg==", "request_id": "1551406941,93a89883-89eb-4761-bdb3-9c899da95279", "time_used": 1404, "faces": [{"attributes": {"emotion": {"sadness": 0.0, "neutral": 99.985, "disgust": 0.003, "anger": 0.0, "surprise": 0.0, "fear": 0.0, "happiness": 0.011}, "beauty": {"female_score": 76.469, "male_score": 73.506}, "gender": {"value": "Male"}, "age": {"value": 32}, "mouthstatus": {"close": 100.0, "surgical_mask_or_respirator": 0.0, "open": 0.0, "other_occlusion": 0.0}, "glass": {"value": "Normal"}, "skinstatus": {"dark_circle": 5.79, "stain": 2.274, "acne": 12.012, "health": 36.295}, "headpose": {"yaw_angle": -4.3766, "pitch_angle": 6.059456, "roll_angle": 1.8641447}, "blur": {"blurness": {"threshold": 50.0, "value": 0.347}, "motionblur": {"threshold": 50.0, "value": 0.347}, "gaussianblur": {"threshold": 50.0, "value": 0.347}}, "smile": {"threshold": 50.0, "value": 0.095}, "eyestatus": {"left_eye_status": {"normal_glass_eye_open": 99.958, "no_glass_eye_close": 0.0, "occlusion": 0.0, "no_glass_eye_open": 0.039, "normal_glass_eye_close": 0.002, "dark_glasses": 0.001}, "right_eye_status": {"normal_glass_eye_open": 69.486, "no_glass_eye_close": 0.0, "occlusion": 0.069, "no_glass_eye_open": 0.271, "normal_glass_eye_close": 0.072, "dark_glasses": 30.102}}, "facequality": {"threshold": 70.1, "value": 90.364}, "ethnicity": {"value": "ASIAN"}, "eyegaze": {"right_eye_gaze": {"position_x_coordinate": 0.459, "vector_z_component": 0.969, "vector_x_component": -0.149, "vector_y_component": 0.199, "position_y_coordinate": 0.442}, "left_eye_gaze": {"position_x_coordinate": 0.451, "vector_z_component": 0.988, "vector_x_component": -0.028, "vector_y_component": 0.154, "position_y_coordinate": 0.46}}}, "face_rectangle": {"width": 439, "top": 676, "left": 99, "height": 439}, "face_token": "59d342134c60f9f8c0fb18503546f741"}, {"attributes": {"emotion": {"sadness": 0.0, "neutral": 99.951, "disgust": 0.0, "anger": 0.043, "surprise": 0.0, "fear": 0.0, "happiness": 0.005}, "beauty": {"female_score": 68.917, "male_score": 69.302}, "gender": {"value": "Male"}, "age": {"value": 27}, "mouthstatus": {"close": 100.0, "surgical_mask_or_respirator": 0.0, "open": 0.0, "other_occlusion": 0.0}, "glass": {"value": "None"}, "skinstatus": {"dark_circle": 4.949, "stain": 5.999, "acne": 1.615, "health": 59.808}, "headpose": {"yaw_angle": 4.6779494, "pitch_angle": 2.571107, "roll_angle": -12.469969}, "blur": {"blurness": {"threshold": 50.0, "value": 0.885}, "motionblur": {"threshold": 50.0, "value": 0.885}, "gaussianblur": {"threshold": 50.0, "value": 0.885}}, "smile": {"threshold": 50.0, "value": 0.037}, "eyestatus": {"left_eye_status": {"normal_glass_eye_open": 0.013, "no_glass_eye_close": 0.001, "occlusion": 0.137, "no_glass_eye_open": 99.835, "normal_glass_eye_close": 0.0, "dark_glasses": 0.015}, "right_eye_status": {"normal_glass_eye_open": 0.129, "no_glass_eye_close": 0.0, "occlusion": 0.001, "no_glass_eye_open": 99.87, "normal_glass_eye_close": 0.0, "dark_glasses": 0.0}}, "facequality": {"threshold": 70.1, "value": 91.098}, "ethnicity": {"value": "WHITE"}, "eyegaze": {"right_eye_gaze": {"position_x_coordinate": 0.481, "vector_z_component": 0.972, "vector_x_component": -0.068, "vector_y_component": -0.225, "position_y_coordinate": 0.374}, "left_eye_gaze": {"position_x_coordinate": 0.498, "vector_z_component": 0.968, "vector_x_component": 0.035, "vector_y_component": -0.25, "position_y_coordinate": 0.354}}}, "face_rectangle": {"width": 417, "top": 1055, "left": 1040, "height": 417}, "face_token": "01f9318be4ff60c46fc7bf0a470dc8ed"}]}