{"image_id": "vsbxIB4k3SZpVwVX2XoxZQ==", "request_id": "1551406827,fb214b90-d7b4-4aa4-bba3-f650215e9c61", "time_used": 2289, "faces": [{"attributes": {"emotion": {"sadness": 30.407, "neutral": 66.814, "disgust": 0.003, "anger": 0.005, "surprise": 0.003, "fear": 0.003, "happiness": 2.767}, "beauty": {"female_score": 75.206, "male_score": 79.339}, "gender": {"value": "Male"}, "age": {"value": 18}, "mouthstatus": {"close": 100.0, "surgical_mask_or_respirator": 0.0, "open": 0.0, "other_occlusion": 0.0}, "glass": {"value": "None"}, "skinstatus": {"dark_circle": 19.947, "stain": 11.386, "acne": 22.887, "health": 0.909}, "headpose": {"yaw_angle": -0.05396703, "pitch_angle": -3.1947894, "roll_angle": -1.9610995}, "blur": {"blurness": {"threshold": 50.0, "value": 6.578}, "motionblur": {"threshold": 50.0, "value": 6.578}, "gaussianblur": {"threshold": 50.0, "value": 6.578}}, "smile": {"threshold": 50.0, "value": 63.184}, "eyestatus": {"left_eye_status": {"normal_glass_eye_open": 0.026, "no_glass_eye_close": 0.244, "occlusion": 0.001, "no_glass_eye_open": 99.727, "normal_glass_eye_close": 0.0, "dark_glasses": 0.001}, "right_eye_status": {"normal_glass_eye_open": 0.011, "no_glass_eye_close": 0.095, "occlusion": 0.005, "no_glass_eye_open": 99.883, "normal_glass_eye_close": 0.0, "dark_glasses": 0.004}}, "facequality": {"threshold": 70.1, "value": 92.703}, "ethnicity": {"value": "WHITE"}, "eyegaze": {"right_eye_gaze": {"position_x_coordinate": 0.481, "vector_z_component": 0.962, "vector_x_component": 0.028, "vector_y_component": 0.271, "position_y_coordinate": 0.479}, "left_eye_gaze": {"position_x_coordinate": 0.457, "vector_z_component": 0.961, "vector_x_component": -0.096, "vector_y_component": 0.26, "position_y_coordinate": 0.461}}}, "face_rectangle": {"width": 589, "top": 414, "left": 1667, "height": 589}, "face_token": "6104894b18afd9d25963587f335eff4d"}, {"attributes": {"emotion": {"sadness": 1.973, "neutral": 97.231, "disgust": 0.011, "anger": 0.075, "surprise": 0.687, "fear": 0.011, "happiness": 0.011}, "beauty": {"female_score": 48.92, "male_score": 45.473}, "gender": {"value": "Female"}, "age": {"value": 28}, "mouthstatus": {"close": 0.012, "surgical_mask_or_respirator": 0.0, "open": 0.001, "other_occlusion": 99.987}, "glass": {"value": "None"}, "skinstatus": {"dark_circle": 57.25, "stain": 3.365, "acne": 1.359, "health": 0.719}, "headpose": {"yaw_angle": -37.549828, "pitch_angle": 16.911215, "roll_angle": 14.372399}, "blur": {"blurness": {"threshold": 50.0, "value": 98.664}, "motionblur": {"threshold": 50.0, "value": 98.664}, "gaussianblur": {"threshold": 50.0, "value": 98.664}}, "smile": {"threshold": 50.0, "value": 0.788}, "eyestatus": {"left_eye_status": {"normal_glass_eye_open": 1.765, "no_glass_eye_close": 95.775, "occlusion": 0.095, "no_glass_eye_open": 0.665, "normal_glass_eye_close": 1.484, "dark_glasses": 0.216}, "right_eye_status": {"normal_glass_eye_open": 4.392, "no_glass_eye_close": 0.903, "occlusion": 0.221, "no_glass_eye_open": 87.815, "normal_glass_eye_close": 3.384, "dark_glasses": 3.285}}, "facequality": {"threshold": 70.1, "value": 0.006}, "ethnicity": {"value": "BLACK"}, "eyegaze": {"right_eye_gaze": {"position_x_coordinate": 0.713, "vector_z_component": 0.68, "vector_x_component": 0.058, "vector_y_component": 0.731, "position_y_coordinate": 0.528}, "left_eye_gaze": {"position_x_coordinate": 0.139, "vector_z_component": 0.607, "vector_x_component": -0.452, "vector_y_component": 0.653, "position_y_coordinate": 0.585}}}, "face_rectangle": {"width": 45, "top": 619, "left": 988, "height": 45}, "face_token": "4bd0d322efb8afa1dbb067776931d80e"}, {"attributes": {"emotion": {"sadness": 0.925, "neutral": 72.145, "disgust": 10.024, "anger": 8.054, "surprise": 3.991, "fear": 0.845, "happiness": 4.016}, "beauty": {"female_score": 60.485, "male_score": 59.603}, "gender": {"value": "Male"}, "age": {"value": 28}, "mouthstatus": {"close": 99.939, "surgical_mask_or_respirator": 0.0, "open": 0.059, "other_occlusion": 0.002}, "glass": {"value": "None"}, "skinstatus": {"dark_circle": 53.448, "stain": 4.226, "acne": 62.619, "health": 0.357}, "headpose": {"yaw_angle": 17.239996, "pitch_angle": 16.11351, "roll_angle": 13.020228}, "blur": {"blurness": {"threshold": 50.0, "value": 99.999}, "motionblur": {"threshold": 50.0, "value": 99.999}, "gaussianblur": {"threshold": 50.0, "value": 99.999}}, "smile": {"threshold": 50.0, "value": 0.706}, "eyestatus": {"left_eye_status": {"normal_glass_eye_open": 1.131, "no_glass_eye_close": 2.167, "occlusion": 0.031, "no_glass_eye_open": 94.664, "normal_glass_eye_close": 0.209, "dark_glasses": 1.797}, "right_eye_status": {"normal_glass_eye_open": 0.031, "no_glass_eye_close": 0.039, "occlusion": 0.003, "no_glass_eye_open": 99.901, "normal_glass_eye_close": 0.019, "dark_glasses": 0.007}}, "facequality": {"threshold": 70.1, "value": 0.006}, "ethnicity": {"value": "INDIA"}, "eyegaze": {"right_eye_gaze": {"position_x_coordinate": 0.386, "vector_z_component": 0.699, "vector_x_component": -0.393, "vector_y_component": 0.598, "position_y_coordinate": 0.532}, "left_eye_gaze": {"position_x_coordinate": 0.386, "vector_z_component": 0.644, "vector_x_component": -0.377, "vector_y_component": 0.666, "position_y_coordinate": 0.559}}}, "face_rectangle": {"width": 40, "top": 648, "left": 1103, "height": 40}, "face_token": "6888cbb710134a60d744b4394bec0fe2"}]}