{"image_id": "xitQokasu8Ph+48RRuamig==", "request_id": "1551406462,83565bdd-959b-4b67-91b2-1bda5c09509d", "time_used": 2311, "faces": [{"attributes": {"emotion": {"sadness": 0.012, "neutral": 99.358, "disgust": 0.062, "anger": 0.359, "surprise": 0.063, "fear": 0.017, "happiness": 0.13}, "beauty": {"female_score": 68.944, "male_score": 67.152}, "gender": {"value": "Male"}, "age": {"value": 32}, "mouthstatus": {"close": 85.761, "surgical_mask_or_respirator": 0.042, "open": 14.191, "other_occlusion": 0.006}, "glass": {"value": "None"}, "skinstatus": {"dark_circle": 1.318, "stain": 92.261, "acne": 78.133, "health": 0.724}, "headpose": {"yaw_angle": -12.203134, "pitch_angle": 1.8197409, "roll_angle": -0.20376918}, "blur": {"blurness": {"threshold": 50.0, "value": 1.311}, "motionblur": {"threshold": 50.0, "value": 1.311}, "gaussianblur": {"threshold": 50.0, "value": 1.311}}, "smile": {"threshold": 50.0, "value": 30.712}, "eyestatus": {"left_eye_status": {"normal_glass_eye_open": 0.021, "no_glass_eye_close": 0.0, "occlusion": 0.003, "no_glass_eye_open": 99.976, "normal_glass_eye_close": 0.0, "dark_glasses": 0.0}, "right_eye_status": {"normal_glass_eye_open": 0.0, "no_glass_eye_close": 0.0, "occlusion": 0.0, "no_glass_eye_open": 100.0, "normal_glass_eye_close": 0.0, "dark_glasses": 0.0}}, "facequality": {"threshold": 70.1, "value": 72.781}, "ethnicity": {"value": "WHITE"}, "eyegaze": {"right_eye_gaze": {"position_x_coordinate": 0.434, "vector_z_component": 0.919, "vector_x_component": -0.342, "vector_y_component": -0.195, "position_y_coordinate": 0.407}, "left_eye_gaze": {"position_x_coordinate": 0.424, "vector_z_component": 0.987, "vector_x_component": -0.156, "vector_y_component": -0.032, "position_y_coordinate": 0.439}}}, "face_rectangle": {"width": 720, "top": 479, "left": 676, "height": 720}, "face_token": "518a5b8080e02d0b3aafef4b2d7ef148"}]}