{"image_id": "b+23SAiGzTfMQQgCwlJ7AQ==", "request_id": "1551406418,bb03168e-36c4-41b0-afd1-ab79a07d3312", "time_used": 2978, "faces": [{"attributes": {"emotion": {"sadness": 0.575, "neutral": 35.22, "disgust": 0.833, "anger": 38.055, "surprise": 0.038, "fear": 25.24, "happiness": 0.038}, "beauty": {"female_score": 53.791, "male_score": 49.08}, "gender": {"value": "Male"}, "age": {"value": 40}, "mouthstatus": {"close": 100.0, "surgical_mask_or_respirator": 0.0, "open": 0.0, "other_occlusion": 0.0}, "glass": {"value": "None"}, "skinstatus": {"dark_circle": 3.306, "stain": 9.34, "acne": 4.444, "health": 17.431}, "headpose": {"yaw_angle": 0.25337526, "pitch_angle": 1.3884511, "roll_angle": 4.1906004}, "blur": {"blurness": {"threshold": 50.0, "value": 0.359}, "motionblur": {"threshold": 50.0, "value": 0.359}, "gaussianblur": {"threshold": 50.0, "value": 0.359}}, "smile": {"threshold": 50.0, "value": 0.0}, "eyestatus": {"left_eye_status": {"normal_glass_eye_open": 0.0, "no_glass_eye_close": 0.0, "occlusion": 0.0, "no_glass_eye_open": 100.0, "normal_glass_eye_close": 0.0, "dark_glasses": 0.0}, "right_eye_status": {"normal_glass_eye_open": 0.049, "no_glass_eye_close": 0.0, "occlusion": 0.0, "no_glass_eye_open": 99.951, "normal_glass_eye_close": 0.0, "dark_glasses": 0.0}}, "facequality": {"threshold": 70.1, "value": 94.615}, "ethnicity": {"value": "WHITE"}, "eyegaze": {"right_eye_gaze": {"position_x_coordinate": 0.49, "vector_z_component": 0.972, "vector_x_component": 0.122, "vector_y_component": -0.203, "position_y_coordinate": 0.388}, "left_eye_gaze": {"position_x_coordinate": 0.479, "vector_z_component": 0.982, "vector_x_component": -0.123, "vector_y_component": -0.144, "position_y_coordinate": 0.384}}}, "face_rectangle": {"width": 554, "top": 680, "left": 2734, "height": 554}, "face_token": "21f7190e9a63e927c88239ff6b569331"}]}