{"image_id": "2/7EPZ5XWKsHKjqpJZXu5g==", "request_id": "1551406636,1aded55b-2b4a-494b-ba83-b9fa8a6134b4", "time_used": 1595, "faces": [{"attributes": {"emotion": {"sadness": 0.092, "neutral": 97.317, "disgust": 0.003, "anger": 0.003, "surprise": 0.133, "fear": 0.003, "happiness": 2.451}, "beauty": {"female_score": 52.079, "male_score": 50.538}, "gender": {"value": "Male"}, "age": {"value": 24}, "mouthstatus": {"close": 96.862, "surgical_mask_or_respirator": 0.0, "open": 0.0, "other_occlusion": 3.138}, "glass": {"value": "None"}, "skinstatus": {"dark_circle": 29.004, "stain": 35.51, "acne": 55.762, "health": 0.133}, "headpose": {"yaw_angle": 6.171885, "pitch_angle": 7.959539, "roll_angle": -2.8400204}, "blur": {"blurness": {"threshold": 50.0, "value": 2.806}, "motionblur": {"threshold": 50.0, "value": 2.806}, "gaussianblur": {"threshold": 50.0, "value": 2.806}}, "smile": {"threshold": 50.0, "value": 95.085}, "eyestatus": {"left_eye_status": {"normal_glass_eye_open": 0.012, "no_glass_eye_close": 0.226, "occlusion": 0.005, "no_glass_eye_open": 97.115, "normal_glass_eye_close": 0.015, "dark_glasses": 2.628}, "right_eye_status": {"normal_glass_eye_open": 0.0, "no_glass_eye_close": 0.0, "occlusion": 0.01, "no_glass_eye_open": 99.979, "normal_glass_eye_close": 0.0, "dark_glasses": 0.011}}, "facequality": {"threshold": 70.1, "value": 85.733}, "ethnicity": {"value": "INDIA"}, "eyegaze": {"right_eye_gaze": {"position_x_coordinate": 0.477, "vector_z_component": 0.985, "vector_x_component": 0.045, "vector_y_component": 0.166, "position_y_coordinate": 0.478}, "left_eye_gaze": {"position_x_coordinate": 0.502, "vector_z_component": 0.974, "vector_x_component": 0.064, "vector_y_component": 0.218, "position_y_coordinate": 0.468}}}, "face_rectangle": {"width": 498, "top": 511, "left": 659, "height": 498}, "face_token": "b4bfb32af77194337f83a044f15e34e3"}]}