{"image_id": "VPw5XgD8Xpm9QLhJ2pMT7Q==", "request_id": "1551406613,619ec1a3-f114-45ee-a66e-ed84f10fa01d", "time_used": 1695, "faces": [{"attributes": {"emotion": {"sadness": 0.009, "neutral": 0.001, "disgust": 0.005, "anger": 0.001, "surprise": 0.001, "fear": 0.017, "happiness": 99.967}, "beauty": {"female_score": 54.424, "male_score": 50.359}, "gender": {"value": "Female"}, "age": {"value": 19}, "mouthstatus": {"close": 99.994, "surgical_mask_or_respirator": 0.0, "open": 0.006, "other_occlusion": 0.0}, "glass": {"value": "None"}, "skinstatus": {"dark_circle": 11.305, "stain": 8.666, "acne": 4.727, "health": 4.135}, "headpose": {"yaw_angle": 0.8677388, "pitch_angle": 8.848472, "roll_angle": 0.36419895}, "blur": {"blurness": {"threshold": 50.0, "value": 1.584}, "motionblur": {"threshold": 50.0, "value": 1.584}, "gaussianblur": {"threshold": 50.0, "value": 1.584}}, "smile": {"threshold": 50.0, "value": 99.984}, "eyestatus": {"left_eye_status": {"normal_glass_eye_open": 0.002, "no_glass_eye_close": 0.0, "occlusion": 0.0, "no_glass_eye_open": 99.998, "normal_glass_eye_close": 0.0, "dark_glasses": 0.0}, "right_eye_status": {"normal_glass_eye_open": 0.007, "no_glass_eye_close": 0.0, "occlusion": 0.0, "no_glass_eye_open": 99.993, "normal_glass_eye_close": 0.0, "dark_glasses": 0.0}}, "facequality": {"threshold": 70.1, "value": 91.724}, "ethnicity": {"value": "ASIAN"}, "eyegaze": {"right_eye_gaze": {"position_x_coordinate": 0.434, "vector_z_component": 0.942, "vector_x_component": -0.257, "vector_y_component": 0.214, "position_y_coordinate": 0.465}, "left_eye_gaze": {"position_x_coordinate": 0.494, "vector_z_component": 0.97, "vector_x_component": 0.113, "vector_y_component": 0.216, "position_y_coordinate": 0.493}}}, "face_rectangle": {"width": 1162, "top": 690, "left": 894, "height": 1162}, "face_token": "6427c1ed59a47e149e0cf848fb37e228"}]}