{"image_id": "Th/0EioVsrL4UUNfSjACpQ==", "request_id": "1551406567,ca9c8fcc-5ed9-4c6a-b517-35e06d7b9d80", "time_used": 2459, "faces": [{"attributes": {"emotion": {"sadness": 0.018, "neutral": 95.166, "disgust": 0.108, "anger": 0.004, "surprise": 0.017, "fear": 0.004, "happiness": 4.683}, "beauty": {"female_score": 72.318, "male_score": 68.642}, "gender": {"value": "Male"}, "age": {"value": 23}, "mouthstatus": {"close": 65.552, "surgical_mask_or_respirator": 34.238, "open": 0.045, "other_occlusion": 0.164}, "glass": {"value": "Normal"}, "skinstatus": {"dark_circle": 12.181, "stain": 7.485, "acne": 5.056, "health": 2.354}, "headpose": {"yaw_angle": 3.9198308, "pitch_angle": 8.263551, "roll_angle": -8.844451}, "blur": {"blurness": {"threshold": 50.0, "value": 3.209}, "motionblur": {"threshold": 50.0, "value": 3.209}, "gaussianblur": {"threshold": 50.0, "value": 3.209}}, "smile": {"threshold": 50.0, "value": 4.372}, "eyestatus": {"left_eye_status": {"normal_glass_eye_open": 94.003, "no_glass_eye_close": 0.0, "occlusion": 0.114, "no_glass_eye_open": 0.101, "normal_glass_eye_close": 0.002, "dark_glasses": 5.78}, "right_eye_status": {"normal_glass_eye_open": 99.949, "no_glass_eye_close": 0.0, "occlusion": 0.006, "no_glass_eye_open": 0.028, "normal_glass_eye_close": 0.0, "dark_glasses": 0.017}}, "facequality": {"threshold": 70.1, "value": 88.665}, "ethnicity": {"value": "WHITE"}, "eyegaze": {"right_eye_gaze": {"position_x_coordinate": 0.479, "vector_z_component": 0.99, "vector_x_component": 0.074, "vector_y_component": -0.12, "position_y_coordinate": 0.412}, "left_eye_gaze": {"position_x_coordinate": 0.473, "vector_z_component": 0.979, "vector_x_component": -0.198, "vector_y_component": 0.046, "position_y_coordinate": 0.431}}}, "face_rectangle": {"width": 749, "top": 1073, "left": 676, "height": 749}, "face_token": "d33a96255a736796c344169db99edbc2"}]}