{"image_id": "yxfxsdByuSRnD8g3zgk8GQ==", "request_id": "1551406781,863c897c-5ed2-4e0a-b3c1-4f8e155d2277", "time_used": 3067, "faces": [{"attributes": {"emotion": {"sadness": 0.234, "neutral": 0.004, "disgust": 0.004, "anger": 0.004, "surprise": 0.004, "fear": 0.386, "happiness": 99.364}, "beauty": {"female_score": 64.718, "male_score": 64.243}, "gender": {"value": "Male"}, "age": {"value": 20}, "mouthstatus": {"close": 0.0, "surgical_mask_or_respirator": 0.0, "open": 100.0, "other_occlusion": 0.0}, "glass": {"value": "None"}, "skinstatus": {"dark_circle": 2.18, "stain": 8.023, "acne": 4.693, "health": 13.836}, "headpose": {"yaw_angle": 1.733274, "pitch_angle": 5.927069, "roll_angle": 3.5340967}, "blur": {"blurness": {"threshold": 50.0, "value": 1.289}, "motionblur": {"threshold": 50.0, "value": 1.289}, "gaussianblur": {"threshold": 50.0, "value": 1.289}}, "smile": {"threshold": 50.0, "value": 100.0}, "eyestatus": {"left_eye_status": {"normal_glass_eye_open": 0.0, "no_glass_eye_close": 0.0, "occlusion": 0.0, "no_glass_eye_open": 100.0, "normal_glass_eye_close": 0.0, "dark_glasses": 0.0}, "right_eye_status": {"normal_glass_eye_open": 0.004, "no_glass_eye_close": 0.001, "occlusion": 0.0, "no_glass_eye_open": 99.994, "normal_glass_eye_close": 0.0, "dark_glasses": 0.0}}, "facequality": {"threshold": 70.1, "value": 92.445}, "ethnicity": {"value": "WHITE"}, "eyegaze": {"right_eye_gaze": {"position_x_coordinate": 0.451, "vector_z_component": 0.98, "vector_x_component": -0.116, "vector_y_component": 0.161, "position_y_coordinate": 0.471}, "left_eye_gaze": {"position_x_coordinate": 0.49, "vector_z_component": 0.985, "vector_x_component": 0.093, "vector_y_component": 0.148, "position_y_coordinate": 0.494}}}, "face_rectangle": {"width": 194, "top": 1000, "left": 469, "height": 194}, "face_token": "f629dbcf8d42f3690260ea7453c5b69d"}, {"attributes": {"emotion": {"sadness": 0.0, "neutral": 0.0, "disgust": 0.0, "anger": 0.0, "surprise": 0.0, "fear": 0.0, "happiness": 100.0}, "beauty": {"female_score": 74.679, "male_score": 72.683}, "gender": {"value": "Male"}, "age": {"value": 22}, "mouthstatus": {"close": 29.075, "surgical_mask_or_respirator": 0.023, "open": 0.002, "other_occlusion": 70.901}, "glass": {"value": "None"}, "skinstatus": {"dark_circle": 7.407, "stain": 4.743, "acne": 5.536, "health": 33.456}, "headpose": {"yaw_angle": 5.712851, "pitch_angle": 10.1071205, "roll_angle": 4.0023994}, "blur": {"blurness": {"threshold": 50.0, "value": 0.394}, "motionblur": {"threshold": 50.0, "value": 0.394}, "gaussianblur": {"threshold": 50.0, "value": 0.394}}, "smile": {"threshold": 50.0, "value": 100.0}, "eyestatus": {"left_eye_status": {"normal_glass_eye_open": 0.394, "no_glass_eye_close": 0.0, "occlusion": 0.001, "no_glass_eye_open": 99.605, "normal_glass_eye_close": 0.0, "dark_glasses": 0.0}, "right_eye_status": {"normal_glass_eye_open": 0.219, "no_glass_eye_close": 0.0, "occlusion": 0.001, "no_glass_eye_open": 99.78, "normal_glass_eye_close": 0.0, "dark_glasses": 0.0}}, "facequality": {"threshold": 70.1, "value": 86.045}, "ethnicity": {"value": "WHITE"}, "eyegaze": {"right_eye_gaze": {"position_x_coordinate": 0.518, "vector_z_component": 0.986, "vector_x_component": 0.091, "vector_y_component": -0.142, "position_y_coordinate": 0.423}, "left_eye_gaze": {"position_x_coordinate": 0.469, "vector_z_component": 0.994, "vector_x_component": -0.042, "vector_y_component": 0.101, "position_y_coordinate": 0.464}}}, "face_rectangle": {"width": 192, "top": 1135, "left": 3298, "height": 192}, "face_token": "06cb2ae9d77c219dfac3b8cb2279459b"}, {"attributes": {"emotion": {"sadness": 0.022, "neutral": 0.0, "disgust": 0.501, "anger": 0.0, "surprise": 0.0, "fear": 0.035, "happiness": 99.441}, "beauty": {"female_score": 41.546, "male_score": 34.012}, "gender": {"value": "Female"}, "age": {"value": 21}, "mouthstatus": {"close": 0.0, "surgical_mask_or_respirator": 0.0, "open": 100.0, "other_occlusion": 0.0}, "glass": {"value": "None"}, "skinstatus": {"dark_circle": 3.184, "stain": 32.429, "acne": 5.614, "health": 29.777}, "headpose": {"yaw_angle": 0.4120713, "pitch_angle": 1.5075687, "roll_angle": -0.15087013}, "blur": {"blurness": {"threshold": 50.0, "value": 0.437}, "motionblur": {"threshold": 50.0, "value": 0.437}, "gaussianblur": {"threshold": 50.0, "value": 0.437}}, "smile": {"threshold": 50.0, "value": 100.0}, "eyestatus": {"left_eye_status": {"normal_glass_eye_open": 0.0, "no_glass_eye_close": 0.0, "occlusion": 0.0, "no_glass_eye_open": 100.0, "normal_glass_eye_close": 0.0, "dark_glasses": 0.0}, "right_eye_status": {"normal_glass_eye_open": 0.017, "no_glass_eye_close": 12.338, "occlusion": 0.157, "no_glass_eye_open": 87.488, "normal_glass_eye_close": 0.0, "dark_glasses": 0.0}}, "facequality": {"threshold": 70.1, "value": 94.508}, "ethnicity": {"value": "WHITE"}, "eyegaze": {"right_eye_gaze": {"position_x_coordinate": 0.478, "vector_z_component": 0.934, "vector_x_component": -0.234, "vector_y_component": 0.27, "position_y_coordinate": 0.493}, "left_eye_gaze": {"position_x_coordinate": 0.435, "vector_z_component": 0.968, "vector_x_component": -0.13, "vector_y_component": 0.217, "position_y_coordinate": 0.463}}}, "face_rectangle": {"width": 176, "top": 1036, "left": 2631, "height": 176}, "face_token": "98d66a7295d8d5003ec5075115a41e68"}, {"attributes": {"emotion": {"sadness": 0.0, "neutral": 0.0, "disgust": 0.0, "anger": 0.0, "surprise": 0.0, "fear": 0.006, "happiness": 99.994}, "beauty": {"female_score": 60.912, "male_score": 59.624}, "gender": {"value": "Female"}, "age": {"value": 23}, "mouthstatus": {"close": 0.0, "surgical_mask_or_respirator": 0.0, "open": 100.0, "other_occlusion": 0.0}, "glass": {"value": "None"}, "skinstatus": {"dark_circle": 8.735, "stain": 17.077, "acne": 0.784, "health": 40.337}, "headpose": {"yaw_angle": -5.6105814, "pitch_angle": 12.2673025, "roll_angle": 2.5799875}, "blur": {"blurness": {"threshold": 50.0, "value": 0.352}, "motionblur": {"threshold": 50.0, "value": 0.352}, "gaussianblur": {"threshold": 50.0, "value": 0.352}}, "smile": {"threshold": 50.0, "value": 100.0}, "eyestatus": {"left_eye_status": {"normal_glass_eye_open": 0.214, "no_glass_eye_close": 0.018, "occlusion": 0.043, "no_glass_eye_open": 99.724, "normal_glass_eye_close": 0.0, "dark_glasses": 0.001}, "right_eye_status": {"normal_glass_eye_open": 0.104, "no_glass_eye_close": 0.0, "occlusion": 0.001, "no_glass_eye_open": 99.894, "normal_glass_eye_close": 0.0, "dark_glasses": 0.001}}, "facequality": {"threshold": 70.1, "value": 84.167}, "ethnicity": {"value": "WHITE"}, "eyegaze": {"right_eye_gaze": {"position_x_coordinate": 0.489, "vector_z_component": 0.969, "vector_x_component": 0.012, "vector_y_component": 0.248, "position_y_coordinate": 0.476}, "left_eye_gaze": {"position_x_coordinate": 0.487, "vector_z_component": 0.967, "vector_x_component": -0.019, "vector_y_component": 0.256, "position_y_coordinate": 0.471}}}, "face_rectangle": {"width": 171, "top": 1204, "left": 922, "height": 171}, "face_token": "87f991b2e0305bce138c3097d07303f7"}, {"attributes": {"emotion": {"sadness": 0.008, "neutral": 96.626, "disgust": 0.818, "anger": 0.008, "surprise": 0.008, "fear": 0.014, "happiness": 2.518}, "beauty": {"female_score": 66.873, "male_score": 67.095}, "gender": {"value": "Male"}, "age": {"value": 21}, "mouthstatus": {"close": 100.0, "surgical_mask_or_respirator": 0.0, "open": 0.0, "other_occlusion": 0.0}, "glass": {"value": "None"}, "skinstatus": {"dark_circle": 5.119, "stain": 5.181, "acne": 0.872, "health": 68.972}, "headpose": {"yaw_angle": 22.090418, "pitch_angle": -11.688043, "roll_angle": -13.26204}, "blur": {"blurness": {"threshold": 50.0, "value": 0.035}, "motionblur": {"threshold": 50.0, "value": 0.035}, "gaussianblur": {"threshold": 50.0, "value": 0.035}}, "smile": {"threshold": 50.0, "value": 0.153}, "eyestatus": {"left_eye_status": {"normal_glass_eye_open": 0.0, "no_glass_eye_close": 0.0, "occlusion": 0.0, "no_glass_eye_open": 100.0, "normal_glass_eye_close": 0.0, "dark_glasses": 0.0}, "right_eye_status": {"normal_glass_eye_open": 0.143, "no_glass_eye_close": 0.0, "occlusion": 0.003, "no_glass_eye_open": 99.849, "normal_glass_eye_close": 0.0, "dark_glasses": 0.005}}, "facequality": {"threshold": 70.1, "value": 6.343}, "ethnicity": {"value": "WHITE"}, "eyegaze": {"right_eye_gaze": {"position_x_coordinate": 0.533, "vector_z_component": 0.972, "vector_x_component": 0.236, "vector_y_component": 0.006, "position_y_coordinate": 0.432}, "left_eye_gaze": {"position_x_coordinate": 0.628, "vector_z_component": 0.933, "vector_x_component": 0.25, "vector_y_component": 0.259, "position_y_coordinate": 0.377}}}, "face_rectangle": {"width": 165, "top": 977, "left": 2041, "height": 165}, "face_token": "619a3c688bb7bec0eec44a29593b738e"}, {"face_rectangle": {"width": 160, "top": 1028, "left": 1120, "height": 160}, "face_token": "8c3fde8c329caf2b3ec8dd5db53c25b2"}, {"face_rectangle": {"width": 156, "top": 1037, "left": 1499, "height": 156}, "face_token": "c1781b1e3b87ce5edc0f1601ddf2ac43"}, {"face_rectangle": {"width": 150, "top": 1145, "left": 2215, "height": 150}, "face_token": "a0da462e89dfdd0e00799a701d6b8c67"}, {"face_rectangle": {"width": 142, "top": 942, "left": 2998, "height": 142}, "face_token": "f24df33bb7d0463254cb9c7f6d9751ea"}, {"face_rectangle": {"width": 139, "top": 994, "left": 1783, "height": 139}, "face_token": "dc486e9f825a541d6cf15648f838a41b"}, {"face_rectangle": {"width": 138, "top": 956, "left": 2387, "height": 138}, "face_token": "c62a1408babe75df32f71d4b75e068da"}]}