{"image_id": "UwGyXClSXuPvcHMv9bSb2A==", "request_id": "1551406530,5509cbe1-1677-43b6-98a9-2a5632a41b5e", "time_used": 3147, "faces": [{"attributes": {"emotion": {"sadness": 0.0, "neutral": 76.022, "disgust": 0.0, "anger": 0.0, "surprise": 0.0, "fear": 0.0, "happiness": 23.976}, "beauty": {"female_score": 78.297, "male_score": 71.271}, "gender": {"value": "Male"}, "age": {"value": 21}, "mouthstatus": {"close": 100.0, "surgical_mask_or_respirator": 0.0, "open": 0.0, "other_occlusion": 0.0}, "glass": {"value": "None"}, "skinstatus": {"dark_circle": 3.164, "stain": 0.596, "acne": 2.543, "health": 66.45}, "headpose": {"yaw_angle": 0.26088077, "pitch_angle": -3.1017895, "roll_angle": 0.86980957}, "blur": {"blurness": {"threshold": 50.0, "value": 0.369}, "motionblur": {"threshold": 50.0, "value": 0.369}, "gaussianblur": {"threshold": 50.0, "value": 0.369}}, "smile": {"threshold": 50.0, "value": 8.416}, "eyestatus": {"left_eye_status": {"normal_glass_eye_open": 0.0, "no_glass_eye_close": 0.0, "occlusion": 0.0, "no_glass_eye_open": 100.0, "normal_glass_eye_close": 0.0, "dark_glasses": 0.0}, "right_eye_status": {"normal_glass_eye_open": 0.0, "no_glass_eye_close": 0.0, "occlusion": 0.0, "no_glass_eye_open": 100.0, "normal_glass_eye_close": 0.0, "dark_glasses": 0.0}}, "facequality": {"threshold": 70.1, "value": 94.289}, "ethnicity": {"value": "WHITE"}, "eyegaze": {"right_eye_gaze": {"position_x_coordinate": 0.495, "vector_z_component": 0.986, "vector_x_component": 0.128, "vector_y_component": -0.103, "position_y_coordinate": 0.422}, "left_eye_gaze": {"position_x_coordinate": 0.469, "vector_z_component": 0.988, "vector_x_component": -0.135, "vector_y_component": -0.077, "position_y_coordinate": 0.411}}}, "face_rectangle": {"width": 807, "top": 524, "left": 1496, "height": 807}, "face_token": "0fa4c4b9d46d51f374760d864e0605a5"}]}