{"image_id": "PcG5kGzguHQz96iz5RdXZw==", "request_id": "1551406526,0b6c5dd1-586c-4d60-a67c-eca03b3f3880", "time_used": 2922, "faces": [{"attributes": {"emotion": {"sadness": 0.077, "neutral": 10.231, "disgust": 74.885, "anger": 0.094, "surprise": 0.022, "fear": 0.053, "happiness": 14.639}, "beauty": {"female_score": 81.264, "male_score": 77.452}, "gender": {"value": "Male"}, "age": {"value": 18}, "mouthstatus": {"close": 77.69, "surgical_mask_or_respirator": 0.0, "open": 0.902, "other_occlusion": 21.409}, "glass": {"value": "Normal"}, "skinstatus": {"dark_circle": 15.688, "stain": 19.076, "acne": 15.69, "health": 1.832}, "headpose": {"yaw_angle": -20.485468, "pitch_angle": 7.015542, "roll_angle": 9.700556}, "blur": {"blurness": {"threshold": 50.0, "value": 1.267}, "motionblur": {"threshold": 50.0, "value": 1.267}, "gaussianblur": {"threshold": 50.0, "value": 1.267}}, "smile": {"threshold": 50.0, "value": 1.263}, "eyestatus": {"left_eye_status": {"normal_glass_eye_open": 99.884, "no_glass_eye_close": 0.0, "occlusion": 0.011, "no_glass_eye_open": 0.001, "normal_glass_eye_close": 0.102, "dark_glasses": 0.002}, "right_eye_status": {"normal_glass_eye_open": 29.98, "no_glass_eye_close": 0.022, "occlusion": 2.457, "no_glass_eye_open": 0.164, "normal_glass_eye_close": 49.081, "dark_glasses": 18.297}}, "facequality": {"threshold": 70.1, "value": 14.174}, "ethnicity": {"value": "WHITE"}, "eyegaze": {"right_eye_gaze": {"position_x_coordinate": 0.325, "vector_z_component": 0.872, "vector_x_component": -0.329, "vector_y_component": -0.362, "position_y_coordinate": 0.329}, "left_eye_gaze": {"position_x_coordinate": 0.57, "vector_z_component": 0.882, "vector_x_component": 0.287, "vector_y_component": 0.373, "position_y_coordinate": 0.501}}}, "face_rectangle": {"width": 302, "top": 1130, "left": 1095, "height": 302}, "face_token": "bed932f79fe2ba96efe8f6d5bbd43807"}]}