{"image_id": "HKjaQiBZrEmZsOmLobYr5A==", "request_id": "1551406644,ee3d199b-d2b3-456c-94d2-51e2dcb9889c", "time_used": 1831, "faces": [{"attributes": {"emotion": {"sadness": 0.911, "neutral": 10.832, "disgust": 1.879, "anger": 0.257, "surprise": 1.008, "fear": 63.481, "happiness": 21.632}, "beauty": {"female_score": 67.944, "male_score": 55.938}, "gender": {"value": "Male"}, "age": {"value": 33}, "mouthstatus": {"close": 99.854, "surgical_mask_or_respirator": 0.0, "open": 0.0, "other_occlusion": 0.146}, "glass": {"value": "None"}, "skinstatus": {"dark_circle": 4.445, "stain": 37.825, "acne": 38.536, "health": 2.19}, "headpose": {"yaw_angle": 3.842853, "pitch_angle": -6.4891944, "roll_angle": 6.8986754}, "blur": {"blurness": {"threshold": 50.0, "value": 0.812}, "motionblur": {"threshold": 50.0, "value": 0.812}, "gaussianblur": {"threshold": 50.0, "value": 0.812}}, "smile": {"threshold": 50.0, "value": 0.504}, "eyestatus": {"left_eye_status": {"normal_glass_eye_open": 0.217, "no_glass_eye_close": 0.0, "occlusion": 0.0, "no_glass_eye_open": 99.782, "normal_glass_eye_close": 0.0, "dark_glasses": 0.001}, "right_eye_status": {"normal_glass_eye_open": 1.465, "no_glass_eye_close": 0.0, "occlusion": 0.0, "no_glass_eye_open": 98.534, "normal_glass_eye_close": 0.001, "dark_glasses": 0.0}}, "facequality": {"threshold": 70.1, "value": 90.585}, "ethnicity": {"value": "WHITE"}, "eyegaze": {"right_eye_gaze": {"position_x_coordinate": 0.491, "vector_z_component": 0.984, "vector_x_component": -0.027, "vector_y_component": 0.174, "position_y_coordinate": 0.458}, "left_eye_gaze": {"position_x_coordinate": 0.479, "vector_z_component": 0.984, "vector_x_component": -0.005, "vector_y_component": 0.179, "position_y_coordinate": 0.498}}}, "face_rectangle": {"width": 407, "top": 281, "left": 1075, "height": 407}, "face_token": "96a949736e5b919e3fd95969f75e792e"}]}