{"image_id": "nJDVojjVteHXxRRCFAnxhw==", "request_id": "1551406493,9311a055-2498-485b-831d-4d6c6bbd5e8f", "time_used": 387, "faces": [{"attributes": {"emotion": {"sadness": 0.075, "neutral": 82.257, "disgust": 0.007, "anger": 0.028, "surprise": 0.302, "fear": 0.007, "happiness": 17.323}, "beauty": {"female_score": 66.672, "male_score": 66.825}, "gender": {"value": "Male"}, "age": {"value": 22}, "mouthstatus": {"close": 0.034, "surgical_mask_or_respirator": 0.0, "open": 0.0, "other_occlusion": 99.966}, "glass": {"value": "None"}, "skinstatus": {"dark_circle": 96.743, "stain": 0.224, "acne": 2.943, "health": 6.44}, "headpose": {"yaw_angle": -22.71273, "pitch_angle": -5.284566, "roll_angle": 4.7655354}, "blur": {"blurness": {"threshold": 50.0, "value": 92.284}, "motionblur": {"threshold": 50.0, "value": 92.284}, "gaussianblur": {"threshold": 50.0, "value": 92.284}}, "smile": {"threshold": 50.0, "value": 33.798}, "eyestatus": {"left_eye_status": {"normal_glass_eye_open": 0.26, "no_glass_eye_close": 0.248, "occlusion": 0.065, "no_glass_eye_open": 99.378, "normal_glass_eye_close": 0.004, "dark_glasses": 0.045}, "right_eye_status": {"normal_glass_eye_open": 1.567, "no_glass_eye_close": 0.085, "occlusion": 14.138, "no_glass_eye_open": 38.451, "normal_glass_eye_close": 0.055, "dark_glasses": 45.704}}, "facequality": {"threshold": 70.1, "value": 0.006}, "ethnicity": {"value": "INDIA"}, "eyegaze": {"right_eye_gaze": {"position_x_coordinate": 0.353, "vector_z_component": 0.848, "vector_x_component": -0.403, "vector_y_component": 0.344, "position_y_coordinate": 0.464}, "left_eye_gaze": {"position_x_coordinate": 0.451, "vector_z_component": 0.916, "vector_x_component": -0.258, "vector_y_component": 0.306, "position_y_coordinate": 0.482}}}, "face_rectangle": {"width": 330, "top": 188, "left": 868, "height": 330}, "face_token": "86d6f88988586b1e81f44d217eebb0ed"}]}