{"image_id": "UKuPFcf9X/IF9WLItz+k7Q==", "request_id": "1551406626,d16c9e32-7f99-4264-9541-a4ca969e3342", "time_used": 789, "faces": [{"attributes": {"emotion": {"sadness": 0.189, "neutral": 0.385, "disgust": 0.161, "anger": 0.009, "surprise": 0.037, "fear": 0.074, "happiness": 99.145}, "beauty": {"female_score": 61.468, "male_score": 59.189}, "gender": {"value": "Male"}, "age": {"value": 45}, "mouthstatus": {"close": 0.326, "surgical_mask_or_respirator": 0.0, "open": 92.476, "other_occlusion": 7.198}, "glass": {"value": "None"}, "skinstatus": {"dark_circle": 2.819, "stain": 2.288, "acne": 6.323, "health": 5.449}, "headpose": {"yaw_angle": 3.6832638, "pitch_angle": 3.1556566, "roll_angle": -1.9357764}, "blur": {"blurness": {"threshold": 50.0, "value": 0.566}, "motionblur": {"threshold": 50.0, "value": 0.566}, "gaussianblur": {"threshold": 50.0, "value": 0.566}}, "smile": {"threshold": 50.0, "value": 99.095}, "eyestatus": {"left_eye_status": {"normal_glass_eye_open": 0.001, "no_glass_eye_close": 0.0, "occlusion": 0.0, "no_glass_eye_open": 99.999, "normal_glass_eye_close": 0.0, "dark_glasses": 0.0}, "right_eye_status": {"normal_glass_eye_open": 0.003, "no_glass_eye_close": 0.0, "occlusion": 0.0, "no_glass_eye_open": 99.997, "normal_glass_eye_close": 0.0, "dark_glasses": 0.0}}, "facequality": {"threshold": 70.1, "value": 92.003}, "ethnicity": {"value": "WHITE"}, "eyegaze": {"right_eye_gaze": {"position_x_coordinate": 0.482, "vector_z_component": 0.996, "vector_x_component": -0.088, "vector_y_component": 0.026, "position_y_coordinate": 0.422}, "left_eye_gaze": {"position_x_coordinate": 0.475, "vector_z_component": 0.999, "vector_x_component": 0.013, "vector_y_component": -0.047, "position_y_coordinate": 0.413}}}, "face_rectangle": {"width": 187, "top": 532, "left": 570, "height": 187}, "face_token": "3c977340a37ff5945730c74668b1e1af"}]}