{"image_id": "VzXveM9Fmn4KQnRED8kxtw==", "request_id": "1551406596,43e1e0cb-7a54-44a5-a90d-438bbf6f1483", "time_used": 3500, "faces": [{"attributes": {"emotion": {"sadness": 7.273, "neutral": 63.969, "disgust": 0.328, "anger": 0.093, "surprise": 26.544, "fear": 1.084, "happiness": 0.71}, "beauty": {"female_score": 62.76, "male_score": 61.406}, "gender": {"value": "Male"}, "age": {"value": 17}, "mouthstatus": {"close": 99.998, "surgical_mask_or_respirator": 0.0, "open": 0.0, "other_occlusion": 0.002}, "glass": {"value": "Normal"}, "skinstatus": {"dark_circle": 2.48, "stain": 5.725, "acne": 26.749, "health": 1.531}, "headpose": {"yaw_angle": -2.0342703, "pitch_angle": -5.5750966, "roll_angle": 7.0982647}, "blur": {"blurness": {"threshold": 50.0, "value": 0.333}, "motionblur": {"threshold": 50.0, "value": 0.333}, "gaussianblur": {"threshold": 50.0, "value": 0.333}}, "smile": {"threshold": 50.0, "value": 4.605}, "eyestatus": {"left_eye_status": {"normal_glass_eye_open": 20.436, "no_glass_eye_close": 0.0, "occlusion": 0.042, "no_glass_eye_open": 0.721, "normal_glass_eye_close": 0.001, "dark_glasses": 78.8}, "right_eye_status": {"normal_glass_eye_open": 86.451, "no_glass_eye_close": 0.0, "occlusion": 0.099, "no_glass_eye_open": 0.983, "normal_glass_eye_close": 0.004, "dark_glasses": 12.463}}, "facequality": {"threshold": 70.1, "value": 92.63}, "ethnicity": {"value": "ASIAN"}, "eyegaze": {"right_eye_gaze": {"position_x_coordinate": 0.474, "vector_z_component": 0.988, "vector_x_component": -0.048, "vector_y_component": 0.149, "position_y_coordinate": 0.495}, "left_eye_gaze": {"position_x_coordinate": 0.494, "vector_z_component": 0.986, "vector_x_component": 0.013, "vector_y_component": 0.167, "position_y_coordinate": 0.471}}}, "face_rectangle": {"width": 1176, "top": 512, "left": 177, "height": 1176}, "face_token": "fc4eb35443d22f2c75eb7ffdc4f8c656"}]}