{"image_id": "N/+Qx5Mxu3SKuLYmphKpLQ==", "request_id": "1551406522,ed27a656-53c7-4164-a772-7bcf65c01690", "time_used": 2056, "faces": [{"attributes": {"emotion": {"sadness": 0.001, "neutral": 93.703, "disgust": 3.217, "anger": 0.003, "surprise": 3.075, "fear": 0.001, "happiness": 0.001}, "beauty": {"female_score": 75.368, "male_score": 75.066}, "gender": {"value": "Male"}, "age": {"value": 17}, "mouthstatus": {"close": 98.589, "surgical_mask_or_respirator": 0.0, "open": 0.0, "other_occlusion": 1.411}, "glass": {"value": "Normal"}, "skinstatus": {"dark_circle": 10.927, "stain": 2.581, "acne": 13.745, "health": 9.027}, "headpose": {"yaw_angle": 18.470945, "pitch_angle": 7.543414, "roll_angle": -15.739853}, "blur": {"blurness": {"threshold": 50.0, "value": 0.353}, "motionblur": {"threshold": 50.0, "value": 0.353}, "gaussianblur": {"threshold": 50.0, "value": 0.353}}, "smile": {"threshold": 50.0, "value": 0.243}, "eyestatus": {"left_eye_status": {"normal_glass_eye_open": 99.431, "no_glass_eye_close": 0.0, "occlusion": 0.002, "no_glass_eye_open": 0.142, "normal_glass_eye_close": 0.114, "dark_glasses": 0.311}, "right_eye_status": {"normal_glass_eye_open": 99.951, "no_glass_eye_close": 0.0, "occlusion": 0.0, "no_glass_eye_open": 0.0, "normal_glass_eye_close": 0.049, "dark_glasses": 0.001}}, "facequality": {"threshold": 70.1, "value": 26.704}, "ethnicity": {"value": "INDIA"}, "eyegaze": {"right_eye_gaze": {"position_x_coordinate": 0.563, "vector_z_component": 0.997, "vector_x_component": 0.078, "vector_y_component": -0.028, "position_y_coordinate": 0.416}, "left_eye_gaze": {"position_x_coordinate": 0.561, "vector_z_component": 0.876, "vector_x_component": 0.113, "vector_y_component": -0.468, "position_y_coordinate": 0.148}}}, "face_rectangle": {"width": 382, "top": 632, "left": 939, "height": 382}, "face_token": "fd388e2297a06df07e078875023dd4aa"}, {"attributes": {"emotion": {"sadness": 0.278, "neutral": 99.719, "disgust": 0.001, "anger": 0.001, "surprise": 0.001, "fear": 0.001, "happiness": 0.001}, "beauty": {"female_score": 80.208, "male_score": 74.927}, "gender": {"value": "Male"}, "age": {"value": 59}, "mouthstatus": {"close": 99.98, "surgical_mask_or_respirator": 0.0, "open": 0.0, "other_occlusion": 0.02}, "glass": {"value": "None"}, "skinstatus": {"dark_circle": 7.954, "stain": 34.927, "acne": 7.854, "health": 1.993}, "headpose": {"yaw_angle": 2.6457148, "pitch_angle": 9.24967, "roll_angle": 6.2658033}, "blur": {"blurness": {"threshold": 50.0, "value": 0.334}, "motionblur": {"threshold": 50.0, "value": 0.334}, "gaussianblur": {"threshold": 50.0, "value": 0.334}}, "smile": {"threshold": 50.0, "value": 0.006}, "eyestatus": {"left_eye_status": {"normal_glass_eye_open": 0.168, "no_glass_eye_close": 0.0, "occlusion": 0.046, "no_glass_eye_open": 99.774, "normal_glass_eye_close": 0.0, "dark_glasses": 0.011}, "right_eye_status": {"normal_glass_eye_open": 0.698, "no_glass_eye_close": 0.0, "occlusion": 0.0, "no_glass_eye_open": 99.299, "normal_glass_eye_close": 0.0, "dark_glasses": 0.002}}, "facequality": {"threshold": 70.1, "value": 90.522}, "ethnicity": {"value": "WHITE"}, "eyegaze": {"right_eye_gaze": {"position_x_coordinate": 0.493, "vector_z_component": 0.993, "vector_x_component": -0.003, "vector_y_component": -0.116, "position_y_coordinate": 0.446}, "left_eye_gaze": {"position_x_coordinate": 0.474, "vector_z_component": 0.967, "vector_x_component": 0.023, "vector_y_component": -0.253, "position_y_coordinate": 0.389}}}, "face_rectangle": {"width": 361, "top": 1559, "left": 888, "height": 361}, "face_token": "80d627bd21fe102079a9c5c2e2eaa88c"}]}