{"image_id": "tuWBqG0Qu53oKv3RH1K4QQ==", "request_id": "1551406562,039fc6b7-4ae6-4055-8aff-a28235ec69b5", "time_used": 2614, "faces": [{"attributes": {"emotion": {"sadness": 0.0, "neutral": 0.0, "disgust": 0.0, "anger": 0.0, "surprise": 0.0, "fear": 0.0, "happiness": 99.999}, "beauty": {"female_score": 55.652, "male_score": 53.26}, "gender": {"value": "Female"}, "age": {"value": 19}, "mouthstatus": {"close": 0.0, "surgical_mask_or_respirator": 0.0, "open": 100.0, "other_occlusion": 0.0}, "glass": {"value": "None"}, "skinstatus": {"dark_circle": 3.276, "stain": 12.772, "acne": 44.321, "health": 0.847}, "headpose": {"yaw_angle": -8.029827, "pitch_angle": -2.0674589, "roll_angle": 15.988068}, "blur": {"blurness": {"threshold": 50.0, "value": 0.44}, "motionblur": {"threshold": 50.0, "value": 0.44}, "gaussianblur": {"threshold": 50.0, "value": 0.44}}, "smile": {"threshold": 50.0, "value": 99.999}, "eyestatus": {"left_eye_status": {"normal_glass_eye_open": 0.142, "no_glass_eye_close": 0.002, "occlusion": 0.036, "no_glass_eye_open": 99.807, "normal_glass_eye_close": 0.0, "dark_glasses": 0.013}, "right_eye_status": {"normal_glass_eye_open": 0.083, "no_glass_eye_close": 0.001, "occlusion": 0.327, "no_glass_eye_open": 99.369, "normal_glass_eye_close": 0.001, "dark_glasses": 0.218}}, "facequality": {"threshold": 70.1, "value": 86.423}, "ethnicity": {"value": "WHITE"}, "eyegaze": {"right_eye_gaze": {"position_x_coordinate": 0.453, "vector_z_component": 0.945, "vector_x_component": -0.201, "vector_y_component": 0.26, "position_y_coordinate": 0.468}, "left_eye_gaze": {"position_x_coordinate": 0.457, "vector_z_component": 0.96, "vector_x_component": -0.191, "vector_y_component": 0.205, "position_y_coordinate": 0.467}}}, "face_rectangle": {"width": 824, "top": 722, "left": 845, "height": 824}, "face_token": "84f6bae74d1948da02bf1a88dcb56bbb"}]}