{"image_id": "ihrATC8MKmDwoAsFulJrLg==", "request_id": "1551406639,9953b9e9-8100-4504-b458-5813d3134756", "time_used": 1988, "faces": [{"attributes": {"emotion": {"sadness": 0.0, "neutral": 0.044, "disgust": 0.0, "anger": 0.0, "surprise": 0.0, "fear": 0.0, "happiness": 99.956}, "beauty": {"female_score": 63.074, "male_score": 68.243}, "gender": {"value": "Female"}, "age": {"value": 20}, "mouthstatus": {"close": 99.989, "surgical_mask_or_respirator": 0.0, "open": 0.0, "other_occlusion": 0.011}, "glass": {"value": "Normal"}, "skinstatus": {"dark_circle": 1.047, "stain": 1.804, "acne": 2.938, "health": 23.38}, "headpose": {"yaw_angle": -9.504869, "pitch_angle": 7.6679125, "roll_angle": -19.437742}, "blur": {"blurness": {"threshold": 50.0, "value": 0.354}, "motionblur": {"threshold": 50.0, "value": 0.354}, "gaussianblur": {"threshold": 50.0, "value": 0.354}}, "smile": {"threshold": 50.0, "value": 99.963}, "eyestatus": {"left_eye_status": {"normal_glass_eye_open": 84.857, "no_glass_eye_close": 0.0, "occlusion": 0.01, "no_glass_eye_open": 1.647, "normal_glass_eye_close": 0.006, "dark_glasses": 13.48}, "right_eye_status": {"normal_glass_eye_open": 97.513, "no_glass_eye_close": 0.0, "occlusion": 0.002, "no_glass_eye_open": 1.875, "normal_glass_eye_close": 0.0, "dark_glasses": 0.61}}, "facequality": {"threshold": 70.1, "value": 79.409}, "ethnicity": {"value": "WHITE"}, "eyegaze": {"right_eye_gaze": {"position_x_coordinate": 0.455, "vector_z_component": 0.99, "vector_x_component": -0.12, "vector_y_component": -0.078, "position_y_coordinate": 0.43}, "left_eye_gaze": {"position_x_coordinate": 0.477, "vector_z_component": 0.998, "vector_x_component": -0.063, "vector_y_component": -0.028, "position_y_coordinate": 0.419}}}, "face_rectangle": {"width": 883, "top": 625, "left": 625, "height": 883}, "face_token": "76e9ac1684c6b1216b9f467098d11047"}]}