{"image_id": "WcYNEe1x++Wjtk5lOeKX0A==", "request_id": "1551406471,b4f6c61c-c145-435b-9451-6d90a845f402", "time_used": 1839, "faces": [{"attributes": {"emotion": {"sadness": 11.789, "neutral": 83.648, "disgust": 0.26, "anger": 0.202, "surprise": 1.394, "fear": 2.506, "happiness": 0.202}, "beauty": {"female_score": 79.093, "male_score": 80.651}, "gender": {"value": "Female"}, "age": {"value": 24}, "mouthstatus": {"close": 99.999, "surgical_mask_or_respirator": 0.0, "open": 0.001, "other_occlusion": 0.0}, "glass": {"value": "None"}, "skinstatus": {"dark_circle": 2.86, "stain": 1.833, "acne": 2.39, "health": 78.026}, "headpose": {"yaw_angle": -25.213123, "pitch_angle": 3.1065655, "roll_angle": -5.1807127}, "blur": {"blurness": {"threshold": 50.0, "value": 6.995}, "motionblur": {"threshold": 50.0, "value": 6.995}, "gaussianblur": {"threshold": 50.0, "value": 6.995}}, "smile": {"threshold": 50.0, "value": 15.861}, "eyestatus": {"left_eye_status": {"normal_glass_eye_open": 0.049, "no_glass_eye_close": 0.0, "occlusion": 0.001, "no_glass_eye_open": 99.949, "normal_glass_eye_close": 0.0, "dark_glasses": 0.001}, "right_eye_status": {"normal_glass_eye_open": 0.182, "no_glass_eye_close": 0.0, "occlusion": 0.001, "no_glass_eye_open": 99.816, "normal_glass_eye_close": 0.0, "dark_glasses": 0.0}}, "facequality": {"threshold": 70.1, "value": 1.182}, "ethnicity": {"value": "ASIAN"}, "eyegaze": {"right_eye_gaze": {"position_x_coordinate": 0.39, "vector_z_component": 0.955, "vector_x_component": -0.281, "vector_y_component": -0.098, "position_y_coordinate": 0.374}, "left_eye_gaze": {"position_x_coordinate": 0.424, "vector_z_component": 0.95, "vector_x_component": -0.238, "vector_y_component": -0.2, "position_y_coordinate": 0.386}}}, "face_rectangle": {"width": 773, "top": 307, "left": 398, "height": 773}, "face_token": "5ae47cc1bb774c25c556294b7dfe0dc2"}]}