{"image_id": "7h4QIm52Qy2/Dzw3XWZglw==", "request_id": "1551406856,2afee948-49c4-4d02-ad75-1dc748fce539", "time_used": 2143, "faces": [{"attributes": {"emotion": {"sadness": 0.01, "neutral": 95.261, "disgust": 0.01, "anger": 0.068, "surprise": 1.893, "fear": 0.221, "happiness": 2.537}, "beauty": {"female_score": 81.442, "male_score": 79.49}, "gender": {"value": "Female"}, "age": {"value": 23}, "mouthstatus": {"close": 99.999, "surgical_mask_or_respirator": 0.0, "open": 0.0, "other_occlusion": 0.0}, "glass": {"value": "None"}, "skinstatus": {"dark_circle": 32.785, "stain": 12.187, "acne": 25.314, "health": 20.403}, "headpose": {"yaw_angle": 17.700647, "pitch_angle": 8.554784, "roll_angle": 4.1535745}, "blur": {"blurness": {"threshold": 50.0, "value": 11.649}, "motionblur": {"threshold": 50.0, "value": 11.649}, "gaussianblur": {"threshold": 50.0, "value": 11.649}}, "smile": {"threshold": 50.0, "value": 22.281}, "eyestatus": {"left_eye_status": {"normal_glass_eye_open": 0.002, "no_glass_eye_close": 0.0, "occlusion": 0.003, "no_glass_eye_open": 99.994, "normal_glass_eye_close": 0.0, "dark_glasses": 0.001}, "right_eye_status": {"normal_glass_eye_open": 0.526, "no_glass_eye_close": 0.0, "occlusion": 0.054, "no_glass_eye_open": 95.756, "normal_glass_eye_close": 0.001, "dark_glasses": 3.663}}, "facequality": {"threshold": 70.1, "value": 23.841}, "ethnicity": {"value": "WHITE"}, "eyegaze": {"right_eye_gaze": {"position_x_coordinate": 0.542, "vector_z_component": 0.98, "vector_x_component": 0.197, "vector_y_component": -0.03, "position_y_coordinate": 0.472}, "left_eye_gaze": {"position_x_coordinate": 0.612, "vector_z_component": 0.898, "vector_x_component": 0.414, "vector_y_component": 0.147, "position_y_coordinate": 0.46}}}, "face_rectangle": {"width": 797, "top": 763, "left": 921, "height": 797}, "face_token": "db0e78bcedcf7c41d341ff3b7d8e6563"}]}