{"image_id": "sTDGvojc26rYxMj5RH+abA==", "request_id": "1551406429,29172866-8864-457c-9cbc-71a535633c3c", "time_used": 2020, "faces": [{"attributes": {"emotion": {"sadness": 0.0, "neutral": 100.0, "disgust": 0.0, "anger": 0.0, "surprise": 0.0, "fear": 0.0, "happiness": 0.0}, "beauty": {"female_score": 63.809, "male_score": 62.204}, "gender": {"value": "Male"}, "age": {"value": 22}, "mouthstatus": {"close": 100.0, "surgical_mask_or_respirator": 0.0, "open": 0.0, "other_occlusion": 0.0}, "glass": {"value": "Normal"}, "skinstatus": {"dark_circle": 2.902, "stain": 75.112, "acne": 68.954, "health": 0.142}, "headpose": {"yaw_angle": 4.8366294, "pitch_angle": 2.2842884, "roll_angle": 3.4986606}, "blur": {"blurness": {"threshold": 50.0, "value": 4.469}, "motionblur": {"threshold": 50.0, "value": 4.469}, "gaussianblur": {"threshold": 50.0, "value": 4.469}}, "smile": {"threshold": 50.0, "value": 1.477}, "eyestatus": {"left_eye_status": {"normal_glass_eye_open": 99.995, "no_glass_eye_close": 0.0, "occlusion": 0.0, "no_glass_eye_open": 0.004, "normal_glass_eye_close": 0.001, "dark_glasses": 0.0}, "right_eye_status": {"normal_glass_eye_open": 99.998, "no_glass_eye_close": 0.0, "occlusion": 0.0, "no_glass_eye_open": 0.0, "normal_glass_eye_close": 0.001, "dark_glasses": 0.001}}, "facequality": {"threshold": 70.1, "value": 89.695}, "ethnicity": {"value": "WHITE"}, "eyegaze": {"right_eye_gaze": {"position_x_coordinate": 0.519, "vector_z_component": 0.978, "vector_x_component": 0.144, "vector_y_component": -0.148, "position_y_coordinate": 0.395}, "left_eye_gaze": {"position_x_coordinate": 0.527, "vector_z_component": 0.971, "vector_x_component": -0.116, "vector_y_component": -0.208, "position_y_coordinate": 0.383}}}, "face_rectangle": {"width": 438, "top": 768, "left": 982, "height": 438}, "face_token": "a524cbef4ab1666d24cf9f68197f3fb2"}, {"attributes": {"emotion": {"sadness": 0.041, "neutral": 41.143, "disgust": 32.492, "anger": 26.009, "surprise": 0.052, "fear": 0.041, "happiness": 0.222}, "beauty": {"female_score": 59.802, "male_score": 60.045}, "gender": {"value": "Male"}, "age": {"value": 34}, "mouthstatus": {"close": 0.67, "surgical_mask_or_respirator": 97.29, "open": 1.926, "other_occlusion": 0.114}, "glass": {"value": "Dark"}, "skinstatus": {"dark_circle": 9.151, "stain": 2.503, "acne": 3.205, "health": 8.038}, "headpose": {"yaw_angle": -84.72838, "pitch_angle": -0.2549146, "roll_angle": 26.259504}, "blur": {"blurness": {"threshold": 50.0, "value": 98.844}, "motionblur": {"threshold": 50.0, "value": 98.844}, "gaussianblur": {"threshold": 50.0, "value": 98.844}}, "smile": {"threshold": 50.0, "value": 44.68}, "eyestatus": {"left_eye_status": {"normal_glass_eye_open": 4.934, "no_glass_eye_close": 0.12, "occlusion": 0.488, "no_glass_eye_open": 0.925, "normal_glass_eye_close": 0.273, "dark_glasses": 93.26}, "right_eye_status": {"normal_glass_eye_open": 35.926, "no_glass_eye_close": 0.402, "occlusion": 24.236, "no_glass_eye_open": 14.376, "normal_glass_eye_close": 0.298, "dark_glasses": 24.762}}, "facequality": {"threshold": 70.1, "value": 0.006}, "ethnicity": {"value": "INDIA"}, "eyegaze": {"right_eye_gaze": {"position_x_coordinate": 0.555, "vector_z_component": 0.735, "vector_x_component": -0.199, "vector_y_component": 0.648, "position_y_coordinate": 0.686}, "left_eye_gaze": {"position_x_coordinate": 0.58, "vector_z_component": 0.81, "vector_x_component": 0.046, "vector_y_component": 0.585, "position_y_coordinate": 0.429}}}, "face_rectangle": {"width": 68, "top": 391, "left": 2221, "height": 68}, "face_token": "799256aca5dbb7c1296629e4837e58a1"}]}