{"image_id": "w9+6jCovHJdMjOgM3kuD7g==", "request_id": "1551406487,128512d8-23d5-4310-9fca-7c909c400db6", "time_used": 2043, "faces": [{"attributes": {"emotion": {"sadness": 0.033, "neutral": 2.824, "disgust": 0.001, "anger": 0.001, "surprise": 0.001, "fear": 0.001, "happiness": 97.138}, "beauty": {"female_score": 55.718, "male_score": 51.919}, "gender": {"value": "Male"}, "age": {"value": 38}, "mouthstatus": {"close": 40.961, "surgical_mask_or_respirator": 0.389, "open": 22.168, "other_occlusion": 36.482}, "glass": {"value": "None"}, "skinstatus": {"dark_circle": 4.718, "stain": 2.65, "acne": 0.657, "health": 5.532}, "headpose": {"yaw_angle": -3.0609243, "pitch_angle": -6.0528526, "roll_angle": 7.150234}, "blur": {"blurness": {"threshold": 50.0, "value": 56.412}, "motionblur": {"threshold": 50.0, "value": 56.412}, "gaussianblur": {"threshold": 50.0, "value": 56.412}}, "smile": {"threshold": 50.0, "value": 91.898}, "eyestatus": {"left_eye_status": {"normal_glass_eye_open": 0.103, "no_glass_eye_close": 0.216, "occlusion": 0.004, "no_glass_eye_open": 99.677, "normal_glass_eye_close": 0.0, "dark_glasses": 0.0}, "right_eye_status": {"normal_glass_eye_open": 0.076, "no_glass_eye_close": 0.258, "occlusion": 0.01, "no_glass_eye_open": 99.656, "normal_glass_eye_close": 0.001, "dark_glasses": 0.0}}, "facequality": {"threshold": 70.1, "value": 0.006}, "ethnicity": {"value": "INDIA"}, "eyegaze": {"right_eye_gaze": {"position_x_coordinate": 0.407, "vector_z_component": 0.919, "vector_x_component": -0.343, "vector_y_component": 0.196, "position_y_coordinate": 0.531}, "left_eye_gaze": {"position_x_coordinate": 0.558, "vector_z_component": 0.959, "vector_x_component": 0.177, "vector_y_component": 0.223, "position_y_coordinate": 0.495}}}, "face_rectangle": {"width": 441, "top": 779, "left": 1532, "height": 441}, "face_token": "04a268ebfbf9d311f83f17a4a7f8afca"}, {"attributes": {"emotion": {"sadness": 0.336, "neutral": 99.631, "disgust": 0.003, "anger": 0.002, "surprise": 0.002, "fear": 0.006, "happiness": 0.021}, "beauty": {"female_score": 81.263, "male_score": 79.796}, "gender": {"value": "Male"}, "age": {"value": 20}, "mouthstatus": {"close": 100.0, "surgical_mask_or_respirator": 0.0, "open": 0.0, "other_occlusion": 0.0}, "glass": {"value": "None"}, "skinstatus": {"dark_circle": 10.87, "stain": 6.44, "acne": 56.878, "health": 2.636}, "headpose": {"yaw_angle": -2.368554, "pitch_angle": 9.885847, "roll_angle": 5.372251}, "blur": {"blurness": {"threshold": 50.0, "value": 1.188}, "motionblur": {"threshold": 50.0, "value": 1.188}, "gaussianblur": {"threshold": 50.0, "value": 1.188}}, "smile": {"threshold": 50.0, "value": 0.908}, "eyestatus": {"left_eye_status": {"normal_glass_eye_open": 0.889, "no_glass_eye_close": 0.0, "occlusion": 0.124, "no_glass_eye_open": 98.876, "normal_glass_eye_close": 0.004, "dark_glasses": 0.106}, "right_eye_status": {"normal_glass_eye_open": 0.095, "no_glass_eye_close": 0.0, "occlusion": 0.007, "no_glass_eye_open": 99.893, "normal_glass_eye_close": 0.0, "dark_glasses": 0.005}}, "facequality": {"threshold": 70.1, "value": 90.094}, "ethnicity": {"value": "WHITE"}, "eyegaze": {"right_eye_gaze": {"position_x_coordinate": 0.496, "vector_z_component": 0.963, "vector_x_component": 0.041, "vector_y_component": -0.266, "position_y_coordinate": 0.406}, "left_eye_gaze": {"position_x_coordinate": 0.46, "vector_z_component": 0.936, "vector_x_component": -0.187, "vector_y_component": -0.299, "position_y_coordinate": 0.372}}}, "face_rectangle": {"width": 420, "top": 1193, "left": 648, "height": 420}, "face_token": "913dfb59cbfd4833c3f15cdc54b69f4d"}, {"attributes": {"emotion": {"sadness": 0.206, "neutral": 59.678, "disgust": 2.363, "anger": 2.34, "surprise": 34.199, "fear": 1.007, "happiness": 0.206}, "beauty": {"female_score": 63.021, "male_score": 65.553}, "gender": {"value": "Male"}, "age": {"value": 26}, "mouthstatus": {"close": 98.267, "surgical_mask_or_respirator": 0.181, "open": 0.0, "other_occlusion": 1.553}, "glass": {"value": "Normal"}, "skinstatus": {"dark_circle": 4.379, "stain": 2.422, "acne": 7.938, "health": 4.003}, "headpose": {"yaw_angle": 16.74348, "pitch_angle": 3.9297693, "roll_angle": -16.037}, "blur": {"blurness": {"threshold": 50.0, "value": 99.645}, "motionblur": {"threshold": 50.0, "value": 99.645}, "gaussianblur": {"threshold": 50.0, "value": 99.645}}, "smile": {"threshold": 50.0, "value": 19.628}, "eyestatus": {"left_eye_status": {"normal_glass_eye_open": 30.516, "no_glass_eye_close": 28.645, "occlusion": 0.501, "no_glass_eye_open": 31.082, "normal_glass_eye_close": 1.208, "dark_glasses": 8.048}, "right_eye_status": {"normal_glass_eye_open": 70.628, "no_glass_eye_close": 0.105, "occlusion": 0.083, "no_glass_eye_open": 20.339, "normal_glass_eye_close": 8.071, "dark_glasses": 0.773}}, "facequality": {"threshold": 70.1, "value": 0.006}, "ethnicity": {"value": "INDIA"}, "eyegaze": {"right_eye_gaze": {"position_x_coordinate": 0.62, "vector_z_component": 0.578, "vector_x_component": -0.438, "vector_y_component": 0.688, "position_y_coordinate": 0.524}, "left_eye_gaze": {"position_x_coordinate": 0.353, "vector_z_component": 0.673, "vector_x_component": 0.295, "vector_y_component": 0.678, "position_y_coordinate": 0.584}}}, "face_rectangle": {"width": 68, "top": 2167, "left": 1003, "height": 68}, "face_token": "4983bc62e1ab8a3a7f4ce79f6a7e3f37"}]}