{"image_id": "brHbP/uzVbWZMw6xOlf2xQ==", "request_id": "1551406559,c236a33d-efeb-43ff-8f7e-2181af0ffdaf", "time_used": 836, "faces": [{"attributes": {"emotion": {"sadness": 0.0, "neutral": 0.08, "disgust": 0.0, "anger": 0.0, "surprise": 0.008, "fear": 0.0, "happiness": 99.911}, "beauty": {"female_score": 81.616, "male_score": 78.63}, "gender": {"value": "Female"}, "age": {"value": 20}, "mouthstatus": {"close": 99.959, "surgical_mask_or_respirator": 0.0, "open": 0.002, "other_occlusion": 0.039}, "glass": {"value": "Normal"}, "skinstatus": {"dark_circle": 14.082, "stain": 20.076, "acne": 21.219, "health": 49.048}, "headpose": {"yaw_angle": -9.110558, "pitch_angle": 10.35463, "roll_angle": 9.43802}, "blur": {"blurness": {"threshold": 50.0, "value": 0.497}, "motionblur": {"threshold": 50.0, "value": 0.497}, "gaussianblur": {"threshold": 50.0, "value": 0.497}}, "smile": {"threshold": 50.0, "value": 99.484}, "eyestatus": {"left_eye_status": {"normal_glass_eye_open": 87.909, "no_glass_eye_close": 0.0, "occlusion": 0.504, "no_glass_eye_open": 10.349, "normal_glass_eye_close": 0.002, "dark_glasses": 1.236}, "right_eye_status": {"normal_glass_eye_open": 86.6, "no_glass_eye_close": 0.0, "occlusion": 0.013, "no_glass_eye_open": 12.972, "normal_glass_eye_close": 0.001, "dark_glasses": 0.413}}, "facequality": {"threshold": 70.1, "value": 77.83}, "ethnicity": {"value": "WHITE"}, "eyegaze": {"right_eye_gaze": {"position_x_coordinate": 0.483, "vector_z_component": 0.975, "vector_x_component": -0.212, "vector_y_component": -0.072, "position_y_coordinate": 0.395}, "left_eye_gaze": {"position_x_coordinate": 0.495, "vector_z_component": 0.976, "vector_x_component": 0.096, "vector_y_component": -0.197, "position_y_coordinate": 0.383}}}, "face_rectangle": {"width": 555, "top": 520, "left": 414, "height": 555}, "face_token": "ba22ea23bd2fb47562242b5f31239bd3"}]}