{"image_id": "LIFFEnAGjYIL1V6nh13g1w==", "request_id": "1551406660,6e20f7c0-3157-46af-a2c1-96930f0e132e", "time_used": 2454, "faces": [{"attributes": {"emotion": {"sadness": 0.002, "neutral": 1.215, "disgust": 0.002, "anger": 0.007, "surprise": 0.015, "fear": 0.002, "happiness": 98.756}, "beauty": {"female_score": 63.534, "male_score": 61.838}, "gender": {"value": "Male"}, "age": {"value": 34}, "mouthstatus": {"close": 99.799, "surgical_mask_or_respirator": 0.016, "open": 0.0, "other_occlusion": 0.185}, "glass": {"value": "Normal"}, "skinstatus": {"dark_circle": 8.209, "stain": 53.139, "acne": 59.874, "health": 1.692}, "headpose": {"yaw_angle": 6.3737144, "pitch_angle": 1.7880214, "roll_angle": -3.2782576}, "blur": {"blurness": {"threshold": 50.0, "value": 8.615}, "motionblur": {"threshold": 50.0, "value": 8.615}, "gaussianblur": {"threshold": 50.0, "value": 8.615}}, "smile": {"threshold": 50.0, "value": 99.992}, "eyestatus": {"left_eye_status": {"normal_glass_eye_open": 85.35, "no_glass_eye_close": 0.019, "occlusion": 0.238, "no_glass_eye_open": 2.941, "normal_glass_eye_close": 9.933, "dark_glasses": 1.52}, "right_eye_status": {"normal_glass_eye_open": 99.99, "no_glass_eye_close": 0.0, "occlusion": 0.0, "no_glass_eye_open": 0.001, "normal_glass_eye_close": 0.007, "dark_glasses": 0.002}}, "facequality": {"threshold": 70.1, "value": 85.559}, "ethnicity": {"value": "INDIA"}, "eyegaze": {"right_eye_gaze": {"position_x_coordinate": 0.468, "vector_z_component": 0.992, "vector_x_component": -0.106, "vector_y_component": 0.062, "position_y_coordinate": 0.446}, "left_eye_gaze": {"position_x_coordinate": 0.534, "vector_z_component": 0.959, "vector_x_component": 0.122, "vector_y_component": 0.254, "position_y_coordinate": 0.445}}}, "face_rectangle": {"width": 741, "top": 593, "left": 821, "height": 741}, "face_token": "f8487605a93e0a584fd0c30132b3c27f"}, {"attributes": {"emotion": {"sadness": 0.384, "neutral": 55.999, "disgust": 2.062, "anger": 2.52, "surprise": 0.722, "fear": 38.043, "happiness": 0.27}, "beauty": {"female_score": 70.78, "male_score": 71.278}, "gender": {"value": "Male"}, "age": {"value": 33}, "mouthstatus": {"close": 0.831, "surgical_mask_or_respirator": 58.62, "open": 0.159, "other_occlusion": 40.39}, "glass": {"value": "None"}, "skinstatus": {"dark_circle": 16.786, "stain": 8.001, "acne": 5.995, "health": 1.275}, "headpose": {"yaw_angle": -38.011932, "pitch_angle": 17.10477, "roll_angle": 34.401886}, "blur": {"blurness": {"threshold": 50.0, "value": 68.301}, "motionblur": {"threshold": 50.0, "value": 68.301}, "gaussianblur": {"threshold": 50.0, "value": 68.301}}, "smile": {"threshold": 50.0, "value": 0.383}, "eyestatus": {"left_eye_status": {"normal_glass_eye_open": 4.797, "no_glass_eye_close": 4.759, "occlusion": 82.119, "no_glass_eye_open": 1.181, "normal_glass_eye_close": 1.804, "dark_glasses": 5.34}, "right_eye_status": {"normal_glass_eye_open": 4.229, "no_glass_eye_close": 7.851, "occlusion": 56.004, "no_glass_eye_open": 11.037, "normal_glass_eye_close": 2.981, "dark_glasses": 17.898}}, "facequality": {"threshold": 70.1, "value": 0.006}, "ethnicity": {"value": "INDIA"}, "eyegaze": {"right_eye_gaze": {"position_x_coordinate": 0.553, "vector_z_component": 0.972, "vector_x_component": -0.005, "vector_y_component": 0.235, "position_y_coordinate": 0.568}, "left_eye_gaze": {"position_x_coordinate": 0.429, "vector_z_component": 0.747, "vector_x_component": 0.335, "vector_y_component": 0.574, "position_y_coordinate": 0.568}}}, "face_rectangle": {"width": 100, "top": 605, "left": 2159, "height": 100}, "face_token": "0ebce2b80902c1e25b2573d90984d777"}]}