{"image_id": "2xKzCgBjm6DadvjioBgM/g==", "request_id": "1551406687,727c7caa-724d-4ca8-b97d-55ada38a349e", "time_used": 2951, "faces": [{"attributes": {"emotion": {"sadness": 0.0, "neutral": 99.997, "disgust": 0.0, "anger": 0.0, "surprise": 0.001, "fear": 0.0, "happiness": 0.002}, "beauty": {"female_score": 83.611, "male_score": 78.147}, "gender": {"value": "Male"}, "age": {"value": 33}, "mouthstatus": {"close": 100.0, "surgical_mask_or_respirator": 0.0, "open": 0.0, "other_occlusion": 0.0}, "glass": {"value": "None"}, "skinstatus": {"dark_circle": 3.207, "stain": 14.889, "acne": 77.051, "health": 2.162}, "headpose": {"yaw_angle": 5.476051, "pitch_angle": 5.7213416, "roll_angle": -4.0185356}, "blur": {"blurness": {"threshold": 50.0, "value": 5.135}, "motionblur": {"threshold": 50.0, "value": 5.135}, "gaussianblur": {"threshold": 50.0, "value": 5.135}}, "smile": {"threshold": 50.0, "value": 0.025}, "eyestatus": {"left_eye_status": {"normal_glass_eye_open": 0.0, "no_glass_eye_close": 0.0, "occlusion": 0.0, "no_glass_eye_open": 100.0, "normal_glass_eye_close": 0.0, "dark_glasses": 0.0}, "right_eye_status": {"normal_glass_eye_open": 0.396, "no_glass_eye_close": 0.0, "occlusion": 0.0, "no_glass_eye_open": 99.604, "normal_glass_eye_close": 0.0, "dark_glasses": 0.0}}, "facequality": {"threshold": 70.1, "value": 87.106}, "ethnicity": {"value": "WHITE"}, "eyegaze": {"right_eye_gaze": {"position_x_coordinate": 0.503, "vector_z_component": 0.937, "vector_x_component": 0.064, "vector_y_component": -0.344, "position_y_coordinate": 0.406}, "left_eye_gaze": {"position_x_coordinate": 0.493, "vector_z_component": 0.968, "vector_x_component": 0.037, "vector_y_component": -0.247, "position_y_coordinate": 0.381}}}, "face_rectangle": {"width": 399, "top": 957, "left": 1242, "height": 399}, "face_token": "8c78e9f29742243c16fa3a554f79474c"}]}