{"image_id": "pXwSExZORAT9N0mKC1EqZw==", "request_id": "1551406629,c25334f5-4bae-4edc-9188-ed2200fa5305", "time_used": 620, "faces": [{"attributes": {"emotion": {"sadness": 10.816, "neutral": 1.632, "disgust": 0.082, "anger": 0.082, "surprise": 0.082, "fear": 51.659, "happiness": 35.646}, "beauty": {"female_score": 70.014, "male_score": 70.584}, "gender": {"value": "Male"}, "age": {"value": 39}, "mouthstatus": {"close": 8.203, "surgical_mask_or_respirator": 0.0, "open": 0.041, "other_occlusion": 91.756}, "glass": {"value": "None"}, "skinstatus": {"dark_circle": 12.06, "stain": 82.047, "acne": 89.797, "health": 1.557}, "headpose": {"yaw_angle": 33.929558, "pitch_angle": -7.275576, "roll_angle": 11.5124}, "blur": {"blurness": {"threshold": 50.0, "value": 3.577}, "motionblur": {"threshold": 50.0, "value": 3.577}, "gaussianblur": {"threshold": 50.0, "value": 3.577}}, "smile": {"threshold": 50.0, "value": 1.503}, "eyestatus": {"left_eye_status": {"normal_glass_eye_open": 0.77, "no_glass_eye_close": 0.0, "occlusion": 0.551, "no_glass_eye_open": 98.64, "normal_glass_eye_close": 0.0, "dark_glasses": 0.038}, "right_eye_status": {"normal_glass_eye_open": 0.051, "no_glass_eye_close": 0.0, "occlusion": 0.008, "no_glass_eye_open": 99.926, "normal_glass_eye_close": 0.0, "dark_glasses": 0.015}}, "facequality": {"threshold": 70.1, "value": 0.006}, "ethnicity": {"value": "INDIA"}, "eyegaze": {"right_eye_gaze": {"position_x_coordinate": 0.582, "vector_z_component": 0.898, "vector_x_component": 0.431, "vector_y_component": 0.092, "position_y_coordinate": 0.463}, "left_eye_gaze": {"position_x_coordinate": 0.644, "vector_z_component": 0.797, "vector_x_component": 0.591, "vector_y_component": 0.126, "position_y_coordinate": 0.457}}}, "face_rectangle": {"width": 224, "top": 348, "left": 303, "height": 224}, "face_token": "397b5efc965d358f1b656aef2a6211d2"}]}