{"image_id": "7I4KkeTVJifuvXt0tkeTqA==", "request_id": "1551402742,a3f1dad3-271c-4a2a-9a36-7b769f52ee89", "time_used": 1557, "faces": [{"attributes": {"emotion": {"sadness": 0.024, "neutral": 32.316, "disgust": 0.024, "anger": 0.024, "surprise": 34.251, "fear": 0.024, "happiness": 33.337}, "beauty": {"female_score": 57.353, "male_score": 61.43}, "gender": {"value": "Female"}, "age": {"value": 27}, "mouthstatus": {"close": 100.0, "surgical_mask_or_respirator": 0.0, "open": 0.0, "other_occlusion": 0.0}, "glass": {"value": "None"}, "skinstatus": {"dark_circle": 9.682, "stain": 70.147, "acne": 49.097, "health": 0.749}, "headpose": {"yaw_angle": -3.608641, "pitch_angle": 9.861789, "roll_angle": 3.647222}, "blur": {"blurness": {"threshold": 50.0, "value": 8.353}, "motionblur": {"threshold": 50.0, "value": 8.353}, "gaussianblur": {"threshold": 50.0, "value": 8.353}}, "smile": {"threshold": 50.0, "value": 11.341}, "eyestatus": {"left_eye_status": {"normal_glass_eye_open": 0.045, "no_glass_eye_close": 0.0, "occlusion": 0.035, "no_glass_eye_open": 99.881, "normal_glass_eye_close": 0.0, "dark_glasses": 0.039}, "right_eye_status": {"normal_glass_eye_open": 0.002, "no_glass_eye_close": 0.0, "occlusion": 0.239, "no_glass_eye_open": 99.747, "normal_glass_eye_close": 0.0, "dark_glasses": 0.012}}, "facequality": {"threshold": 70.1, "value": 85.398}, "ethnicity": {"value": "WHITE"}, "eyegaze": {"right_eye_gaze": {"position_x_coordinate": 0.451, "vector_z_component": 0.974, "vector_x_component": -0.197, "vector_y_component": 0.109, "position_y_coordinate": 0.457}, "left_eye_gaze": {"position_x_coordinate": 0.468, "vector_z_component": 0.993, "vector_x_component": -0.058, "vector_y_component": -0.107, "position_y_coordinate": 0.403}}}, "face_rectangle": {"width": 805, "top": 1015, "left": 796, "height": 805}, "face_token": "81b7e5e81b71acf66b44bffe2a955202"}]}