{"image_id": "G6L8bvO01V6hKhjL9j2J0Q==", "request_id": "1551406770,94017175-2987-416c-b717-c3a13dcfb7d0", "time_used": 3094, "faces": [{"attributes": {"emotion": {"sadness": 0.004, "neutral": 98.909, "disgust": 0.004, "anger": 0.039, "surprise": 0.845, "fear": 0.021, "happiness": 0.178}, "beauty": {"female_score": 53.544, "male_score": 55.614}, "gender": {"value": "Female"}, "age": {"value": 21}, "mouthstatus": {"close": 99.999, "surgical_mask_or_respirator": 0.0, "open": 0.001, "other_occlusion": 0.0}, "glass": {"value": "None"}, "skinstatus": {"dark_circle": 2.25, "stain": 7.096, "acne": 3.335, "health": 7.287}, "headpose": {"yaw_angle": 2.3330798, "pitch_angle": -0.49629518, "roll_angle": 14.053672}, "blur": {"blurness": {"threshold": 50.0, "value": 0.369}, "motionblur": {"threshold": 50.0, "value": 0.369}, "gaussianblur": {"threshold": 50.0, "value": 0.369}}, "smile": {"threshold": 50.0, "value": 0.039}, "eyestatus": {"left_eye_status": {"normal_glass_eye_open": 0.254, "no_glass_eye_close": 0.0, "occlusion": 0.653, "no_glass_eye_open": 98.701, "normal_glass_eye_close": 0.0, "dark_glasses": 0.392}, "right_eye_status": {"normal_glass_eye_open": 0.147, "no_glass_eye_close": 0.0, "occlusion": 0.137, "no_glass_eye_open": 99.601, "normal_glass_eye_close": 0.002, "dark_glasses": 0.113}}, "facequality": {"threshold": 70.1, "value": 93.664}, "ethnicity": {"value": "WHITE"}, "eyegaze": {"right_eye_gaze": {"position_x_coordinate": 0.56, "vector_z_component": 0.99, "vector_x_component": 0.139, "vector_y_component": 0.002, "position_y_coordinate": 0.428}, "left_eye_gaze": {"position_x_coordinate": 0.554, "vector_z_component": 0.973, "vector_x_component": 0.23, "vector_y_component": 0.024, "position_y_coordinate": 0.429}}}, "face_rectangle": {"width": 585, "top": 1094, "left": 1202, "height": 585}, "face_token": "121e45dd94de34252c58a5048d67c6e2"}]}