{"image_id": "TkSIkJ2l9ctR5UJPWKDS1w==", "request_id": "1551402632,7f518eb0-d0be-46c6-86c9-a9894d7c2602", "time_used": 2596, "faces": [{"attributes": {"emotion": {"sadness": 4.735, "neutral": 20.05, "disgust": 0.023, "anger": 0.01, "surprise": 0.016, "fear": 0.01, "happiness": 75.156}, "beauty": {"female_score": 83.396, "male_score": 83.624}, "gender": {"value": "Female"}, "age": {"value": 18}, "mouthstatus": {"close": 99.972, "surgical_mask_or_respirator": 0.0, "open": 0.002, "other_occlusion": 0.025}, "glass": {"value": "None"}, "skinstatus": {"dark_circle": 1.639, "stain": 8.245, "acne": 50.573, "health": 24.76}, "headpose": {"yaw_angle": -11.821071, "pitch_angle": 8.547794, "roll_angle": 5.508761}, "blur": {"blurness": {"threshold": 50.0, "value": 0.946}, "motionblur": {"threshold": 50.0, "value": 0.946}, "gaussianblur": {"threshold": 50.0, "value": 0.946}}, "smile": {"threshold": 50.0, "value": 20.281}, "eyestatus": {"left_eye_status": {"normal_glass_eye_open": 0.338, "no_glass_eye_close": 0.0, "occlusion": 0.129, "no_glass_eye_open": 92.746, "normal_glass_eye_close": 0.0, "dark_glasses": 6.787}, "right_eye_status": {"normal_glass_eye_open": 0.003, "no_glass_eye_close": 0.0, "occlusion": 0.004, "no_glass_eye_open": 99.942, "normal_glass_eye_close": 0.0, "dark_glasses": 0.05}}, "facequality": {"threshold": 70.1, "value": 69.136}, "ethnicity": {"value": "WHITE"}, "eyegaze": {"right_eye_gaze": {"position_x_coordinate": 0.452, "vector_z_component": 0.985, "vector_x_component": -0.076, "vector_y_component": -0.153, "position_y_coordinate": 0.385}, "left_eye_gaze": {"position_x_coordinate": 0.466, "vector_z_component": 0.938, "vector_x_component": -0.236, "vector_y_component": -0.255, "position_y_coordinate": 0.385}}}, "face_rectangle": {"width": 497, "top": 1214, "left": 1744, "height": 497}, "face_token": "516ef938767d2dc52c09134dc781b8b9"}, {"attributes": {"emotion": {"sadness": 0.254, "neutral": 16.619, "disgust": 0.005, "anger": 0.005, "surprise": 0.005, "fear": 0.005, "happiness": 83.108}, "beauty": {"female_score": 71.829, "male_score": 70.042}, "gender": {"value": "Male"}, "age": {"value": 21}, "mouthstatus": {"close": 92.815, "surgical_mask_or_respirator": 0.0, "open": 0.0, "other_occlusion": 7.185}, "glass": {"value": "None"}, "skinstatus": {"dark_circle": 2.394, "stain": 1.544, "acne": 1.858, "health": 23.028}, "headpose": {"yaw_angle": -3.5608737, "pitch_angle": 9.127112, "roll_angle": 1.4685612}, "blur": {"blurness": {"threshold": 50.0, "value": 0.365}, "motionblur": {"threshold": 50.0, "value": 0.365}, "gaussianblur": {"threshold": 50.0, "value": 0.365}}, "smile": {"threshold": 50.0, "value": 82.923}, "eyestatus": {"left_eye_status": {"normal_glass_eye_open": 0.001, "no_glass_eye_close": 0.0, "occlusion": 0.002, "no_glass_eye_open": 99.996, "normal_glass_eye_close": 0.0, "dark_glasses": 0.001}, "right_eye_status": {"normal_glass_eye_open": 0.0, "no_glass_eye_close": 0.0, "occlusion": 0.0, "no_glass_eye_open": 99.999, "normal_glass_eye_close": 0.0, "dark_glasses": 0.0}}, "facequality": {"threshold": 70.1, "value": 89.672}, "ethnicity": {"value": "WHITE"}, "eyegaze": {"right_eye_gaze": {"position_x_coordinate": 0.518, "vector_z_component": 0.952, "vector_x_component": 0.095, "vector_y_component": 0.29, "position_y_coordinate": 0.493}, "left_eye_gaze": {"position_x_coordinate": 0.552, "vector_z_component": 0.961, "vector_x_component": 0.186, "vector_y_component": 0.204, "position_y_coordinate": 0.471}}}, "face_rectangle": {"width": 448, "top": 1237, "left": 551, "height": 448}, "face_token": "a291f6805804f40baea3a399ae68cf04"}]}