{"image_id": "JJZa+c0bWuXEULY4V0pOLg==", "request_id": "1551406453,be6deefb-0a04-4929-ad32-440b9585a5dc", "time_used": 2379, "faces": [{"attributes": {"emotion": {"sadness": 13.572, "neutral": 84.723, "disgust": 0.039, "anger": 0.047, "surprise": 1.352, "fear": 0.039, "happiness": 0.227}, "beauty": {"female_score": 72.372, "male_score": 67.819}, "gender": {"value": "Female"}, "age": {"value": 24}, "mouthstatus": {"close": 100.0, "surgical_mask_or_respirator": 0.0, "open": 0.0, "other_occlusion": 0.0}, "glass": {"value": "None"}, "skinstatus": {"dark_circle": 3.08, "stain": 17.556, "acne": 8.421, "health": 7.181}, "headpose": {"yaw_angle": -0.352039, "pitch_angle": -0.64482707, "roll_angle": 2.2486684}, "blur": {"blurness": {"threshold": 50.0, "value": 0.361}, "motionblur": {"threshold": 50.0, "value": 0.361}, "gaussianblur": {"threshold": 50.0, "value": 0.361}}, "smile": {"threshold": 50.0, "value": 0.078}, "eyestatus": {"left_eye_status": {"normal_glass_eye_open": 0.003, "no_glass_eye_close": 0.0, "occlusion": 0.0, "no_glass_eye_open": 99.997, "normal_glass_eye_close": 0.0, "dark_glasses": 0.0}, "right_eye_status": {"normal_glass_eye_open": 0.0, "no_glass_eye_close": 0.0, "occlusion": 0.0, "no_glass_eye_open": 100.0, "normal_glass_eye_close": 0.0, "dark_glasses": 0.0}}, "facequality": {"threshold": 70.1, "value": 94.689}, "ethnicity": {"value": "WHITE"}, "eyegaze": {"right_eye_gaze": {"position_x_coordinate": 0.485, "vector_z_component": 0.999, "vector_x_component": -0.008, "vector_y_component": -0.037, "position_y_coordinate": 0.426}, "left_eye_gaze": {"position_x_coordinate": 0.485, "vector_z_component": 0.988, "vector_x_component": -0.052, "vector_y_component": -0.147, "position_y_coordinate": 0.397}}}, "face_rectangle": {"width": 769, "top": 777, "left": 909, "height": 769}, "face_token": "d12d44ceb62c20e09c1a6ab09c6fe5e4"}]}