{"image_id": "gM/rzdWbaAvcB/KXWVLT4w==", "request_id": "1551406478,850ed1d8-a02d-4dc7-bc34-68278a3a32c5", "time_used": 2146, "faces": [{"attributes": {"emotion": {"sadness": 0.004, "neutral": 99.987, "disgust": 0.0, "anger": 0.0, "surprise": 0.009, "fear": 0.0, "happiness": 0.0}, "beauty": {"female_score": 40.937, "male_score": 40.171}, "gender": {"value": "Male"}, "age": {"value": 22}, "mouthstatus": {"close": 99.989, "surgical_mask_or_respirator": 0.0, "open": 0.0, "other_occlusion": 0.011}, "glass": {"value": "None"}, "skinstatus": {"dark_circle": 13.448, "stain": 96.947, "acne": 29.061, "health": 0.66}, "headpose": {"yaw_angle": 9.81947, "pitch_angle": 4.1167874, "roll_angle": -4.762907}, "blur": {"blurness": {"threshold": 50.0, "value": 0.09}, "motionblur": {"threshold": 50.0, "value": 0.09}, "gaussianblur": {"threshold": 50.0, "value": 0.09}}, "smile": {"threshold": 50.0, "value": 0.001}, "eyestatus": {"left_eye_status": {"normal_glass_eye_open": 0.184, "no_glass_eye_close": 0.0, "occlusion": 0.024, "no_glass_eye_open": 99.782, "normal_glass_eye_close": 0.0, "dark_glasses": 0.009}, "right_eye_status": {"normal_glass_eye_open": 0.007, "no_glass_eye_close": 0.0, "occlusion": 0.0, "no_glass_eye_open": 99.993, "normal_glass_eye_close": 0.0, "dark_glasses": 0.0}}, "facequality": {"threshold": 70.1, "value": 81.176}, "ethnicity": {"value": "BLACK"}, "eyegaze": {"right_eye_gaze": {"position_x_coordinate": 0.514, "vector_z_component": 0.945, "vector_x_component": 0.094, "vector_y_component": -0.314, "position_y_coordinate": 0.406}, "left_eye_gaze": {"position_x_coordinate": 0.475, "vector_z_component": 0.991, "vector_x_component": -0.019, "vector_y_component": -0.13, "position_y_coordinate": 0.429}}}, "face_rectangle": {"width": 828, "top": 1588, "left": 659, "height": 828}, "face_token": "71aead6955f60b8024e2575d54dd8c8a"}]}