{"image_id": "OAoS3ZA+X/smtvcQW4J+tw==", "request_id": "1551406481,1cb5b5ef-cf51-4e3f-bd00-43184abed571", "time_used": 530, "faces": [{"attributes": {"emotion": {"sadness": 0.008, "neutral": 12.404, "disgust": 0.006, "anger": 0.009, "surprise": 15.025, "fear": 0.006, "happiness": 72.543}, "beauty": {"female_score": 55.957, "male_score": 53.048}, "gender": {"value": "Male"}, "age": {"value": 31}, "mouthstatus": {"close": 99.998, "surgical_mask_or_respirator": 0.0, "open": 0.0, "other_occlusion": 0.002}, "glass": {"value": "None"}, "skinstatus": {"dark_circle": 4.355, "stain": 2.513, "acne": 0.252, "health": 74.171}, "headpose": {"yaw_angle": -11.819101, "pitch_angle": -15.604202, "roll_angle": 25.5405}, "blur": {"blurness": {"threshold": 50.0, "value": 0.362}, "motionblur": {"threshold": 50.0, "value": 0.362}, "gaussianblur": {"threshold": 50.0, "value": 0.362}}, "smile": {"threshold": 50.0, "value": 0.205}, "eyestatus": {"left_eye_status": {"normal_glass_eye_open": 0.201, "no_glass_eye_close": 0.0, "occlusion": 0.009, "no_glass_eye_open": 99.786, "normal_glass_eye_close": 0.0, "dark_glasses": 0.004}, "right_eye_status": {"normal_glass_eye_open": 0.005, "no_glass_eye_close": 0.0, "occlusion": 0.001, "no_glass_eye_open": 99.993, "normal_glass_eye_close": 0.0, "dark_glasses": 0.0}}, "facequality": {"threshold": 70.1, "value": 57.367}, "ethnicity": {"value": "BLACK"}, "eyegaze": {"right_eye_gaze": {"position_x_coordinate": 0.479, "vector_z_component": 0.951, "vector_x_component": -0.06, "vector_y_component": 0.302, "position_y_coordinate": 0.456}, "left_eye_gaze": {"position_x_coordinate": 0.448, "vector_z_component": 0.962, "vector_x_component": -0.08, "vector_y_component": 0.26, "position_y_coordinate": 0.438}}}, "face_rectangle": {"width": 166, "top": 80, "left": 113, "height": 166}, "face_token": "67197637caa5b9eefad177ef50ded8ab"}]}