{"image_id": "ZXJ1dlI9VxlJ1vL5Yrqh4g==", "request_id": "1551406642,b541ceff-9e54-466f-ad80-ec06bec466fb", "time_used": 1511, "faces": [{"attributes": {"emotion": {"sadness": 0.093, "neutral": 99.905, "disgust": 0.0, "anger": 0.0, "surprise": 0.0, "fear": 0.0, "happiness": 0.002}, "beauty": {"female_score": 48.188, "male_score": 50.027}, "gender": {"value": "Male"}, "age": {"value": 37}, "mouthstatus": {"close": 99.983, "surgical_mask_or_respirator": 0.0, "open": 0.0, "other_occlusion": 0.017}, "glass": {"value": "None"}, "skinstatus": {"dark_circle": 7.41, "stain": 3.782, "acne": 0.271, "health": 1.027}, "headpose": {"yaw_angle": 18.113594, "pitch_angle": -6.4683127, "roll_angle": -1.6245524}, "blur": {"blurness": {"threshold": 50.0, "value": 0.409}, "motionblur": {"threshold": 50.0, "value": 0.409}, "gaussianblur": {"threshold": 50.0, "value": 0.409}}, "smile": {"threshold": 50.0, "value": 4.791}, "eyestatus": {"left_eye_status": {"normal_glass_eye_open": 0.0, "no_glass_eye_close": 7.128, "occlusion": 3.132, "no_glass_eye_open": 89.654, "normal_glass_eye_close": 0.0, "dark_glasses": 0.085}, "right_eye_status": {"normal_glass_eye_open": 0.025, "no_glass_eye_close": 2.472, "occlusion": 0.031, "no_glass_eye_open": 97.424, "normal_glass_eye_close": 0.004, "dark_glasses": 0.044}}, "facequality": {"threshold": 70.1, "value": 30.122}, "ethnicity": {"value": "WHITE"}, "eyegaze": {"right_eye_gaze": {"position_x_coordinate": 0.511, "vector_z_component": 0.962, "vector_x_component": 0.123, "vector_y_component": 0.243, "position_y_coordinate": 0.469}, "left_eye_gaze": {"position_x_coordinate": 0.497, "vector_z_component": 0.963, "vector_x_component": 0.163, "vector_y_component": 0.216, "position_y_coordinate": 0.509}}}, "face_rectangle": {"width": 746, "top": 1078, "left": 952, "height": 746}, "face_token": "faf23bb30a7cafa5037247463c539977"}]}