{"image_id": "+ZRlzf5s6Gi+buAHj3YzWw==", "request_id": "1551406474,fd16d3a9-e9da-443a-b123-694cb6ada28a", "time_used": 1470, "faces": [{"attributes": {"emotion": {"sadness": 0.033, "neutral": 69.3, "disgust": 0.033, "anger": 0.363, "surprise": 0.494, "fear": 0.048, "happiness": 29.729}, "beauty": {"female_score": 64.355, "male_score": 61.686}, "gender": {"value": "Female"}, "age": {"value": 29}, "mouthstatus": {"close": 99.903, "surgical_mask_or_respirator": 0.0, "open": 0.097, "other_occlusion": 0.0}, "glass": {"value": "None"}, "skinstatus": {"dark_circle": 18.195, "stain": 27.246, "acne": 47.586, "health": 2.832}, "headpose": {"yaw_angle": 15.22613, "pitch_angle": 7.1145453, "roll_angle": -0.37970284}, "blur": {"blurness": {"threshold": 50.0, "value": 0.28}, "motionblur": {"threshold": 50.0, "value": 0.28}, "gaussianblur": {"threshold": 50.0, "value": 0.28}}, "smile": {"threshold": 50.0, "value": 41.854}, "eyestatus": {"left_eye_status": {"normal_glass_eye_open": 0.0, "no_glass_eye_close": 0.0, "occlusion": 0.0, "no_glass_eye_open": 99.999, "normal_glass_eye_close": 0.0, "dark_glasses": 0.0}, "right_eye_status": {"normal_glass_eye_open": 0.008, "no_glass_eye_close": 0.0, "occlusion": 0.0, "no_glass_eye_open": 99.992, "normal_glass_eye_close": 0.0, "dark_glasses": 0.0}}, "facequality": {"threshold": 70.1, "value": 51.165}, "ethnicity": {"value": "ASIAN"}, "eyegaze": {"right_eye_gaze": {"position_x_coordinate": 0.523, "vector_z_component": 0.992, "vector_x_component": 0.123, "vector_y_component": -0.006, "position_y_coordinate": 0.448}, "left_eye_gaze": {"position_x_coordinate": 0.578, "vector_z_component": 0.955, "vector_x_component": 0.291, "vector_y_component": -0.053, "position_y_coordinate": 0.449}}}, "face_rectangle": {"width": 864, "top": 385, "left": 1834, "height": 864}, "face_token": "c81b7c965387273eecfd1b3dabc97018"}]}