{"image_id": "HXf/+J57V7qInlmPhu4zSw==", "request_id": "1551406655,41d78cf8-8470-498b-a9d6-bf8e7ba76bb1", "time_used": 1356, "faces": [{"attributes": {"emotion": {"sadness": 20.252, "neutral": 25.907, "disgust": 0.162, "anger": 0.06, "surprise": 4.117, "fear": 0.06, "happiness": 49.442}, "beauty": {"female_score": 71.783, "male_score": 76.181}, "gender": {"value": "Female"}, "age": {"value": 21}, "mouthstatus": {"close": 67.31, "surgical_mask_or_respirator": 25.978, "open": 0.243, "other_occlusion": 6.469}, "glass": {"value": "Normal"}, "skinstatus": {"dark_circle": 5.046, "stain": 26.874, "acne": 8.646, "health": 4.986}, "headpose": {"yaw_angle": 1.7421353, "pitch_angle": 6.9098744, "roll_angle": 4.5860667}, "blur": {"blurness": {"threshold": 50.0, "value": 0.325}, "motionblur": {"threshold": 50.0, "value": 0.325}, "gaussianblur": {"threshold": 50.0, "value": 0.325}}, "smile": {"threshold": 50.0, "value": 75.232}, "eyestatus": {"left_eye_status": {"normal_glass_eye_open": 75.289, "no_glass_eye_close": 0.0, "occlusion": 0.01, "no_glass_eye_open": 0.2, "normal_glass_eye_close": 0.0, "dark_glasses": 24.501}, "right_eye_status": {"normal_glass_eye_open": 99.698, "no_glass_eye_close": 0.0, "occlusion": 0.001, "no_glass_eye_open": 0.268, "normal_glass_eye_close": 0.0, "dark_glasses": 0.033}}, "facequality": {"threshold": 70.1, "value": 92.356}, "ethnicity": {"value": "WHITE"}, "eyegaze": {"right_eye_gaze": {"position_x_coordinate": 0.483, "vector_z_component": 0.983, "vector_x_component": 0.178, "vector_y_component": 0.041, "position_y_coordinate": 0.416}, "left_eye_gaze": {"position_x_coordinate": 0.52, "vector_z_component": 0.999, "vector_x_component": -0.044, "vector_y_component": -0.007, "position_y_coordinate": 0.426}}}, "face_rectangle": {"width": 677, "top": 670, "left": 676, "height": 677}, "face_token": "a33a23f3a2861fd91aa4b6ddb4935820"}]}