{"image_id": "WyT4+vyO2a28RN6DFcZlXw==", "request_id": "1551406775,8b319283-a815-49fe-a16e-14f92341a1d5", "time_used": 763, "faces": [{"attributes": {"emotion": {"sadness": 1.525, "neutral": 83.176, "disgust": 0.136, "anger": 1.119, "surprise": 3.71, "fear": 0.136, "happiness": 10.197}, "beauty": {"female_score": 64.959, "male_score": 66.889}, "gender": {"value": "Female"}, "age": {"value": 19}, "mouthstatus": {"close": 100.0, "surgical_mask_or_respirator": 0.0, "open": 0.0, "other_occlusion": 0.0}, "glass": {"value": "None"}, "skinstatus": {"dark_circle": 11.023, "stain": 1.072, "acne": 5.401, "health": 5.889}, "headpose": {"yaw_angle": 16.967924, "pitch_angle": 1.3495377, "roll_angle": 26.04819}, "blur": {"blurness": {"threshold": 50.0, "value": 0.259}, "motionblur": {"threshold": 50.0, "value": 0.259}, "gaussianblur": {"threshold": 50.0, "value": 0.259}}, "smile": {"threshold": 50.0, "value": 48.838}, "eyestatus": {"left_eye_status": {"normal_glass_eye_open": 0.003, "no_glass_eye_close": 0.0, "occlusion": 1.727, "no_glass_eye_open": 98.122, "normal_glass_eye_close": 0.0, "dark_glasses": 0.148}, "right_eye_status": {"normal_glass_eye_open": 0.868, "no_glass_eye_close": 0.0, "occlusion": 0.097, "no_glass_eye_open": 98.997, "normal_glass_eye_close": 0.001, "dark_glasses": 0.038}}, "facequality": {"threshold": 70.1, "value": 42.831}, "ethnicity": {"value": "WHITE"}, "eyegaze": {"right_eye_gaze": {"position_x_coordinate": 0.507, "vector_z_component": 0.973, "vector_x_component": 0.231, "vector_y_component": 0.009, "position_y_coordinate": 0.446}, "left_eye_gaze": {"position_x_coordinate": 0.572, "vector_z_component": 0.75, "vector_x_component": 0.55, "vector_y_component": 0.367, "position_y_coordinate": 0.499}}}, "face_rectangle": {"width": 280, "top": 644, "left": 796, "height": 280}, "face_token": "c5c572f7a35111c472e6ed14c37667a3"}]}