{"image_id": "06qPfXpc82DPEm7kU1E5pg==", "request_id": "1551402784,bd6de723-97c5-4d9c-bbff-fc7d05066bcd", "time_used": 3353, "faces": [{"attributes": {"emotion": {"sadness": 0.046, "neutral": 0.135, "disgust": 0.026, "anger": 0.002, "surprise": 0.047, "fear": 0.002, "happiness": 99.742}, "beauty": {"female_score": 56.875, "male_score": 53.173}, "gender": {"value": "Male"}, "age": {"value": 30}, "mouthstatus": {"close": 100.0, "surgical_mask_or_respirator": 0.0, "open": 0.0, "other_occlusion": 0.0}, "glass": {"value": "None"}, "skinstatus": {"dark_circle": 3.848, "stain": 13.28, "acne": 0.567, "health": 1.405}, "headpose": {"yaw_angle": -2.8352566, "pitch_angle": 1.5339674, "roll_angle": 35.144234}, "blur": {"blurness": {"threshold": 50.0, "value": 1.281}, "motionblur": {"threshold": 50.0, "value": 1.281}, "gaussianblur": {"threshold": 50.0, "value": 1.281}}, "smile": {"threshold": 50.0, "value": 99.779}, "eyestatus": {"left_eye_status": {"normal_glass_eye_open": 0.855, "no_glass_eye_close": 0.015, "occlusion": 2.106, "no_glass_eye_open": 94.09, "normal_glass_eye_close": 0.001, "dark_glasses": 2.933}, "right_eye_status": {"normal_glass_eye_open": 0.642, "no_glass_eye_close": 0.194, "occlusion": 0.294, "no_glass_eye_open": 98.838, "normal_glass_eye_close": 0.024, "dark_glasses": 0.008}}, "facequality": {"threshold": 70.1, "value": 92.882}, "ethnicity": {"value": "INDIA"}, "eyegaze": {"right_eye_gaze": {"position_x_coordinate": 0.513, "vector_z_component": 0.95, "vector_x_component": -0.049, "vector_y_component": 0.309, "position_y_coordinate": 0.463}, "left_eye_gaze": {"position_x_coordinate": 0.449, "vector_z_component": 0.969, "vector_x_component": 0.136, "vector_y_component": 0.207, "position_y_coordinate": 0.444}}}, "face_rectangle": {"width": 537, "top": 1271, "left": 1149, "height": 537}, "face_token": "5789e919be5ffcef950fe0c1cdc26680"}]}