{"image_id": "inAxDNVAOGgsSTi1mnKEDw==", "request_id": "1551406767,0977bb30-02e8-4c15-9e5c-64cd1a8deee7", "time_used": 536, "faces": [{"attributes": {"emotion": {"sadness": 0.586, "neutral": 0.081, "disgust": 0.165, "anger": 43.863, "surprise": 3.216, "fear": 50.558, "happiness": 1.53}, "beauty": {"female_score": 79.552, "male_score": 71.509}, "gender": {"value": "Female"}, "age": {"value": 18}, "mouthstatus": {"close": 0.0, "surgical_mask_or_respirator": 0.0, "open": 100.0, "other_occlusion": 0.0}, "glass": {"value": "Normal"}, "skinstatus": {"dark_circle": 6.328, "stain": 27.336, "acne": 5.965, "health": 15.088}, "headpose": {"yaw_angle": -7.020554, "pitch_angle": 5.2458115, "roll_angle": 7.816591}, "blur": {"blurness": {"threshold": 50.0, "value": 0.382}, "motionblur": {"threshold": 50.0, "value": 0.382}, "gaussianblur": {"threshold": 50.0, "value": 0.382}}, "smile": {"threshold": 50.0, "value": 99.587}, "eyestatus": {"left_eye_status": {"normal_glass_eye_open": 87.285, "no_glass_eye_close": 0.0, "occlusion": 0.004, "no_glass_eye_open": 3.153, "normal_glass_eye_close": 0.0, "dark_glasses": 9.558}, "right_eye_status": {"normal_glass_eye_open": 66.191, "no_glass_eye_close": 0.0, "occlusion": 0.056, "no_glass_eye_open": 2.99, "normal_glass_eye_close": 0.004, "dark_glasses": 30.76}}, "facequality": {"threshold": 70.1, "value": 86.971}, "ethnicity": {"value": "WHITE"}, "eyegaze": {"right_eye_gaze": {"position_x_coordinate": 0.646, "vector_z_component": 0.703, "vector_x_component": 0.669, "vector_y_component": 0.241, "position_y_coordinate": 0.406}, "left_eye_gaze": {"position_x_coordinate": 0.382, "vector_z_component": 0.994, "vector_x_component": -0.055, "vector_y_component": -0.097, "position_y_coordinate": 0.392}}}, "face_rectangle": {"width": 419, "top": 206, "left": 480, "height": 419}, "face_token": "924b0ebe73a7071f1ccba4f10a8ba750"}]}