{"image_id": "xblXOazlTuAG4p8nCvSAFQ==", "request_id": "1551406448,d99c60ef-f7d9-4516-8043-cc85c17b99ae", "time_used": 1970, "faces": [{"attributes": {"emotion": {"sadness": 1.108, "neutral": 0.028, "disgust": 0.067, "anger": 0.028, "surprise": 1.46, "fear": 0.028, "happiness": 97.281}, "beauty": {"female_score": 80.398, "male_score": 78.245}, "gender": {"value": "Female"}, "age": {"value": 19}, "mouthstatus": {"close": 0.0, "surgical_mask_or_respirator": 0.0, "open": 100.0, "other_occlusion": 0.0}, "glass": {"value": "None"}, "skinstatus": {"dark_circle": 3.353, "stain": 7.107, "acne": 2.18, "health": 36.047}, "headpose": {"yaw_angle": 15.900318, "pitch_angle": 11.428343, "roll_angle": 5.751505}, "blur": {"blurness": {"threshold": 50.0, "value": 0.223}, "motionblur": {"threshold": 50.0, "value": 0.223}, "gaussianblur": {"threshold": 50.0, "value": 0.223}}, "smile": {"threshold": 50.0, "value": 100.0}, "eyestatus": {"left_eye_status": {"normal_glass_eye_open": 0.0, "no_glass_eye_close": 0.0, "occlusion": 0.0, "no_glass_eye_open": 100.0, "normal_glass_eye_close": 0.0, "dark_glasses": 0.0}, "right_eye_status": {"normal_glass_eye_open": 0.005, "no_glass_eye_close": 0.0, "occlusion": 0.0, "no_glass_eye_open": 99.994, "normal_glass_eye_close": 0.0, "dark_glasses": 0.001}}, "facequality": {"threshold": 70.1, "value": 40.717}, "ethnicity": {"value": "WHITE"}, "eyegaze": {"right_eye_gaze": {"position_x_coordinate": 0.522, "vector_z_component": 0.987, "vector_x_component": 0.039, "vector_y_component": 0.154, "position_y_coordinate": 0.473}, "left_eye_gaze": {"position_x_coordinate": 0.505, "vector_z_component": 0.971, "vector_x_component": 0.184, "vector_y_component": 0.152, "position_y_coordinate": 0.465}}}, "face_rectangle": {"width": 1395, "top": 227, "left": -34, "height": 1395}, "face_token": "faadcdbd8bf46347a2c19d2e771a8dad"}]}