{"image_id": "S/NHUlfAuCzZUjv9v3/SYA==", "request_id": "1551406635,8471e80d-bfc3-4153-b5db-ebddb5e13f98", "time_used": 652, "faces": [{"attributes": {"emotion": {"sadness": 0.049, "neutral": 1.011, "disgust": 0.019, "anger": 0.019, "surprise": 0.069, "fear": 0.057, "happiness": 98.776}, "beauty": {"female_score": 61.452, "male_score": 63.19}, "gender": {"value": "Female"}, "age": {"value": 21}, "mouthstatus": {"close": 99.974, "surgical_mask_or_respirator": 0.0, "open": 0.018, "other_occlusion": 0.007}, "glass": {"value": "None"}, "skinstatus": {"dark_circle": 4.714, "stain": 30.746, "acne": 77.038, "health": 1.785}, "headpose": {"yaw_angle": 16.00039, "pitch_angle": 8.149844, "roll_angle": -8.043329}, "blur": {"blurness": {"threshold": 50.0, "value": 0.232}, "motionblur": {"threshold": 50.0, "value": 0.232}, "gaussianblur": {"threshold": 50.0, "value": 0.232}}, "smile": {"threshold": 50.0, "value": 86.166}, "eyestatus": {"left_eye_status": {"normal_glass_eye_open": 0.002, "no_glass_eye_close": 0.0, "occlusion": 0.0, "no_glass_eye_open": 99.998, "normal_glass_eye_close": 0.0, "dark_glasses": 0.0}, "right_eye_status": {"normal_glass_eye_open": 0.011, "no_glass_eye_close": 0.0, "occlusion": 0.008, "no_glass_eye_open": 99.594, "normal_glass_eye_close": 0.0, "dark_glasses": 0.387}}, "facequality": {"threshold": 70.1, "value": 44.406}, "ethnicity": {"value": "WHITE"}, "eyegaze": {"right_eye_gaze": {"position_x_coordinate": 0.518, "vector_z_component": 0.994, "vector_x_component": 0.11, "vector_y_component": -0.025, "position_y_coordinate": 0.434}, "left_eye_gaze": {"position_x_coordinate": 0.497, "vector_z_component": 0.999, "vector_x_component": 0.025, "vector_y_component": -0.032, "position_y_coordinate": 0.385}}}, "face_rectangle": {"width": 380, "top": 226, "left": 228, "height": 380}, "face_token": "50042c432fd6652221d6eaf7a372b22f"}]}