{"image_id": "rT0HB1KlyW0qIZrNAVic0w==", "request_id": "1551406542,cb8da490-19f2-4375-9bf9-f7b0de4b57a6", "time_used": 1269, "faces": [{"attributes": {"emotion": {"sadness": 0.02, "neutral": 99.079, "disgust": 0.777, "anger": 0.01, "surprise": 0.009, "fear": 0.065, "happiness": 0.041}, "beauty": {"female_score": 80.413, "male_score": 69.756}, "gender": {"value": "Male"}, "age": {"value": 24}, "mouthstatus": {"close": 99.991, "surgical_mask_or_respirator": 0.0, "open": 0.009, "other_occlusion": 0.0}, "glass": {"value": "None"}, "skinstatus": {"dark_circle": 4.651, "stain": 15.309, "acne": 4.097, "health": 56.168}, "headpose": {"yaw_angle": 2.8760202, "pitch_angle": 1.0852522, "roll_angle": 0.321008}, "blur": {"blurness": {"threshold": 50.0, "value": 0.966}, "motionblur": {"threshold": 50.0, "value": 0.966}, "gaussianblur": {"threshold": 50.0, "value": 0.966}}, "smile": {"threshold": 50.0, "value": 0.025}, "eyestatus": {"left_eye_status": {"normal_glass_eye_open": 0.006, "no_glass_eye_close": 0.0, "occlusion": 0.003, "no_glass_eye_open": 99.991, "normal_glass_eye_close": 0.0, "dark_glasses": 0.0}, "right_eye_status": {"normal_glass_eye_open": 0.002, "no_glass_eye_close": 0.005, "occlusion": 0.151, "no_glass_eye_open": 99.841, "normal_glass_eye_close": 0.001, "dark_glasses": 0.001}}, "facequality": {"threshold": 70.1, "value": 93.032}, "ethnicity": {"value": "WHITE"}, "eyegaze": {"right_eye_gaze": {"position_x_coordinate": 0.478, "vector_z_component": 0.994, "vector_x_component": 0.102, "vector_y_component": 0.049, "position_y_coordinate": 0.457}, "left_eye_gaze": {"position_x_coordinate": 0.496, "vector_z_component": 0.982, "vector_x_component": -0.009, "vector_y_component": 0.191, "position_y_coordinate": 0.467}}}, "face_rectangle": {"width": 666, "top": 706, "left": 998, "height": 666}, "face_token": "12e82936ea13d723159c93abf945d453"}]}