{"image_id": "2LMvfWha6KA68g0ctiqW2w==", "request_id": "1551406778,5fa8e88c-1fcb-4a1f-b5aa-bbb082c2344f", "time_used": 1577, "faces": [{"attributes": {"emotion": {"sadness": 0.009, "neutral": 99.846, "disgust": 0.013, "anger": 0.002, "surprise": 0.008, "fear": 0.006, "happiness": 0.115}, "beauty": {"female_score": 57.646, "male_score": 50.731}, "gender": {"value": "Male"}, "age": {"value": 20}, "mouthstatus": {"close": 99.997, "surgical_mask_or_respirator": 0.0, "open": 0.0, "other_occlusion": 0.003}, "glass": {"value": "Normal"}, "skinstatus": {"dark_circle": 2.399, "stain": 21.121, "acne": 0.196, "health": 3.602}, "headpose": {"yaw_angle": -19.321945, "pitch_angle": -7.282475, "roll_angle": -5.0674257}, "blur": {"blurness": {"threshold": 50.0, "value": 0.298}, "motionblur": {"threshold": 50.0, "value": 0.298}, "gaussianblur": {"threshold": 50.0, "value": 0.298}}, "smile": {"threshold": 50.0, "value": 0.032}, "eyestatus": {"left_eye_status": {"normal_glass_eye_open": 99.83, "no_glass_eye_close": 0.0, "occlusion": 0.004, "no_glass_eye_open": 0.122, "normal_glass_eye_close": 0.017, "dark_glasses": 0.026}, "right_eye_status": {"normal_glass_eye_open": 96.928, "no_glass_eye_close": 0.0, "occlusion": 0.381, "no_glass_eye_open": 0.053, "normal_glass_eye_close": 0.002, "dark_glasses": 2.635}}, "facequality": {"threshold": 70.1, "value": 21.18}, "ethnicity": {"value": "ASIAN"}, "eyegaze": {"right_eye_gaze": {"position_x_coordinate": 0.44, "vector_z_component": 0.969, "vector_x_component": -0.009, "vector_y_component": 0.249, "position_y_coordinate": 0.345}, "left_eye_gaze": {"position_x_coordinate": 0.465, "vector_z_component": 0.949, "vector_x_component": -0.183, "vector_y_component": 0.257, "position_y_coordinate": 0.456}}}, "face_rectangle": {"width": 536, "top": 397, "left": 612, "height": 536}, "face_token": "d8838d012754a395969436de4e15f3d4"}]}