{"image_id": "udnjj8huUeJOcXOQ2fdCsA==", "request_id": "1551406591,0807d496-f02f-4108-9c3a-2ea81c530d88", "time_used": 3053, "faces": [{"attributes": {"emotion": {"sadness": 0.227, "neutral": 2.079, "disgust": 0.001, "anger": 0.001, "surprise": 0.001, "fear": 0.001, "happiness": 97.692}, "beauty": {"female_score": 80.093, "male_score": 72.505}, "gender": {"value": "Male"}, "age": {"value": 20}, "mouthstatus": {"close": 99.999, "surgical_mask_or_respirator": 0.0, "open": 0.0, "other_occlusion": 0.001}, "glass": {"value": "None"}, "skinstatus": {"dark_circle": 1.627, "stain": 2.376, "acne": 1.559, "health": 47.957}, "headpose": {"yaw_angle": -3.5250955, "pitch_angle": 5.9135423, "roll_angle": -1.8467245}, "blur": {"blurness": {"threshold": 50.0, "value": 6.113}, "motionblur": {"threshold": 50.0, "value": 6.113}, "gaussianblur": {"threshold": 50.0, "value": 6.113}}, "smile": {"threshold": 50.0, "value": 93.97}, "eyestatus": {"left_eye_status": {"normal_glass_eye_open": 0.019, "no_glass_eye_close": 0.0, "occlusion": 0.029, "no_glass_eye_open": 99.916, "normal_glass_eye_close": 0.002, "dark_glasses": 0.033}, "right_eye_status": {"normal_glass_eye_open": 0.057, "no_glass_eye_close": 0.0, "occlusion": 0.003, "no_glass_eye_open": 99.938, "normal_glass_eye_close": 0.0, "dark_glasses": 0.002}}, "facequality": {"threshold": 70.1, "value": 89.136}, "ethnicity": {"value": "WHITE"}, "eyegaze": {"right_eye_gaze": {"position_x_coordinate": 0.428, "vector_z_component": 0.951, "vector_x_component": -0.217, "vector_y_component": 0.221, "position_y_coordinate": 0.434}, "left_eye_gaze": {"position_x_coordinate": 0.463, "vector_z_component": 0.997, "vector_x_component": -0.058, "vector_y_component": 0.058, "position_y_coordinate": 0.422}}}, "face_rectangle": {"width": 358, "top": 312, "left": 1489, "height": 358}, "face_token": "28a484dc39a23e8507aa6147b2e7954f"}]}