{"image_id": "OIBkz7omE/nOCzRBWV7CwA==", "request_id": "1551407020,08f9ae7c-2d8a-4786-9f0d-dcdabf2964c4", "time_used": 799, "faces": [{"attributes": {"emotion": {"sadness": 0.048, "neutral": 0.0, "disgust": 0.001, "anger": 0.0, "surprise": 0.0, "fear": 0.0, "happiness": 99.949}, "beauty": {"female_score": 52.688, "male_score": 50.422}, "gender": {"value": "Female"}, "age": {"value": 32}, "mouthstatus": {"close": 97.918, "surgical_mask_or_respirator": 0.0, "open": 2.082, "other_occlusion": 0.0}, "glass": {"value": "None"}, "skinstatus": {"dark_circle": 50.071, "stain": 24.106, "acne": 13.343, "health": 1.23}, "headpose": {"yaw_angle": 4.2281003, "pitch_angle": 5.858364, "roll_angle": 4.7935257}, "blur": {"blurness": {"threshold": 50.0, "value": 1.349}, "motionblur": {"threshold": 50.0, "value": 1.349}, "gaussianblur": {"threshold": 50.0, "value": 1.349}}, "smile": {"threshold": 50.0, "value": 100.0}, "eyestatus": {"left_eye_status": {"normal_glass_eye_open": 0.0, "no_glass_eye_close": 0.0, "occlusion": 0.0, "no_glass_eye_open": 99.999, "normal_glass_eye_close": 0.0, "dark_glasses": 0.0}, "right_eye_status": {"normal_glass_eye_open": 0.01, "no_glass_eye_close": 0.026, "occlusion": 0.042, "no_glass_eye_open": 99.894, "normal_glass_eye_close": 0.002, "dark_glasses": 0.025}}, "facequality": {"threshold": 70.1, "value": 90.261}, "ethnicity": {"value": "WHITE"}, "eyegaze": {"right_eye_gaze": {"position_x_coordinate": 0.32, "vector_z_component": 0.694, "vector_x_component": -0.584, "vector_y_component": -0.422, "position_y_coordinate": 0.225}, "left_eye_gaze": {"position_x_coordinate": 0.693, "vector_z_component": 0.657, "vector_x_component": 0.752, "vector_y_component": -0.054, "position_y_coordinate": 0.341}}}, "face_rectangle": {"width": 410, "top": 239, "left": 672, "height": 410}, "face_token": "f02aaee8c8052984d3dd281f7cadbc80"}]}