{"image_id": "/cNbNfo1Q/fywzMi0gv28Q==", "request_id": "1551406587,b643886f-2d21-466a-82b6-a0f8248ffffa", "time_used": 2688, "faces": [{"attributes": {"emotion": {"sadness": 0.0, "neutral": 0.0, "disgust": 0.002, "anger": 0.0, "surprise": 0.0, "fear": 0.0, "happiness": 99.998}, "beauty": {"female_score": 55.65, "male_score": 56.871}, "gender": {"value": "Male"}, "age": {"value": 27}, "mouthstatus": {"close": 0.0, "surgical_mask_or_respirator": 0.0, "open": 100.0, "other_occlusion": 0.0}, "glass": {"value": "None"}, "skinstatus": {"dark_circle": 4.326, "stain": 0.686, "acne": 2.934, "health": 7.36}, "headpose": {"yaw_angle": 4.3086047, "pitch_angle": 4.4228888, "roll_angle": 3.3142266}, "blur": {"blurness": {"threshold": 50.0, "value": 2.805}, "motionblur": {"threshold": 50.0, "value": 2.805}, "gaussianblur": {"threshold": 50.0, "value": 2.805}}, "smile": {"threshold": 50.0, "value": 100.0}, "eyestatus": {"left_eye_status": {"normal_glass_eye_open": 0.0, "no_glass_eye_close": 0.087, "occlusion": 0.0, "no_glass_eye_open": 99.913, "normal_glass_eye_close": 0.0, "dark_glasses": 0.0}, "right_eye_status": {"normal_glass_eye_open": 0.0, "no_glass_eye_close": 0.001, "occlusion": 0.0, "no_glass_eye_open": 99.999, "normal_glass_eye_close": 0.0, "dark_glasses": 0.0}}, "facequality": {"threshold": 70.1, "value": 90.216}, "ethnicity": {"value": "WHITE"}, "eyegaze": {"right_eye_gaze": {"position_x_coordinate": 0.465, "vector_z_component": 0.948, "vector_x_component": -0.235, "vector_y_component": 0.216, "position_y_coordinate": 0.519}, "left_eye_gaze": {"position_x_coordinate": 0.56, "vector_z_component": 0.895, "vector_x_component": 0.311, "vector_y_component": 0.321, "position_y_coordinate": 0.51}}}, "face_rectangle": {"width": 972, "top": 951, "left": 1117, "height": 972}, "face_token": "41dbecc62f5665085fb90ebe8237e7f9"}]}