{"image_id": "VnsoVaQnAsqbOfwgi/WDpQ==", "request_id": "1551406451,5e54ece0-2290-4a82-8c4e-07769be2b0c3", "time_used": 1414, "faces": [{"attributes": {"emotion": {"sadness": 3.313, "neutral": 81.061, "disgust": 0.006, "anger": 0.093, "surprise": 0.119, "fear": 15.387, "happiness": 0.021}, "beauty": {"female_score": 54.034, "male_score": 51.115}, "gender": {"value": "Male"}, "age": {"value": 52}, "mouthstatus": {"close": 0.041, "surgical_mask_or_respirator": 92.71, "open": 0.0, "other_occlusion": 7.249}, "glass": {"value": "None"}, "skinstatus": {"dark_circle": 3.643, "stain": 83.785, "acne": 16.868, "health": 8.078}, "headpose": {"yaw_angle": 3.8439302, "pitch_angle": 1.5689994, "roll_angle": -2.0898683}, "blur": {"blurness": {"threshold": 50.0, "value": 0.306}, "motionblur": {"threshold": 50.0, "value": 0.306}, "gaussianblur": {"threshold": 50.0, "value": 0.306}}, "smile": {"threshold": 50.0, "value": 0.232}, "eyestatus": {"left_eye_status": {"normal_glass_eye_open": 0.124, "no_glass_eye_close": 0.0, "occlusion": 0.028, "no_glass_eye_open": 99.515, "normal_glass_eye_close": 0.0, "dark_glasses": 0.334}, "right_eye_status": {"normal_glass_eye_open": 0.159, "no_glass_eye_close": 0.0, "occlusion": 0.216, "no_glass_eye_open": 99.378, "normal_glass_eye_close": 0.0, "dark_glasses": 0.248}}, "facequality": {"threshold": 70.1, "value": 92.34}, "ethnicity": {"value": "WHITE"}, "eyegaze": {"right_eye_gaze": {"position_x_coordinate": 0.504, "vector_z_component": 0.997, "vector_x_component": 0.069, "vector_y_component": 0.033, "position_y_coordinate": 0.439}, "left_eye_gaze": {"position_x_coordinate": 0.489, "vector_z_component": 0.98, "vector_x_component": 0.067, "vector_y_component": 0.185, "position_y_coordinate": 0.473}}}, "face_rectangle": {"width": 459, "top": 380, "left": 709, "height": 459}, "face_token": "d420bdebc9de5b477959e11541e440cd"}]}