{"image_id": "Rb0oyGMD0RVQ8aQKlF1mtA==", "request_id": "1551406813,726d520e-0160-4e7b-8335-7f3e71d7776d", "time_used": 2629, "faces": [{"attributes": {"emotion": {"sadness": 0.001, "neutral": 0.059, "disgust": 0.001, "anger": 0.001, "surprise": 0.034, "fear": 0.001, "happiness": 99.905}, "beauty": {"female_score": 84.664, "male_score": 81.043}, "gender": {"value": "Male"}, "age": {"value": 22}, "mouthstatus": {"close": 99.999, "surgical_mask_or_respirator": 0.0, "open": 0.0, "other_occlusion": 0.001}, "glass": {"value": "None"}, "skinstatus": {"dark_circle": 5.388, "stain": 6.808, "acne": 1.939, "health": 5.471}, "headpose": {"yaw_angle": 15.780646, "pitch_angle": 12.051226, "roll_angle": 1.0972089}, "blur": {"blurness": {"threshold": 50.0, "value": 0.36}, "motionblur": {"threshold": 50.0, "value": 0.36}, "gaussianblur": {"threshold": 50.0, "value": 0.36}}, "smile": {"threshold": 50.0, "value": 99.536}, "eyestatus": {"left_eye_status": {"normal_glass_eye_open": 0.099, "no_glass_eye_close": 0.0, "occlusion": 0.0, "no_glass_eye_open": 99.901, "normal_glass_eye_close": 0.0, "dark_glasses": 0.0}, "right_eye_status": {"normal_glass_eye_open": 0.116, "no_glass_eye_close": 0.0, "occlusion": 0.0, "no_glass_eye_open": 99.884, "normal_glass_eye_close": 0.0, "dark_glasses": 0.0}}, "facequality": {"threshold": 70.1, "value": 40.47}, "ethnicity": {"value": "WHITE"}, "eyegaze": {"right_eye_gaze": {"position_x_coordinate": 0.527, "vector_z_component": 0.931, "vector_x_component": 0.16, "vector_y_component": -0.327, "position_y_coordinate": 0.414}, "left_eye_gaze": {"position_x_coordinate": 0.527, "vector_z_component": 0.985, "vector_x_component": 0.129, "vector_y_component": -0.116, "position_y_coordinate": 0.466}}}, "face_rectangle": {"width": 657, "top": 777, "left": 3226, "height": 657}, "face_token": "c20fec7627a521d38503773fa1efe911"}, {"attributes": {"emotion": {"sadness": 0.109, "neutral": 0.027, "disgust": 0.004, "anger": 0.004, "surprise": 0.017, "fear": 0.004, "happiness": 99.836}, "beauty": {"female_score": 60.001, "male_score": 54.638}, "gender": {"value": "Male"}, "age": {"value": 28}, "mouthstatus": {"close": 64.351, "surgical_mask_or_respirator": 0.0, "open": 0.025, "other_occlusion": 35.624}, "glass": {"value": "None"}, "skinstatus": {"dark_circle": 3.65, "stain": 5.45, "acne": 1.035, "health": 3.376}, "headpose": {"yaw_angle": 2.0109468, "pitch_angle": 6.875474, "roll_angle": -4.220527}, "blur": {"blurness": {"threshold": 50.0, "value": 0.308}, "motionblur": {"threshold": 50.0, "value": 0.308}, "gaussianblur": {"threshold": 50.0, "value": 0.308}}, "smile": {"threshold": 50.0, "value": 99.999}, "eyestatus": {"left_eye_status": {"normal_glass_eye_open": 0.058, "no_glass_eye_close": 0.0, "occlusion": 0.016, "no_glass_eye_open": 99.92, "normal_glass_eye_close": 0.0, "dark_glasses": 0.006}, "right_eye_status": {"normal_glass_eye_open": 0.064, "no_glass_eye_close": 0.0, "occlusion": 0.0, "no_glass_eye_open": 99.936, "normal_glass_eye_close": 0.0, "dark_glasses": 0.0}}, "facequality": {"threshold": 70.1, "value": 92.182}, "ethnicity": {"value": "WHITE"}, "eyegaze": {"right_eye_gaze": {"position_x_coordinate": 0.505, "vector_z_component": 0.988, "vector_x_component": 0.087, "vector_y_component": 0.126, "position_y_coordinate": 0.475}, "left_eye_gaze": {"position_x_coordinate": 0.519, "vector_z_component": 0.985, "vector_x_component": 0.139, "vector_y_component": 0.106, "position_y_coordinate": 0.459}}}, "face_rectangle": {"width": 473, "top": 1091, "left": 1925, "height": 473}, "face_token": "d7f45bfbc140449165a5214b655f0196"}, {"attributes": {"emotion": {"sadness": 0.004, "neutral": 0.444, "disgust": 99.319, "anger": 0.001, "surprise": 0.001, "fear": 0.001, "happiness": 0.23}, "beauty": {"female_score": 69.128, "male_score": 64.41}, "gender": {"value": "Male"}, "age": {"value": 21}, "mouthstatus": {"close": 99.921, "surgical_mask_or_respirator": 0.0, "open": 0.0, "other_occlusion": 0.079}, "glass": {"value": "None"}, "skinstatus": {"dark_circle": 1.288, "stain": 1.576, "acne": 0.22, "health": 51.326}, "headpose": {"yaw_angle": -3.7141023, "pitch_angle": -2.471339, "roll_angle": 5.302558}, "blur": {"blurness": {"threshold": 50.0, "value": 0.358}, "motionblur": {"threshold": 50.0, "value": 0.358}, "gaussianblur": {"threshold": 50.0, "value": 0.358}}, "smile": {"threshold": 50.0, "value": 31.345}, "eyestatus": {"left_eye_status": {"normal_glass_eye_open": 0.009, "no_glass_eye_close": 2.757, "occlusion": 0.026, "no_glass_eye_open": 97.207, "normal_glass_eye_close": 0.0, "dark_glasses": 0.001}, "right_eye_status": {"normal_glass_eye_open": 0.003, "no_glass_eye_close": 0.001, "occlusion": 0.029, "no_glass_eye_open": 99.964, "normal_glass_eye_close": 0.0, "dark_glasses": 0.002}}, "facequality": {"threshold": 70.1, "value": 92.221}, "ethnicity": {"value": "INDIA"}, "eyegaze": {"right_eye_gaze": {"position_x_coordinate": 0.476, "vector_z_component": 0.954, "vector_x_component": 0.07, "vector_y_component": 0.292, "position_y_coordinate": 0.483}, "left_eye_gaze": {"position_x_coordinate": 0.508, "vector_z_component": 0.968, "vector_x_component": -0.05, "vector_y_component": 0.245, "position_y_coordinate": 0.468}}}, "face_rectangle": {"width": 393, "top": 757, "left": 329, "height": 393}, "face_token": "22cacbde26b672ca80f035b0ed19a984"}, {"attributes": {"emotion": {"sadness": 0.0, "neutral": 0.0, "disgust": 0.0, "anger": 0.0, "surprise": 0.0, "fear": 0.0, "happiness": 99.999}, "beauty": {"female_score": 89.116, "male_score": 85.567}, "gender": {"value": "Male"}, "age": {"value": 19}, "mouthstatus": {"close": 0.0, "surgical_mask_or_respirator": 0.0, "open": 100.0, "other_occlusion": 0.0}, "glass": {"value": "None"}, "skinstatus": {"dark_circle": 9.933, "stain": 32.62, "acne": 17.687, "health": 1.044}, "headpose": {"yaw_angle": 4.8123937, "pitch_angle": 7.1518683, "roll_angle": -0.64682996}, "blur": {"blurness": {"threshold": 50.0, "value": 0.157}, "motionblur": {"threshold": 50.0, "value": 0.157}, "gaussianblur": {"threshold": 50.0, "value": 0.157}}, "smile": {"threshold": 50.0, "value": 100.0}, "eyestatus": {"left_eye_status": {"normal_glass_eye_open": 0.019, "no_glass_eye_close": 0.0, "occlusion": 0.0, "no_glass_eye_open": 99.981, "normal_glass_eye_close": 0.0, "dark_glasses": 0.0}, "right_eye_status": {"normal_glass_eye_open": 0.05, "no_glass_eye_close": 0.0, "occlusion": 0.001, "no_glass_eye_open": 99.948, "normal_glass_eye_close": 0.0, "dark_glasses": 0.001}}, "facequality": {"threshold": 70.1, "value": 89.403}, "ethnicity": {"value": "BLACK"}, "eyegaze": {"right_eye_gaze": {"position_x_coordinate": 0.518, "vector_z_component": 0.994, "vector_x_component": 0.097, "vector_y_component": 0.042, "position_y_coordinate": 0.435}, "left_eye_gaze": {"position_x_coordinate": 0.482, "vector_z_component": 0.997, "vector_x_component": 0.02, "vector_y_component": -0.072, "position_y_coordinate": 0.441}}}, "face_rectangle": {"width": 382, "top": 1093, "left": 1043, "height": 382}, "face_token": "0060d3e0917b104f96831f33ccb14eea"}]}