{"image_id": "3tnoSLfIcdAgknHUjYFNQQ==", "request_id": "1551406405,c161b30f-b24a-4924-913c-8bbbc079eec7", "time_used": 2317, "faces": [{"attributes": {"emotion": {"sadness": 0.002, "neutral": 93.38, "disgust": 2.317, "anger": 0.002, "surprise": 4.251, "fear": 0.002, "happiness": 0.045}, "beauty": {"female_score": 76.172, "male_score": 74.893}, "gender": {"value": "Male"}, "age": {"value": 20}, "mouthstatus": {"close": 100.0, "surgical_mask_or_respirator": 0.0, "open": 0.0, "other_occlusion": 0.0}, "glass": {"value": "Dark"}, "skinstatus": {"dark_circle": 4.738, "stain": 2.129, "acne": 0.508, "health": 25.254}, "headpose": {"yaw_angle": 17.743006, "pitch_angle": 5.0466986, "roll_angle": -31.151163}, "blur": {"blurness": {"threshold": 50.0, "value": 0.049}, "motionblur": {"threshold": 50.0, "value": 0.049}, "gaussianblur": {"threshold": 50.0, "value": 0.049}}, "smile": {"threshold": 50.0, "value": 1.151}, "eyestatus": {"left_eye_status": {"normal_glass_eye_open": 2.41, "no_glass_eye_close": 0.0, "occlusion": 0.465, "no_glass_eye_open": 0.005, "normal_glass_eye_close": 0.0, "dark_glasses": 97.121}, "right_eye_status": {"normal_glass_eye_open": 77.096, "no_glass_eye_close": 0.001, "occlusion": 0.473, "no_glass_eye_open": 0.099, "normal_glass_eye_close": 0.276, "dark_glasses": 22.056}}, "facequality": {"threshold": 70.1, "value": 34.291}, "ethnicity": {"value": "WHITE"}, "eyegaze": {"right_eye_gaze": {"position_x_coordinate": 0.582, "vector_z_component": 0.945, "vector_x_component": 0.181, "vector_y_component": 0.274, "position_y_coordinate": 0.503}, "left_eye_gaze": {"position_x_coordinate": 0.539, "vector_z_component": 0.982, "vector_x_component": -0.014, "vector_y_component": 0.189, "position_y_coordinate": 0.436}}}, "face_rectangle": {"width": 634, "top": 1172, "left": 667, "height": 634}, "face_token": "92189e737a8e8b9ffd3c5f15d4645566"}]}