{"image_id": "Iqr9OgZhVBDbYG6r1NtF9Q==", "request_id": "1551406446,7fd8d744-dfc0-4ced-8b5e-499867756039", "time_used": 1783, "faces": [{"attributes": {"emotion": {"sadness": 20.401, "neutral": 56.983, "disgust": 0.046, "anger": 2.551, "surprise": 0.049, "fear": 19.923, "happiness": 0.046}, "beauty": {"female_score": 42.078, "male_score": 41.949}, "gender": {"value": "Male"}, "age": {"value": 29}, "mouthstatus": {"close": 99.982, "surgical_mask_or_respirator": 0.0, "open": 0.0, "other_occlusion": 0.018}, "glass": {"value": "None"}, "skinstatus": {"dark_circle": 99.57, "stain": 0.722, "acne": 0.959, "health": 1.846}, "headpose": {"yaw_angle": -3.6341617, "pitch_angle": -7.795671, "roll_angle": 13.600544}, "blur": {"blurness": {"threshold": 50.0, "value": 0.887}, "motionblur": {"threshold": 50.0, "value": 0.887}, "gaussianblur": {"threshold": 50.0, "value": 0.887}}, "smile": {"threshold": 50.0, "value": 0.144}, "eyestatus": {"left_eye_status": {"normal_glass_eye_open": 0.016, "no_glass_eye_close": 0.0, "occlusion": 0.014, "no_glass_eye_open": 99.968, "normal_glass_eye_close": 0.0, "dark_glasses": 0.002}, "right_eye_status": {"normal_glass_eye_open": 0.0, "no_glass_eye_close": 0.0, "occlusion": 0.003, "no_glass_eye_open": 99.997, "normal_glass_eye_close": 0.0, "dark_glasses": 0.0}}, "facequality": {"threshold": 70.1, "value": 90.15}, "ethnicity": {"value": "BLACK"}, "eyegaze": {"right_eye_gaze": {"position_x_coordinate": 0.476, "vector_z_component": 0.933, "vector_x_component": -0.15, "vector_y_component": 0.326, "position_y_coordinate": 0.477}, "left_eye_gaze": {"position_x_coordinate": 0.458, "vector_z_component": 0.968, "vector_x_component": -0.065, "vector_y_component": 0.242, "position_y_coordinate": 0.476}}}, "face_rectangle": {"width": 833, "top": 570, "left": 985, "height": 833}, "face_token": "a90bae49d2318850ab769fcc0188d835"}]}