{"image_id": "gVxDIog2+kNuOvApp3HalQ==", "request_id": "1551406465,341fa61a-3d19-4a8e-a77d-f49ea196b62e", "time_used": 2851, "faces": [{"attributes": {"emotion": {"sadness": 0.0, "neutral": 0.006, "disgust": 0.0, "anger": 0.0, "surprise": 0.0, "fear": 0.0, "happiness": 99.993}, "beauty": {"female_score": 80.801, "male_score": 69.371}, "gender": {"value": "Female"}, "age": {"value": 19}, "mouthstatus": {"close": 100.0, "surgical_mask_or_respirator": 0.0, "open": 0.0, "other_occlusion": 0.0}, "glass": {"value": "None"}, "skinstatus": {"dark_circle": 4.455, "stain": 18.698, "acne": 14.706, "health": 5.742}, "headpose": {"yaw_angle": 16.724367, "pitch_angle": 3.1896777, "roll_angle": -1.8302302}, "blur": {"blurness": {"threshold": 50.0, "value": 0.363}, "motionblur": {"threshold": 50.0, "value": 0.363}, "gaussianblur": {"threshold": 50.0, "value": 0.363}}, "smile": {"threshold": 50.0, "value": 99.99}, "eyestatus": {"left_eye_status": {"normal_glass_eye_open": 0.0, "no_glass_eye_close": 0.0, "occlusion": 0.0, "no_glass_eye_open": 100.0, "normal_glass_eye_close": 0.0, "dark_glasses": 0.0}, "right_eye_status": {"normal_glass_eye_open": 0.003, "no_glass_eye_close": 0.0, "occlusion": 0.002, "no_glass_eye_open": 99.995, "normal_glass_eye_close": 0.0, "dark_glasses": 0.0}}, "facequality": {"threshold": 70.1, "value": 43.471}, "ethnicity": {"value": "WHITE"}, "eyegaze": {"right_eye_gaze": {"position_x_coordinate": 0.524, "vector_z_component": 0.985, "vector_x_component": 0.101, "vector_y_component": 0.141, "position_y_coordinate": 0.448}, "left_eye_gaze": {"position_x_coordinate": 0.518, "vector_z_component": 0.957, "vector_x_component": 0.241, "vector_y_component": 0.161, "position_y_coordinate": 0.437}}}, "face_rectangle": {"width": 649, "top": 1185, "left": 1432, "height": 649}, "face_token": "abb8d33ad6383e87a7a531a11baac1c1"}]}