{"image_id": "LL1dSw9mmJ4P9MmRoJIowA==", "request_id": "1551406476,52eaf964-9a0c-4f14-b2bc-585f723d6fa8", "time_used": 1379, "faces": [{"attributes": {"emotion": {"sadness": 1.481, "neutral": 91.147, "disgust": 0.039, "anger": 6.38, "surprise": 0.18, "fear": 0.079, "happiness": 0.694}, "beauty": {"female_score": 52.338, "male_score": 45.963}, "gender": {"value": "Female"}, "age": {"value": 26}, "mouthstatus": {"close": 100.0, "surgical_mask_or_respirator": 0.0, "open": 0.0, "other_occlusion": 0.0}, "glass": {"value": "None"}, "skinstatus": {"dark_circle": 6.489, "stain": 56.452, "acne": 14.688, "health": 3.798}, "headpose": {"yaw_angle": -2.2731109, "pitch_angle": -7.4461756, "roll_angle": -2.4925618}, "blur": {"blurness": {"threshold": 50.0, "value": 0.618}, "motionblur": {"threshold": 50.0, "value": 0.618}, "gaussianblur": {"threshold": 50.0, "value": 0.618}}, "smile": {"threshold": 50.0, "value": 0.069}, "eyestatus": {"left_eye_status": {"normal_glass_eye_open": 0.0, "no_glass_eye_close": 0.0, "occlusion": 0.0, "no_glass_eye_open": 100.0, "normal_glass_eye_close": 0.0, "dark_glasses": 0.0}, "right_eye_status": {"normal_glass_eye_open": 0.0, "no_glass_eye_close": 0.0, "occlusion": 0.001, "no_glass_eye_open": 99.999, "normal_glass_eye_close": 0.0, "dark_glasses": 0.0}}, "facequality": {"threshold": 70.1, "value": 91.651}, "ethnicity": {"value": "WHITE"}, "eyegaze": {"right_eye_gaze": {"position_x_coordinate": 0.459, "vector_z_component": 0.992, "vector_x_component": -0.092, "vector_y_component": 0.082, "position_y_coordinate": 0.444}, "left_eye_gaze": {"position_x_coordinate": 0.459, "vector_z_component": 0.921, "vector_x_component": -0.083, "vector_y_component": 0.382, "position_y_coordinate": 0.473}}}, "face_rectangle": {"width": 723, "top": 364, "left": 673, "height": 723}, "face_token": "a5555085b5e5052b6ff93c81624a34e3"}]}