{"image_id": "zdEuV88/LtIQy//ARCy3qw==", "request_id": "1551406402,ccf77405-673b-4b16-8f58-ebd841e0f508", "time_used": 2666, "faces": [{"attributes": {"emotion": {"sadness": 0.024, "neutral": 0.024, "disgust": 0.024, "anger": 46.411, "surprise": 1.373, "fear": 0.687, "happiness": 51.457}, "beauty": {"female_score": 83.678, "male_score": 79.105}, "gender": {"value": "Male"}, "age": {"value": 39}, "mouthstatus": {"close": 0.001, "surgical_mask_or_respirator": 0.0, "open": 99.999, "other_occlusion": 0.0}, "glass": {"value": "Normal"}, "skinstatus": {"dark_circle": 7.355, "stain": 25.812, "acne": 11.277, "health": 8.753}, "headpose": {"yaw_angle": 4.460333, "pitch_angle": 10.525368, "roll_angle": -1.4712074}, "blur": {"blurness": {"threshold": 50.0, "value": 0.915}, "motionblur": {"threshold": 50.0, "value": 0.915}, "gaussianblur": {"threshold": 50.0, "value": 0.915}}, "smile": {"threshold": 50.0, "value": 99.958}, "eyestatus": {"left_eye_status": {"normal_glass_eye_open": 8.516, "no_glass_eye_close": 0.382, "occlusion": 0.115, "no_glass_eye_open": 0.305, "normal_glass_eye_close": 90.493, "dark_glasses": 0.189}, "right_eye_status": {"normal_glass_eye_open": 18.568, "no_glass_eye_close": 0.0, "occlusion": 0.015, "no_glass_eye_open": 0.001, "normal_glass_eye_close": 81.392, "dark_glasses": 0.024}}, "facequality": {"threshold": 70.1, "value": 87.375}, "ethnicity": {"value": "WHITE"}, "eyegaze": {"right_eye_gaze": {"position_x_coordinate": 0.459, "vector_z_component": 0.744, "vector_x_component": 0.095, "vector_y_component": -0.662, "position_y_coordinate": 0.121}, "left_eye_gaze": {"position_x_coordinate": 0.493, "vector_z_component": 0.688, "vector_x_component": 0.007, "vector_y_component": -0.726, "position_y_coordinate": 0.305}}}, "face_rectangle": {"width": 374, "top": 1390, "left": 819, "height": 374}, "face_token": "ab8fd7fa971589ca8250d0b50a40aa5a"}, {"attributes": {"emotion": {"sadness": 57.531, "neutral": 18.17, "disgust": 0.109, "anger": 17.254, "surprise": 0.109, "fear": 0.347, "happiness": 6.48}, "beauty": {"female_score": 75.158, "male_score": 72.66}, "gender": {"value": "Male"}, "age": {"value": 38}, "mouthstatus": {"close": 92.189, "surgical_mask_or_respirator": 0.26, "open": 1.323, "other_occlusion": 6.227}, "glass": {"value": "None"}, "skinstatus": {"dark_circle": 3.316, "stain": 6.13, "acne": 1.165, "health": 68.13}, "headpose": {"yaw_angle": 23.08212, "pitch_angle": 25.558128, "roll_angle": -8.463236}, "blur": {"blurness": {"threshold": 50.0, "value": 99.992}, "motionblur": {"threshold": 50.0, "value": 99.992}, "gaussianblur": {"threshold": 50.0, "value": 99.992}}, "smile": {"threshold": 50.0, "value": 14.987}, "eyestatus": {"left_eye_status": {"normal_glass_eye_open": 0.325, "no_glass_eye_close": 0.01, "occlusion": 0.002, "no_glass_eye_open": 99.612, "normal_glass_eye_close": 0.0, "dark_glasses": 0.051}, "right_eye_status": {"normal_glass_eye_open": 0.289, "no_glass_eye_close": 0.024, "occlusion": 0.003, "no_glass_eye_open": 99.622, "normal_glass_eye_close": 0.049, "dark_glasses": 0.014}}, "facequality": {"threshold": 70.1, "value": 0.006}, "ethnicity": {"value": "WHITE"}, "eyegaze": {"right_eye_gaze": {"position_x_coordinate": 0.632, "vector_z_component": 0.596, "vector_x_component": 0.368, "vector_y_component": 0.714, "position_y_coordinate": 0.483}, "left_eye_gaze": {"position_x_coordinate": 0.579, "vector_z_component": 0.822, "vector_x_component": 0.14, "vector_y_component": 0.552, "position_y_coordinate": 0.46}}}, "face_rectangle": {"width": 35, "top": 92, "left": 75, "height": 35}, "face_token": "99154e9eeb5d8e7e22a063219c25eb50"}]}