{"image_id": "lTFOZ77Ozo4A5FnGlmm12Q==", "request_id": "1551406610,23d1e83f-62d9-4fda-b653-372c894cb67a", "time_used": 3485, "faces": [{"attributes": {"emotion": {"sadness": 0.004, "neutral": 99.431, "disgust": 0.001, "anger": 0.001, "surprise": 0.477, "fear": 0.001, "happiness": 0.086}, "beauty": {"female_score": 67.725, "male_score": 60.947}, "gender": {"value": "Male"}, "age": {"value": 21}, "mouthstatus": {"close": 99.073, "surgical_mask_or_respirator": 0.0, "open": 0.759, "other_occlusion": 0.167}, "glass": {"value": "None"}, "skinstatus": {"dark_circle": 3.7, "stain": 0.323, "acne": 0.375, "health": 36.427}, "headpose": {"yaw_angle": 5.584956, "pitch_angle": 6.0495806, "roll_angle": 0.9430092}, "blur": {"blurness": {"threshold": 50.0, "value": 0.365}, "motionblur": {"threshold": 50.0, "value": 0.365}, "gaussianblur": {"threshold": 50.0, "value": 0.365}}, "smile": {"threshold": 50.0, "value": 0.078}, "eyestatus": {"left_eye_status": {"normal_glass_eye_open": 0.002, "no_glass_eye_close": 0.0, "occlusion": 0.001, "no_glass_eye_open": 99.998, "normal_glass_eye_close": 0.0, "dark_glasses": 0.0}, "right_eye_status": {"normal_glass_eye_open": 0.003, "no_glass_eye_close": 0.0, "occlusion": 0.001, "no_glass_eye_open": 99.995, "normal_glass_eye_close": 0.0, "dark_glasses": 0.0}}, "facequality": {"threshold": 70.1, "value": 88.857}, "ethnicity": {"value": "WHITE"}, "eyegaze": {"right_eye_gaze": {"position_x_coordinate": 0.475, "vector_z_component": 0.998, "vector_x_component": -0.019, "vector_y_component": -0.053, "position_y_coordinate": 0.392}, "left_eye_gaze": {"position_x_coordinate": 0.478, "vector_z_component": 0.984, "vector_x_component": -0.094, "vector_y_component": 0.149, "position_y_coordinate": 0.439}}}, "face_rectangle": {"width": 1015, "top": 1513, "left": 898, "height": 1015}, "face_token": "4c335148c73801e9e220d720c9dba5a3"}]}