{"image_id": "pRaOON0rFwesPZ6NDFxrWg==", "request_id": "1551406459,f413efb6-c0c9-432b-a8a2-a295f74512f3", "time_used": 1925, "faces": [{"attributes": {"emotion": {"sadness": 0.011, "neutral": 98.035, "disgust": 0.011, "anger": 0.049, "surprise": 0.011, "fear": 0.28, "happiness": 1.604}, "beauty": {"female_score": 61.622, "male_score": 64.958}, "gender": {"value": "Female"}, "age": {"value": 22}, "mouthstatus": {"close": 100.0, "surgical_mask_or_respirator": 0.0, "open": 0.0, "other_occlusion": 0.0}, "glass": {"value": "Normal"}, "skinstatus": {"dark_circle": 0.715, "stain": 55.105, "acne": 18.203, "health": 1.862}, "headpose": {"yaw_angle": -5.6209917, "pitch_angle": -2.5232008, "roll_angle": 5.8455873}, "blur": {"blurness": {"threshold": 50.0, "value": 0.387}, "motionblur": {"threshold": 50.0, "value": 0.387}, "gaussianblur": {"threshold": 50.0, "value": 0.387}}, "smile": {"threshold": 50.0, "value": 0.271}, "eyestatus": {"left_eye_status": {"normal_glass_eye_open": 99.671, "no_glass_eye_close": 0.0, "occlusion": 0.001, "no_glass_eye_open": 0.192, "normal_glass_eye_close": 0.0, "dark_glasses": 0.135}, "right_eye_status": {"normal_glass_eye_open": 99.975, "no_glass_eye_close": 0.0, "occlusion": 0.002, "no_glass_eye_open": 0.014, "normal_glass_eye_close": 0.0, "dark_glasses": 0.009}}, "facequality": {"threshold": 70.1, "value": 90.183}, "ethnicity": {"value": "WHITE"}, "eyegaze": {"right_eye_gaze": {"position_x_coordinate": 0.413, "vector_z_component": 0.956, "vector_x_component": -0.158, "vector_y_component": 0.249, "position_y_coordinate": 0.438}, "left_eye_gaze": {"position_x_coordinate": 0.467, "vector_z_component": 0.995, "vector_x_component": -0.085, "vector_y_component": 0.059, "position_y_coordinate": 0.432}}}, "face_rectangle": {"width": 852, "top": 505, "left": 626, "height": 852}, "face_token": "c6932d87a81c86336ed54ee5ae38e349"}]}