{"image_id": "HHP53bZMAy1CjX1AZz2LQw==", "request_id": "1551406557,da4102e7-1e92-44e5-8b42-06e1e0bd87c2", "time_used": 1235, "faces": [{"attributes": {"emotion": {"sadness": 17.953, "neutral": 14.355, "disgust": 0.275, "anger": 0.275, "surprise": 30.594, "fear": 0.716, "happiness": 35.832}, "beauty": {"female_score": 79.289, "male_score": 77.054}, "gender": {"value": "Female"}, "age": {"value": 19}, "mouthstatus": {"close": 100.0, "surgical_mask_or_respirator": 0.0, "open": 0.0, "other_occlusion": 0.0}, "glass": {"value": "None"}, "skinstatus": {"dark_circle": 1.477, "stain": 20.487, "acne": 67.024, "health": 9.946}, "headpose": {"yaw_angle": 13.857596, "pitch_angle": 1.8671346, "roll_angle": -4.917235}, "blur": {"blurness": {"threshold": 50.0, "value": 0.351}, "motionblur": {"threshold": 50.0, "value": 0.351}, "gaussianblur": {"threshold": 50.0, "value": 0.351}}, "smile": {"threshold": 50.0, "value": 3.886}, "eyestatus": {"left_eye_status": {"normal_glass_eye_open": 0.001, "no_glass_eye_close": 0.0, "occlusion": 0.0, "no_glass_eye_open": 99.999, "normal_glass_eye_close": 0.0, "dark_glasses": 0.0}, "right_eye_status": {"normal_glass_eye_open": 0.007, "no_glass_eye_close": 0.0, "occlusion": 0.0, "no_glass_eye_open": 99.993, "normal_glass_eye_close": 0.0, "dark_glasses": 0.0}}, "facequality": {"threshold": 70.1, "value": 64.734}, "ethnicity": {"value": "WHITE"}, "eyegaze": {"right_eye_gaze": {"position_x_coordinate": 0.471, "vector_z_component": 0.993, "vector_x_component": -0.001, "vector_y_component": -0.118, "position_y_coordinate": 0.427}, "left_eye_gaze": {"position_x_coordinate": 0.529, "vector_z_component": 0.99, "vector_x_component": 0.134, "vector_y_component": -0.041, "position_y_coordinate": 0.441}}}, "face_rectangle": {"width": 609, "top": 423, "left": 1004, "height": 609}, "face_token": "64f7571011b14699f5efec9365336b08"}]}