{"image_id": "xgRgTNXlp8hMVp9jqk5YAQ==", "request_id": "1551402693,d7f32b27-b623-4398-8907-715a337f025c", "time_used": 749, "faces": [{"attributes": {"emotion": {"sadness": 0.008, "neutral": 0.038, "disgust": 0.017, "anger": 0.001, "surprise": 0.001, "fear": 0.052, "happiness": 99.884}, "beauty": {"female_score": 71.248, "male_score": 69.808}, "gender": {"value": "Female"}, "age": {"value": 31}, "mouthstatus": {"close": 99.996, "surgical_mask_or_respirator": 0.0, "open": 0.004, "other_occlusion": 0.0}, "glass": {"value": "None"}, "skinstatus": {"dark_circle": 5.744, "stain": 4.604, "acne": 5.327, "health": 31.119}, "headpose": {"yaw_angle": 22.608244, "pitch_angle": 8.1111, "roll_angle": -12.074456}, "blur": {"blurness": {"threshold": 50.0, "value": 0.435}, "motionblur": {"threshold": 50.0, "value": 0.435}, "gaussianblur": {"threshold": 50.0, "value": 0.435}}, "smile": {"threshold": 50.0, "value": 99.98}, "eyestatus": {"left_eye_status": {"normal_glass_eye_open": 0.003, "no_glass_eye_close": 0.0, "occlusion": 0.003, "no_glass_eye_open": 99.993, "normal_glass_eye_close": 0.0, "dark_glasses": 0.001}, "right_eye_status": {"normal_glass_eye_open": 0.238, "no_glass_eye_close": 0.0, "occlusion": 0.029, "no_glass_eye_open": 99.608, "normal_glass_eye_close": 0.0, "dark_glasses": 0.125}}, "facequality": {"threshold": 70.1, "value": 5.66}, "ethnicity": {"value": "ASIAN"}, "eyegaze": {"right_eye_gaze": {"position_x_coordinate": 0.532, "vector_z_component": 0.981, "vector_x_component": 0.193, "vector_y_component": 0.006, "position_y_coordinate": 0.423}, "left_eye_gaze": {"position_x_coordinate": 0.559, "vector_z_component": 0.978, "vector_x_component": 0.203, "vector_y_component": -0.055, "position_y_coordinate": 0.404}}}, "face_rectangle": {"width": 469, "top": 523, "left": 288, "height": 469}, "face_token": "545377af622067cf74550425edd3be0f"}]}