{"image_id": "dOQhej+OzVgP4NgraEx5/g==", "request_id": "1551406621,ce61cb46-0d02-4b21-9b4c-0f28be9d8760", "time_used": 1425, "faces": [{"attributes": {"emotion": {"sadness": 3.209, "neutral": 81.951, "disgust": 0.218, "anger": 0.218, "surprise": 2.279, "fear": 2.089, "happiness": 10.036}, "beauty": {"female_score": 60.142, "male_score": 62.359}, "gender": {"value": "Female"}, "age": {"value": 27}, "mouthstatus": {"close": 0.0, "surgical_mask_or_respirator": 0.0, "open": 0.0, "other_occlusion": 100.0}, "glass": {"value": "None"}, "skinstatus": {"dark_circle": 2.144, "stain": 8.372, "acne": 25.704, "health": 5.896}, "headpose": {"yaw_angle": -13.700078, "pitch_angle": 3.729429, "roll_angle": -9.337713}, "blur": {"blurness": {"threshold": 50.0, "value": 1.249}, "motionblur": {"threshold": 50.0, "value": 1.249}, "gaussianblur": {"threshold": 50.0, "value": 1.249}}, "smile": {"threshold": 50.0, "value": 79.844}, "eyestatus": {"left_eye_status": {"normal_glass_eye_open": 0.363, "no_glass_eye_close": 0.0, "occlusion": 0.046, "no_glass_eye_open": 99.571, "normal_glass_eye_close": 0.001, "dark_glasses": 0.02}, "right_eye_status": {"normal_glass_eye_open": 0.351, "no_glass_eye_close": 0.747, "occlusion": 0.103, "no_glass_eye_open": 88.449, "normal_glass_eye_close": 0.005, "dark_glasses": 10.346}}, "facequality": {"threshold": 70.1, "value": 63.623}, "ethnicity": {"value": "WHITE"}, "eyegaze": {"right_eye_gaze": {"position_x_coordinate": 0.442, "vector_z_component": 0.988, "vector_x_component": -0.091, "vector_y_component": 0.126, "position_y_coordinate": 0.432}, "left_eye_gaze": {"position_x_coordinate": 0.448, "vector_z_component": 0.983, "vector_x_component": -0.178, "vector_y_component": 0.047, "position_y_coordinate": 0.416}}}, "face_rectangle": {"width": 315, "top": 806, "left": 829, "height": 315}, "face_token": "4c767db28bf5b898e513ad050d0b7daf"}]}