{"image_id": "gpKViaY/ziNcZMS3GoaKog==", "request_id": "1551406570,69f12821-741b-4477-85f4-2b529cd5eef1", "time_used": 381, "faces": [{"attributes": {"emotion": {"sadness": 0.003, "neutral": 0.201, "disgust": 0.003, "anger": 0.003, "surprise": 0.247, "fear": 0.003, "happiness": 99.541}, "beauty": {"female_score": 84.048, "male_score": 80.985}, "gender": {"value": "Female"}, "age": {"value": 20}, "mouthstatus": {"close": 100.0, "surgical_mask_or_respirator": 0.0, "open": 0.0, "other_occlusion": 0.0}, "glass": {"value": "None"}, "skinstatus": {"dark_circle": 53.094, "stain": 32.938, "acne": 84.012, "health": 10.71}, "headpose": {"yaw_angle": -17.654919, "pitch_angle": 8.987084, "roll_angle": 4.939594}, "blur": {"blurness": {"threshold": 50.0, "value": 16.478}, "motionblur": {"threshold": 50.0, "value": 16.478}, "gaussianblur": {"threshold": 50.0, "value": 16.478}}, "smile": {"threshold": 50.0, "value": 99.332}, "eyestatus": {"left_eye_status": {"normal_glass_eye_open": 0.012, "no_glass_eye_close": 0.0, "occlusion": 0.11, "no_glass_eye_open": 99.504, "normal_glass_eye_close": 0.0, "dark_glasses": 0.374}, "right_eye_status": {"normal_glass_eye_open": 0.001, "no_glass_eye_close": 0.0, "occlusion": 0.026, "no_glass_eye_open": 99.967, "normal_glass_eye_close": 0.0, "dark_glasses": 0.005}}, "facequality": {"threshold": 70.1, "value": 20.497}, "ethnicity": {"value": "WHITE"}, "eyegaze": {"right_eye_gaze": {"position_x_coordinate": 0.407, "vector_z_component": 0.973, "vector_x_component": -0.213, "vector_y_component": -0.084, "position_y_coordinate": 0.405}, "left_eye_gaze": {"position_x_coordinate": 0.453, "vector_z_component": 0.966, "vector_x_component": -0.192, "vector_y_component": -0.174, "position_y_coordinate": 0.386}}}, "face_rectangle": {"width": 357, "top": 350, "left": 192, "height": 357}, "face_token": "e6326718b9aa36ac0a706a0ee7249c4d"}]}