{"image_id": "29TkUvO5I9floG7zxJaiBA==", "request_id": "1551406516,efcee4f3-1190-4f96-b19c-0aaf6236c53f", "time_used": 975, "faces": [{"attributes": {"emotion": {"sadness": 0.011, "neutral": 9.035, "disgust": 0.087, "anger": 0.002, "surprise": 0.002, "fear": 0.006, "happiness": 90.857}, "beauty": {"female_score": 62.607, "male_score": 63.152}, "gender": {"value": "Male"}, "age": {"value": 26}, "mouthstatus": {"close": 99.739, "surgical_mask_or_respirator": 0.244, "open": 0.017, "other_occlusion": 0.0}, "glass": {"value": "None"}, "skinstatus": {"dark_circle": 26.64, "stain": 8.344, "acne": 48.306, "health": 1.996}, "headpose": {"yaw_angle": -7.2659097, "pitch_angle": 0.6448808, "roll_angle": -0.6198804}, "blur": {"blurness": {"threshold": 50.0, "value": 0.508}, "motionblur": {"threshold": 50.0, "value": 0.508}, "gaussianblur": {"threshold": 50.0, "value": 0.508}}, "smile": {"threshold": 50.0, "value": 99.997}, "eyestatus": {"left_eye_status": {"normal_glass_eye_open": 0.127, "no_glass_eye_close": 0.006, "occlusion": 0.001, "no_glass_eye_open": 99.864, "normal_glass_eye_close": 0.0, "dark_glasses": 0.003}, "right_eye_status": {"normal_glass_eye_open": 0.053, "no_glass_eye_close": 0.9, "occlusion": 0.007, "no_glass_eye_open": 95.092, "normal_glass_eye_close": 0.003, "dark_glasses": 3.945}}, "facequality": {"threshold": 70.1, "value": 88.283}, "ethnicity": {"value": "WHITE"}, "eyegaze": {"right_eye_gaze": {"position_x_coordinate": 0.438, "vector_z_component": 0.989, "vector_x_component": -0.106, "vector_y_component": 0.099, "position_y_coordinate": 0.466}, "left_eye_gaze": {"position_x_coordinate": 0.399, "vector_z_component": 0.959, "vector_x_component": -0.227, "vector_y_component": 0.172, "position_y_coordinate": 0.466}}}, "face_rectangle": {"width": 137, "top": 215, "left": 415, "height": 137}, "face_token": "6e4f29a3db38e7ec5d701ca1a60dca6e"}]}