{"image_id": "JMoDOnn2oqASQdUgCxo/Cw==", "request_id": "1551406602,8758ef96-a18e-4688-95b9-05b3b3318549", "time_used": 501, "faces": [{"attributes": {"emotion": {"sadness": 0.003, "neutral": 48.19, "disgust": 0.006, "anger": 0.004, "surprise": 0.003, "fear": 0.001, "happiness": 51.793}, "beauty": {"female_score": 74.244, "male_score": 69.824}, "gender": {"value": "Male"}, "age": {"value": 24}, "mouthstatus": {"close": 99.992, "surgical_mask_or_respirator": 0.0, "open": 0.0, "other_occlusion": 0.008}, "glass": {"value": "None"}, "skinstatus": {"dark_circle": 4.371, "stain": 1.704, "acne": 0.846, "health": 77.661}, "headpose": {"yaw_angle": 0.42167026, "pitch_angle": 3.037194, "roll_angle": 16.775503}, "blur": {"blurness": {"threshold": 50.0, "value": 0.306}, "motionblur": {"threshold": 50.0, "value": 0.306}, "gaussianblur": {"threshold": 50.0, "value": 0.306}}, "smile": {"threshold": 50.0, "value": 98.904}, "eyestatus": {"left_eye_status": {"normal_glass_eye_open": 0.0, "no_glass_eye_close": 0.0, "occlusion": 0.0, "no_glass_eye_open": 100.0, "normal_glass_eye_close": 0.0, "dark_glasses": 0.0}, "right_eye_status": {"normal_glass_eye_open": 0.0, "no_glass_eye_close": 0.0, "occlusion": 0.0, "no_glass_eye_open": 100.0, "normal_glass_eye_close": 0.0, "dark_glasses": 0.0}}, "facequality": {"threshold": 70.1, "value": 94.242}, "ethnicity": {"value": "ASIAN"}, "eyegaze": {"right_eye_gaze": {"position_x_coordinate": 0.465, "vector_z_component": 0.992, "vector_x_component": -0.008, "vector_y_component": 0.125, "position_y_coordinate": 0.462}, "left_eye_gaze": {"position_x_coordinate": 0.485, "vector_z_component": 0.988, "vector_x_component": -0.064, "vector_y_component": 0.139, "position_y_coordinate": 0.479}}}, "face_rectangle": {"width": 404, "top": 347, "left": 227, "height": 404}, "face_token": "b32f3e0a601d971a135ed5cff6cef06f"}]}