{"image_id": "BQi0CsnsIN4QTow4Vt+5Mg==", "request_id": "1551406534,6f6c2c98-4fd4-46f3-a355-12993951cea7", "time_used": 374, "faces": [{"attributes": {"emotion": {"sadness": 0.091, "neutral": 54.002, "disgust": 0.01, "anger": 45.856, "surprise": 0.003, "fear": 0.003, "happiness": 0.035}, "beauty": {"female_score": 44.492, "male_score": 44.429}, "gender": {"value": "Male"}, "age": {"value": 64}, "mouthstatus": {"close": 99.999, "surgical_mask_or_respirator": 0.0, "open": 0.001, "other_occlusion": 0.0}, "glass": {"value": "None"}, "skinstatus": {"dark_circle": 2.43, "stain": 66.597, "acne": 1.509, "health": 0.616}, "headpose": {"yaw_angle": -8.070576, "pitch_angle": 5.635526, "roll_angle": 4.665582}, "blur": {"blurness": {"threshold": 50.0, "value": 0.428}, "motionblur": {"threshold": 50.0, "value": 0.428}, "gaussianblur": {"threshold": 50.0, "value": 0.428}}, "smile": {"threshold": 50.0, "value": 0.349}, "eyestatus": {"left_eye_status": {"normal_glass_eye_open": 0.001, "no_glass_eye_close": 0.0, "occlusion": 0.0, "no_glass_eye_open": 99.999, "normal_glass_eye_close": 0.0, "dark_glasses": 0.0}, "right_eye_status": {"normal_glass_eye_open": 0.001, "no_glass_eye_close": 0.0, "occlusion": 0.0, "no_glass_eye_open": 99.999, "normal_glass_eye_close": 0.0, "dark_glasses": 0.0}}, "facequality": {"threshold": 70.1, "value": 84.629}, "ethnicity": {"value": "WHITE"}, "eyegaze": {"right_eye_gaze": {"position_x_coordinate": 0.469, "vector_z_component": 0.976, "vector_x_component": -0.035, "vector_y_component": -0.216, "position_y_coordinate": 0.376}, "left_eye_gaze": {"position_x_coordinate": 0.456, "vector_z_component": 0.965, "vector_x_component": -0.07, "vector_y_component": -0.253, "position_y_coordinate": 0.374}}}, "face_rectangle": {"width": 224, "top": 361, "left": 209, "height": 224}, "face_token": "d100bd7c1eb2555dcdb1ffcac22b1f2b"}]}