{"image_id": "Cd4c5/ABvb3Gw8eHtdZPEA==", "request_id": "1551406422,4376cd0c-94b5-4bd0-8c57-f813c1eb4bfb", "time_used": 1841, "faces": [{"attributes": {"emotion": {"sadness": 0.002, "neutral": 99.67, "disgust": 0.012, "anger": 0.078, "surprise": 0.017, "fear": 0.002, "happiness": 0.219}, "beauty": {"female_score": 54.819, "male_score": 53.501}, "gender": {"value": "Male"}, "age": {"value": 24}, "mouthstatus": {"close": 99.992, "surgical_mask_or_respirator": 0.0, "open": 0.008, "other_occlusion": 0.0}, "glass": {"value": "None"}, "skinstatus": {"dark_circle": 14.71, "stain": 75.307, "acne": 64.105, "health": 0.955}, "headpose": {"yaw_angle": 4.0126534, "pitch_angle": 9.957451, "roll_angle": -11.904661}, "blur": {"blurness": {"threshold": 50.0, "value": 0.228}, "motionblur": {"threshold": 50.0, "value": 0.228}, "gaussianblur": {"threshold": 50.0, "value": 0.228}}, "smile": {"threshold": 50.0, "value": 11.936}, "eyestatus": {"left_eye_status": {"normal_glass_eye_open": 0.0, "no_glass_eye_close": 0.0, "occlusion": 0.0, "no_glass_eye_open": 100.0, "normal_glass_eye_close": 0.0, "dark_glasses": 0.0}, "right_eye_status": {"normal_glass_eye_open": 0.0, "no_glass_eye_close": 0.0, "occlusion": 0.0, "no_glass_eye_open": 100.0, "normal_glass_eye_close": 0.0, "dark_glasses": 0.0}}, "facequality": {"threshold": 70.1, "value": 88.666}, "ethnicity": {"value": "BLACK"}, "eyegaze": {"right_eye_gaze": {"position_x_coordinate": 0.482, "vector_z_component": 0.998, "vector_x_component": -0.011, "vector_y_component": 0.062, "position_y_coordinate": 0.425}, "left_eye_gaze": {"position_x_coordinate": 0.483, "vector_z_component": 0.998, "vector_x_component": -0.043, "vector_y_component": 0.043, "position_y_coordinate": 0.406}}}, "face_rectangle": {"width": 962, "top": 732, "left": 671, "height": 962}, "face_token": "26b335c5c61c5ab48c4ffbf45c685af3"}]}