{"image_id": "I+rFTo4ovu1kTHLoNQMhqA==", "request_id": "1551406502,6230712a-7dd0-45af-a71a-5cba1922b7ce", "time_used": 1566, "faces": [{"attributes": {"emotion": {"sadness": 0.0, "neutral": 0.0, "disgust": 0.103, "anger": 0.0, "surprise": 0.0, "fear": 0.001, "happiness": 99.896}, "beauty": {"female_score": 79.03, "male_score": 72.287}, "gender": {"value": "Male"}, "age": {"value": 20}, "mouthstatus": {"close": 0.0, "surgical_mask_or_respirator": 0.0, "open": 100.0, "other_occlusion": 0.0}, "glass": {"value": "None"}, "skinstatus": {"dark_circle": 1.517, "stain": 1.645, "acne": 0.52, "health": 9.79}, "headpose": {"yaw_angle": 7.2254453, "pitch_angle": 15.051123, "roll_angle": -11.833697}, "blur": {"blurness": {"threshold": 50.0, "value": 0.136}, "motionblur": {"threshold": 50.0, "value": 0.136}, "gaussianblur": {"threshold": 50.0, "value": 0.136}}, "smile": {"threshold": 50.0, "value": 100.0}, "eyestatus": {"left_eye_status": {"normal_glass_eye_open": 0.0, "no_glass_eye_close": 0.0, "occlusion": 0.032, "no_glass_eye_open": 99.966, "normal_glass_eye_close": 0.0, "dark_glasses": 0.002}, "right_eye_status": {"normal_glass_eye_open": 0.0, "no_glass_eye_close": 0.0, "occlusion": 0.0, "no_glass_eye_open": 100.0, "normal_glass_eye_close": 0.0, "dark_glasses": 0.0}}, "facequality": {"threshold": 70.1, "value": 76.63}, "ethnicity": {"value": "WHITE"}, "eyegaze": {"right_eye_gaze": {"position_x_coordinate": 0.5, "vector_z_component": 0.991, "vector_x_component": 0.078, "vector_y_component": 0.11, "position_y_coordinate": 0.456}, "left_eye_gaze": {"position_x_coordinate": 0.488, "vector_z_component": 0.993, "vector_x_component": 0.021, "vector_y_component": 0.12, "position_y_coordinate": 0.42}}}, "face_rectangle": {"width": 616, "top": 803, "left": 925, "height": 616}, "face_token": "55ed8f122e647f0c244a2da32e1dc80f"}, {"attributes": {"emotion": {"sadness": 0.022, "neutral": 0.001, "disgust": 0.526, "anger": 0.002, "surprise": 0.001, "fear": 0.002, "happiness": 99.444}, "beauty": {"female_score": 69.544, "male_score": 72.964}, "gender": {"value": "Male"}, "age": {"value": 25}, "mouthstatus": {"close": 0.001, "surgical_mask_or_respirator": 0.007, "open": 99.983, "other_occlusion": 0.009}, "glass": {"value": "None"}, "skinstatus": {"dark_circle": 15.651, "stain": 1.186, "acne": 0.402, "health": 33.836}, "headpose": {"yaw_angle": 10.129647, "pitch_angle": 7.795108, "roll_angle": 16.290884}, "blur": {"blurness": {"threshold": 50.0, "value": 2.851}, "motionblur": {"threshold": 50.0, "value": 2.851}, "gaussianblur": {"threshold": 50.0, "value": 2.851}}, "smile": {"threshold": 50.0, "value": 100.0}, "eyestatus": {"left_eye_status": {"normal_glass_eye_open": 0.01, "no_glass_eye_close": 0.007, "occlusion": 0.0, "no_glass_eye_open": 99.983, "normal_glass_eye_close": 0.0, "dark_glasses": 0.0}, "right_eye_status": {"normal_glass_eye_open": 0.006, "no_glass_eye_close": 0.0, "occlusion": 0.003, "no_glass_eye_open": 99.989, "normal_glass_eye_close": 0.0, "dark_glasses": 0.002}}, "facequality": {"threshold": 70.1, "value": 75.562}, "ethnicity": {"value": "BLACK"}, "eyegaze": {"right_eye_gaze": {"position_x_coordinate": 0.555, "vector_z_component": 0.925, "vector_x_component": 0.221, "vector_y_component": 0.308, "position_y_coordinate": 0.488}, "left_eye_gaze": {"position_x_coordinate": 0.574, "vector_z_component": 0.805, "vector_x_component": 0.497, "vector_y_component": 0.325, "position_y_coordinate": 0.515}}}, "face_rectangle": {"width": 488, "top": 925, "left": 292, "height": 488}, "face_token": "4f1bce7dc8cde6caec7aac31cf3bbeba"}]}