{"image_id": "XPd5GNyXz+KFxULa/GVG8w==", "request_id": "1551406482,8df7cb74-96a7-4a83-b628-03eebfd8f338", "time_used": 1444, "faces": [{"attributes": {"emotion": {"sadness": 0.016, "neutral": 97.803, "disgust": 0.005, "anger": 0.005, "surprise": 0.578, "fear": 0.018, "happiness": 1.573}, "beauty": {"female_score": 59.006, "male_score": 55.873}, "gender": {"value": "Female"}, "age": {"value": 32}, "mouthstatus": {"close": 99.999, "surgical_mask_or_respirator": 0.0, "open": 0.001, "other_occlusion": 0.0}, "glass": {"value": "None"}, "skinstatus": {"dark_circle": 28.38, "stain": 85.574, "acne": 87.346, "health": 1.547}, "headpose": {"yaw_angle": 6.8581862, "pitch_angle": 11.883984, "roll_angle": -6.4059553}, "blur": {"blurness": {"threshold": 50.0, "value": 0.361}, "motionblur": {"threshold": 50.0, "value": 0.361}, "gaussianblur": {"threshold": 50.0, "value": 0.361}}, "smile": {"threshold": 50.0, "value": 11.971}, "eyestatus": {"left_eye_status": {"normal_glass_eye_open": 0.0, "no_glass_eye_close": 0.0, "occlusion": 0.0, "no_glass_eye_open": 100.0, "normal_glass_eye_close": 0.0, "dark_glasses": 0.0}, "right_eye_status": {"normal_glass_eye_open": 0.002, "no_glass_eye_close": 0.0, "occlusion": 0.0, "no_glass_eye_open": 99.998, "normal_glass_eye_close": 0.0, "dark_glasses": 0.0}}, "facequality": {"threshold": 70.1, "value": 82.086}, "ethnicity": {"value": "ASIAN"}, "eyegaze": {"right_eye_gaze": {"position_x_coordinate": 0.48, "vector_z_component": 0.992, "vector_x_component": 0.005, "vector_y_component": -0.122, "position_y_coordinate": 0.395}, "left_eye_gaze": {"position_x_coordinate": 0.503, "vector_z_component": 0.989, "vector_x_component": 0.027, "vector_y_component": -0.142, "position_y_coordinate": 0.404}}}, "face_rectangle": {"width": 988, "top": 753, "left": 626, "height": 988}, "face_token": "4d2dc02670aa6957bb8d7e563cb800a0"}]}