{"image_id": "qP5OabKfB6AZtGSLuI+x4g==", "request_id": "1551406495,d2c7850a-af39-448d-b7db-9e858990c8a4", "time_used": 3587, "faces": [{"attributes": {"emotion": {"sadness": 0.0, "neutral": 0.0, "disgust": 0.0, "anger": 0.0, "surprise": 0.0, "fear": 0.0, "happiness": 100.0}, "beauty": {"female_score": 80.392, "male_score": 75.784}, "gender": {"value": "Female"}, "age": {"value": 25}, "mouthstatus": {"close": 0.0, "surgical_mask_or_respirator": 0.0, "open": 100.0, "other_occlusion": 0.0}, "glass": {"value": "None"}, "skinstatus": {"dark_circle": 1.363, "stain": 14.153, "acne": 3.638, "health": 9.225}, "headpose": {"yaw_angle": 17.125008, "pitch_angle": 2.670561, "roll_angle": 9.525035}, "blur": {"blurness": {"threshold": 50.0, "value": 0.361}, "motionblur": {"threshold": 50.0, "value": 0.361}, "gaussianblur": {"threshold": 50.0, "value": 0.361}}, "smile": {"threshold": 50.0, "value": 100.0}, "eyestatus": {"left_eye_status": {"normal_glass_eye_open": 0.005, "no_glass_eye_close": 0.0, "occlusion": 0.007, "no_glass_eye_open": 99.987, "normal_glass_eye_close": 0.0, "dark_glasses": 0.001}, "right_eye_status": {"normal_glass_eye_open": 0.0, "no_glass_eye_close": 0.0, "occlusion": 0.0, "no_glass_eye_open": 99.989, "normal_glass_eye_close": 0.0, "dark_glasses": 0.011}}, "facequality": {"threshold": 70.1, "value": 40.661}, "ethnicity": {"value": "WHITE"}, "eyegaze": {"right_eye_gaze": {"position_x_coordinate": 0.586, "vector_z_component": 0.985, "vector_x_component": 0.164, "vector_y_component": 0.059, "position_y_coordinate": 0.448}, "left_eye_gaze": {"position_x_coordinate": 0.552, "vector_z_component": 0.96, "vector_x_component": 0.265, "vector_y_component": 0.091, "position_y_coordinate": 0.429}}}, "face_rectangle": {"width": 431, "top": 1305, "left": 2090, "height": 431}, "face_token": "1dbd9a1e11f3f61f0109e0df5865955a"}, {"attributes": {"emotion": {"sadness": 0.022, "neutral": 0.001, "disgust": 40.47, "anger": 0.001, "surprise": 0.003, "fear": 0.001, "happiness": 59.502}, "beauty": {"female_score": 77.93, "male_score": 67.901}, "gender": {"value": "Female"}, "age": {"value": 23}, "mouthstatus": {"close": 0.0, "surgical_mask_or_respirator": 0.0, "open": 100.0, "other_occlusion": 0.0}, "glass": {"value": "None"}, "skinstatus": {"dark_circle": 1.705, "stain": 4.818, "acne": 0.936, "health": 37.425}, "headpose": {"yaw_angle": -6.6431074, "pitch_angle": 3.9973354, "roll_angle": 19.902435}, "blur": {"blurness": {"threshold": 50.0, "value": 0.363}, "motionblur": {"threshold": 50.0, "value": 0.363}, "gaussianblur": {"threshold": 50.0, "value": 0.363}}, "smile": {"threshold": 50.0, "value": 100.0}, "eyestatus": {"left_eye_status": {"normal_glass_eye_open": 0.0, "no_glass_eye_close": 0.0, "occlusion": 0.039, "no_glass_eye_open": 99.956, "normal_glass_eye_close": 0.0, "dark_glasses": 0.006}, "right_eye_status": {"normal_glass_eye_open": 0.0, "no_glass_eye_close": 0.0, "occlusion": 0.0, "no_glass_eye_open": 99.999, "normal_glass_eye_close": 0.0, "dark_glasses": 0.0}}, "facequality": {"threshold": 70.1, "value": 88.197}, "ethnicity": {"value": "WHITE"}, "eyegaze": {"right_eye_gaze": {"position_x_coordinate": 0.441, "vector_z_component": 0.932, "vector_x_component": -0.345, "vector_y_component": 0.113, "position_y_coordinate": 0.455}, "left_eye_gaze": {"position_x_coordinate": 0.423, "vector_z_component": 0.955, "vector_x_component": -0.173, "vector_y_component": -0.239, "position_y_coordinate": 0.43}}}, "face_rectangle": {"width": 393, "top": 929, "left": 878, "height": 393}, "face_token": "bc0809d0566d2f51322c80a181a8b566"}]}