{"image_id": "7AJAZt5NtjzRUeLv1Hiwpw==", "request_id": "1551406565,825b8560-c277-462d-add6-a82e8f6bdc01", "time_used": 997, "faces": [{"attributes": {"emotion": {"sadness": 0.001, "neutral": 94.118, "disgust": 0.001, "anger": 0.001, "surprise": 0.097, "fear": 0.001, "happiness": 5.78}, "beauty": {"female_score": 65.446, "male_score": 61.17}, "gender": {"value": "Female"}, "age": {"value": 20}, "mouthstatus": {"close": 100.0, "surgical_mask_or_respirator": 0.0, "open": 0.0, "other_occlusion": 0.0}, "glass": {"value": "None"}, "skinstatus": {"dark_circle": 89.327, "stain": 22.164, "acne": 96.476, "health": 0.398}, "headpose": {"yaw_angle": -10.494241, "pitch_angle": 9.609742, "roll_angle": 18.03229}, "blur": {"blurness": {"threshold": 50.0, "value": 1.171}, "motionblur": {"threshold": 50.0, "value": 1.171}, "gaussianblur": {"threshold": 50.0, "value": 1.171}}, "smile": {"threshold": 50.0, "value": 1.684}, "eyestatus": {"left_eye_status": {"normal_glass_eye_open": 0.0, "no_glass_eye_close": 0.0, "occlusion": 0.0, "no_glass_eye_open": 99.999, "normal_glass_eye_close": 0.0, "dark_glasses": 0.001}, "right_eye_status": {"normal_glass_eye_open": 0.032, "no_glass_eye_close": 0.002, "occlusion": 0.031, "no_glass_eye_open": 99.929, "normal_glass_eye_close": 0.0, "dark_glasses": 0.007}}, "facequality": {"threshold": 70.1, "value": 73.415}, "ethnicity": {"value": "WHITE"}, "eyegaze": {"right_eye_gaze": {"position_x_coordinate": 0.409, "vector_z_component": 0.972, "vector_x_component": -0.186, "vector_y_component": -0.142, "position_y_coordinate": 0.421}, "left_eye_gaze": {"position_x_coordinate": 0.445, "vector_z_component": 0.983, "vector_x_component": -0.123, "vector_y_component": 0.138, "position_y_coordinate": 0.401}}}, "face_rectangle": {"width": 571, "top": 596, "left": 581, "height": 571}, "face_token": "7f47b95e0dc146d838cb12e1a51231c8"}]}