{"image_id": "Y0gEw1fdVUgeA8rnkxsjMA==", "request_id": "1551406485,75bd96cb-c581-42e1-8032-57e07b935ba7", "time_used": 703, "faces": [{"attributes": {"emotion": {"sadness": 0.001, "neutral": 99.077, "disgust": 0.001, "anger": 0.001, "surprise": 0.909, "fear": 0.001, "happiness": 0.01}, "beauty": {"female_score": 78.127, "male_score": 73.176}, "gender": {"value": "Male"}, "age": {"value": 25}, "mouthstatus": {"close": 99.473, "surgical_mask_or_respirator": 0.0, "open": 0.0, "other_occlusion": 0.527}, "glass": {"value": "Normal"}, "skinstatus": {"dark_circle": 13.098, "stain": 1.105, "acne": 5.965, "health": 1.115}, "headpose": {"yaw_angle": -13.936643, "pitch_angle": 1.2708788, "roll_angle": 10.95157}, "blur": {"blurness": {"threshold": 50.0, "value": 9.336}, "motionblur": {"threshold": 50.0, "value": 9.336}, "gaussianblur": {"threshold": 50.0, "value": 9.336}}, "smile": {"threshold": 50.0, "value": 5.286}, "eyestatus": {"left_eye_status": {"normal_glass_eye_open": 75.34, "no_glass_eye_close": 0.004, "occlusion": 0.378, "no_glass_eye_open": 21.393, "normal_glass_eye_close": 0.033, "dark_glasses": 2.852}, "right_eye_status": {"normal_glass_eye_open": 93.764, "no_glass_eye_close": 0.001, "occlusion": 1.487, "no_glass_eye_open": 2.494, "normal_glass_eye_close": 0.081, "dark_glasses": 2.173}}, "facequality": {"threshold": 70.1, "value": 56.607}, "ethnicity": {"value": "WHITE"}, "eyegaze": {"right_eye_gaze": {"position_x_coordinate": 0.462, "vector_z_component": 0.981, "vector_x_component": -0.182, "vector_y_component": -0.069, "position_y_coordinate": 0.434}, "left_eye_gaze": {"position_x_coordinate": 0.434, "vector_z_component": 0.965, "vector_x_component": -0.119, "vector_y_component": -0.234, "position_y_coordinate": 0.409}}}, "face_rectangle": {"width": 588, "top": 461, "left": 400, "height": 588}, "face_token": "01844462bb3922a247fc8e2aed17a3e1"}]}