{"image_id": "wI9On5rC5caJkWzwGhrFwg==", "request_id": "1551406456,2bd37a36-7bb3-4ee5-8c16-80c9d7f272a2", "time_used": 1739, "faces": [{"attributes": {"emotion": {"sadness": 0.058, "neutral": 99.942, "disgust": 0.0, "anger": 0.0, "surprise": 0.0, "fear": 0.0, "happiness": 0.0}, "beauty": {"female_score": 51.4, "male_score": 56.575}, "gender": {"value": "Male"}, "age": {"value": 19}, "mouthstatus": {"close": 100.0, "surgical_mask_or_respirator": 0.0, "open": 0.0, "other_occlusion": 0.0}, "glass": {"value": "None"}, "skinstatus": {"dark_circle": 3.863, "stain": 4.262, "acne": 0.623, "health": 24.692}, "headpose": {"yaw_angle": -7.877248, "pitch_angle": 1.5661819, "roll_angle": 5.2286773}, "blur": {"blurness": {"threshold": 50.0, "value": 0.357}, "motionblur": {"threshold": 50.0, "value": 0.357}, "gaussianblur": {"threshold": 50.0, "value": 0.357}}, "smile": {"threshold": 50.0, "value": 0.494}, "eyestatus": {"left_eye_status": {"normal_glass_eye_open": 0.0, "no_glass_eye_close": 0.0, "occlusion": 0.0, "no_glass_eye_open": 99.999, "normal_glass_eye_close": 0.0, "dark_glasses": 0.0}, "right_eye_status": {"normal_glass_eye_open": 0.006, "no_glass_eye_close": 0.0, "occlusion": 0.03, "no_glass_eye_open": 99.959, "normal_glass_eye_close": 0.001, "dark_glasses": 0.004}}, "facequality": {"threshold": 70.1, "value": 86.945}, "ethnicity": {"value": "ASIAN"}, "eyegaze": {"right_eye_gaze": {"position_x_coordinate": 0.509, "vector_z_component": 0.966, "vector_x_component": -0.012, "vector_y_component": 0.26, "position_y_coordinate": 0.455}, "left_eye_gaze": {"position_x_coordinate": 0.458, "vector_z_component": 0.966, "vector_x_component": 0.02, "vector_y_component": 0.256, "position_y_coordinate": 0.461}}}, "face_rectangle": {"width": 739, "top": 1264, "left": 844, "height": 739}, "face_token": "7ec009df2511d5c192a8eef55cbe2bd2"}]}