{"image_id": "lWTvSVpuvVRP13SoUrgYwA==", "request_id": "1551406458,59571393-215b-4eab-9208-ea96e8bfca29", "time_used": 732, "faces": [{"attributes": {"emotion": {"sadness": 0.057, "neutral": 99.504, "disgust": 0.005, "anger": 0.015, "surprise": 0.384, "fear": 0.016, "happiness": 0.018}, "beauty": {"female_score": 78.965, "male_score": 80.683}, "gender": {"value": "Female"}, "age": {"value": 21}, "mouthstatus": {"close": 27.151, "surgical_mask_or_respirator": 0.0, "open": 0.0, "other_occlusion": 72.849}, "glass": {"value": "None"}, "skinstatus": {"dark_circle": 8.01, "stain": 3.305, "acne": 1.396, "health": 67.889}, "headpose": {"yaw_angle": 12.860097, "pitch_angle": 11.471846, "roll_angle": -3.8480163}, "blur": {"blurness": {"threshold": 50.0, "value": 0.312}, "motionblur": {"threshold": 50.0, "value": 0.312}, "gaussianblur": {"threshold": 50.0, "value": 0.312}}, "smile": {"threshold": 50.0, "value": 10.064}, "eyestatus": {"left_eye_status": {"normal_glass_eye_open": 0.022, "no_glass_eye_close": 0.0, "occlusion": 0.0, "no_glass_eye_open": 99.977, "normal_glass_eye_close": 0.0, "dark_glasses": 0.0}, "right_eye_status": {"normal_glass_eye_open": 0.031, "no_glass_eye_close": 0.0, "occlusion": 0.0, "no_glass_eye_open": 99.968, "normal_glass_eye_close": 0.0, "dark_glasses": 0.001}}, "facequality": {"threshold": 70.1, "value": 60.156}, "ethnicity": {"value": "WHITE"}, "eyegaze": {"right_eye_gaze": {"position_x_coordinate": 0.463, "vector_z_component": 0.998, "vector_x_component": -0.037, "vector_y_component": 0.041, "position_y_coordinate": 0.406}, "left_eye_gaze": {"position_x_coordinate": 0.522, "vector_z_component": 0.978, "vector_x_component": 0.186, "vector_y_component": -0.089, "position_y_coordinate": 0.394}}}, "face_rectangle": {"width": 503, "top": 817, "left": 369, "height": 503}, "face_token": "ad226d89906abaca45fec9f25a9b51c9"}]}