{"image_id": "MG/CRzSeGFLdNOWRhsLU5A==", "request_id": "1551406539,e81a4786-e5d4-4ee7-9142-fc82ab6e6e44", "time_used": 2203, "faces": [{"attributes": {"emotion": {"sadness": 1.494, "neutral": 25.933, "disgust": 0.29, "anger": 0.928, "surprise": 70.775, "fear": 0.29, "happiness": 0.29}, "beauty": {"female_score": 59.8, "male_score": 57.201}, "gender": {"value": "Male"}, "age": {"value": 31}, "mouthstatus": {"close": 98.884, "surgical_mask_or_respirator": 0.002, "open": 0.001, "other_occlusion": 1.114}, "glass": {"value": "Normal"}, "skinstatus": {"dark_circle": 21.814, "stain": 1.179, "acne": 1.62, "health": 10.917}, "headpose": {"yaw_angle": -17.500095, "pitch_angle": -3.0495446, "roll_angle": -1.4003512}, "blur": {"blurness": {"threshold": 50.0, "value": 0.522}, "motionblur": {"threshold": 50.0, "value": 0.522}, "gaussianblur": {"threshold": 50.0, "value": 0.522}}, "smile": {"threshold": 50.0, "value": 4.229}, "eyestatus": {"left_eye_status": {"normal_glass_eye_open": 100.0, "no_glass_eye_close": 0.0, "occlusion": 0.0, "no_glass_eye_open": 0.0, "normal_glass_eye_close": 0.0, "dark_glasses": 0.0}, "right_eye_status": {"normal_glass_eye_open": 99.797, "no_glass_eye_close": 0.0, "occlusion": 0.004, "no_glass_eye_open": 0.021, "normal_glass_eye_close": 0.014, "dark_glasses": 0.165}}, "facequality": {"threshold": 70.1, "value": 37.303}, "ethnicity": {"value": "WHITE"}, "eyegaze": {"right_eye_gaze": {"position_x_coordinate": 0.427, "vector_z_component": 0.968, "vector_x_component": 0.078, "vector_y_component": 0.239, "position_y_coordinate": 0.428}, "left_eye_gaze": {"position_x_coordinate": 0.459, "vector_z_component": 0.89, "vector_x_component": -0.45, "vector_y_component": 0.072, "position_y_coordinate": 0.411}}}, "face_rectangle": {"width": 750, "top": 710, "left": 847, "height": 750}, "face_token": "f69b4abc00f2f97c6ed4749da4c3bd37"}]}