{"image_id": "ozuEr8335FJhWpxMh3ICqQ==", "request_id": "1551406604,cfff06ca-02b5-4372-a909-f3672d2816cb", "time_used": 1629, "faces": [{"attributes": {"emotion": {"sadness": 0.01, "neutral": 81.429, "disgust": 0.043, "anger": 0.006, "surprise": 0.006, "fear": 0.006, "happiness": 18.5}, "beauty": {"female_score": 70.718, "male_score": 71.64}, "gender": {"value": "Female"}, "age": {"value": 24}, "mouthstatus": {"close": 100.0, "surgical_mask_or_respirator": 0.0, "open": 0.0, "other_occlusion": 0.0}, "glass": {"value": "Normal"}, "skinstatus": {"dark_circle": 8.928, "stain": 53.257, "acne": 34.426, "health": 1.085}, "headpose": {"yaw_angle": -13.031308, "pitch_angle": -5.0764036, "roll_angle": 7.8529725}, "blur": {"blurness": {"threshold": 50.0, "value": 1.213}, "motionblur": {"threshold": 50.0, "value": 1.213}, "gaussianblur": {"threshold": 50.0, "value": 1.213}}, "smile": {"threshold": 50.0, "value": 70.393}, "eyestatus": {"left_eye_status": {"normal_glass_eye_open": 95.758, "no_glass_eye_close": 0.024, "occlusion": 0.479, "no_glass_eye_open": 2.94, "normal_glass_eye_close": 0.548, "dark_glasses": 0.25}, "right_eye_status": {"normal_glass_eye_open": 91.214, "no_glass_eye_close": 0.0, "occlusion": 0.006, "no_glass_eye_open": 2.136, "normal_glass_eye_close": 5.875, "dark_glasses": 0.77}}, "facequality": {"threshold": 70.1, "value": 66.336}, "ethnicity": {"value": "WHITE"}, "eyegaze": {"right_eye_gaze": {"position_x_coordinate": 0.442, "vector_z_component": 0.918, "vector_x_component": -0.183, "vector_y_component": 0.353, "position_y_coordinate": 0.439}, "left_eye_gaze": {"position_x_coordinate": 0.476, "vector_z_component": 0.971, "vector_x_component": 0.029, "vector_y_component": 0.235, "position_y_coordinate": 0.477}}}, "face_rectangle": {"width": 1036, "top": 568, "left": 455, "height": 1036}, "face_token": "28afedc95759d175ad96cd221c773724"}]}