{"image_id": "mjN/V1DDXWVwJ2pnT+I0pg==", "request_id": "1551406824,e2ded64c-0bdf-4d52-a5aa-86902810c10d", "time_used": 1910, "faces": [{"attributes": {"emotion": {"sadness": 4.872, "neutral": 0.002, "disgust": 0.0, "anger": 0.0, "surprise": 0.001, "fear": 0.0, "happiness": 95.124}, "beauty": {"female_score": 66.927, "male_score": 60.514}, "gender": {"value": "Female"}, "age": {"value": 27}, "mouthstatus": {"close": 99.999, "surgical_mask_or_respirator": 0.0, "open": 0.0, "other_occlusion": 0.001}, "glass": {"value": "None"}, "skinstatus": {"dark_circle": 18.528, "stain": 15.008, "acne": 21.073, "health": 1.648}, "headpose": {"yaw_angle": 23.848999, "pitch_angle": 7.2685084, "roll_angle": 13.430561}, "blur": {"blurness": {"threshold": 50.0, "value": 0.111}, "motionblur": {"threshold": 50.0, "value": 0.111}, "gaussianblur": {"threshold": 50.0, "value": 0.111}}, "smile": {"threshold": 50.0, "value": 99.537}, "eyestatus": {"left_eye_status": {"normal_glass_eye_open": 0.262, "no_glass_eye_close": 0.0, "occlusion": 0.0, "no_glass_eye_open": 99.738, "normal_glass_eye_close": 0.0, "dark_glasses": 0.0}, "right_eye_status": {"normal_glass_eye_open": 0.004, "no_glass_eye_close": 0.0, "occlusion": 0.0, "no_glass_eye_open": 99.996, "normal_glass_eye_close": 0.0, "dark_glasses": 0.0}}, "facequality": {"threshold": 70.1, "value": 3.007}, "ethnicity": {"value": "WHITE"}, "eyegaze": {"right_eye_gaze": {"position_x_coordinate": 0.522, "vector_z_component": 0.975, "vector_x_component": 0.097, "vector_y_component": 0.2, "position_y_coordinate": 0.467}, "left_eye_gaze": {"position_x_coordinate": 0.5, "vector_z_component": 0.965, "vector_x_component": 0.206, "vector_y_component": 0.164, "position_y_coordinate": 0.456}}}, "face_rectangle": {"width": 1173, "top": 214, "left": 798, "height": 1173}, "face_token": "37f1384845839a00aa14819a39222ebb"}]}