{"image_id": "OMDYlcLOy7fXJBaO0ia+UA==", "request_id": "1551406494,99fedc34-346f-426e-85b9-1ccac23c9aff", "time_used": 402, "faces": [{"attributes": {"emotion": {"sadness": 34.939, "neutral": 60.183, "disgust": 2.744, "anger": 0.002, "surprise": 0.002, "fear": 0.026, "happiness": 2.102}, "beauty": {"female_score": 46.87, "male_score": 43.564}, "gender": {"value": "Female"}, "age": {"value": 33}, "mouthstatus": {"close": 97.521, "surgical_mask_or_respirator": 0.0, "open": 0.018, "other_occlusion": 2.461}, "glass": {"value": "None"}, "skinstatus": {"dark_circle": 3.357, "stain": 17.291, "acne": 3.262, "health": 21.632}, "headpose": {"yaw_angle": -1.9518563, "pitch_angle": -15.080944, "roll_angle": -2.2310784}, "blur": {"blurness": {"threshold": 50.0, "value": 1.743}, "motionblur": {"threshold": 50.0, "value": 1.743}, "gaussianblur": {"threshold": 50.0, "value": 1.743}}, "smile": {"threshold": 50.0, "value": 75.263}, "eyestatus": {"left_eye_status": {"normal_glass_eye_open": 0.007, "no_glass_eye_close": 27.613, "occlusion": 3.71, "no_glass_eye_open": 68.629, "normal_glass_eye_close": 0.012, "dark_glasses": 0.031}, "right_eye_status": {"normal_glass_eye_open": 0.0, "no_glass_eye_close": 0.0, "occlusion": 0.001, "no_glass_eye_open": 99.999, "normal_glass_eye_close": 0.0, "dark_glasses": 0.0}}, "facequality": {"threshold": 70.1, "value": 85.432}, "ethnicity": {"value": "WHITE"}, "eyegaze": {"right_eye_gaze": {"position_x_coordinate": 0.488, "vector_z_component": 0.95, "vector_x_component": -0.015, "vector_y_component": 0.312, "position_y_coordinate": 0.466}, "left_eye_gaze": {"position_x_coordinate": 0.537, "vector_z_component": 0.959, "vector_x_component": 0.076, "vector_y_component": 0.272, "position_y_coordinate": 0.46}}}, "face_rectangle": {"width": 289, "top": 285, "left": 215, "height": 289}, "face_token": "1cc44e736821a11935e8826e2d681145"}]}