{"image_id": "qZ7erjQJFhT06b9rn9qEDQ==", "request_id": "1551406490,414b3272-08c6-4c1d-bade-257dd12bcd01", "time_used": 2497, "faces": [{"attributes": {"emotion": {"sadness": 0.002, "neutral": 99.828, "disgust": 0.0, "anger": 0.0, "surprise": 0.166, "fear": 0.0, "happiness": 0.005}, "beauty": {"female_score": 60.416, "male_score": 58.767}, "gender": {"value": "Male"}, "age": {"value": 33}, "mouthstatus": {"close": 0.201, "surgical_mask_or_respirator": 99.745, "open": 0.045, "other_occlusion": 0.009}, "glass": {"value": "None"}, "skinstatus": {"dark_circle": 19.437, "stain": 49.201, "acne": 75.143, "health": 2.339}, "headpose": {"yaw_angle": 6.49359, "pitch_angle": 6.299533, "roll_angle": -5.977504}, "blur": {"blurness": {"threshold": 50.0, "value": 0.358}, "motionblur": {"threshold": 50.0, "value": 0.358}, "gaussianblur": {"threshold": 50.0, "value": 0.358}}, "smile": {"threshold": 50.0, "value": 0.043}, "eyestatus": {"left_eye_status": {"normal_glass_eye_open": 0.25, "no_glass_eye_close": 0.0, "occlusion": 0.047, "no_glass_eye_open": 99.624, "normal_glass_eye_close": 0.0, "dark_glasses": 0.078}, "right_eye_status": {"normal_glass_eye_open": 0.002, "no_glass_eye_close": 0.0, "occlusion": 0.002, "no_glass_eye_open": 99.996, "normal_glass_eye_close": 0.0, "dark_glasses": 0.0}}, "facequality": {"threshold": 70.1, "value": 87.34}, "ethnicity": {"value": "BLACK"}, "eyegaze": {"right_eye_gaze": {"position_x_coordinate": 0.489, "vector_z_component": 0.996, "vector_x_component": -0.03, "vector_y_component": 0.088, "position_y_coordinate": 0.393}, "left_eye_gaze": {"position_x_coordinate": 0.476, "vector_z_component": 1.0, "vector_x_component": -0.011, "vector_y_component": -0.011, "position_y_coordinate": 0.399}}}, "face_rectangle": {"width": 1241, "top": 882, "left": 859, "height": 1241}, "face_token": "5d0f86ed2244537915de2f3e42ec01b9"}]}