{"image_id": "oMxPGgp5s/vOjhM0GwHmWQ==", "request_id": "1551406547,db71ee77-da54-4411-ba8b-46323d793971", "time_used": 787, "faces": [{"attributes": {"emotion": {"sadness": 0.211, "neutral": 16.804, "disgust": 0.144, "anger": 0.144, "surprise": 52.688, "fear": 2.667, "happiness": 27.343}, "beauty": {"female_score": 61.225, "male_score": 57.776}, "gender": {"value": "Male"}, "age": {"value": 19}, "mouthstatus": {"close": 0.373, "surgical_mask_or_respirator": 0.0, "open": 0.0, "other_occlusion": 99.627}, "glass": {"value": "Normal"}, "skinstatus": {"dark_circle": 2.878, "stain": 1.892, "acne": 0.982, "health": 22.574}, "headpose": {"yaw_angle": 2.6121213, "pitch_angle": -2.432944, "roll_angle": -5.9771833}, "blur": {"blurness": {"threshold": 50.0, "value": 0.359}, "motionblur": {"threshold": 50.0, "value": 0.359}, "gaussianblur": {"threshold": 50.0, "value": 0.359}}, "smile": {"threshold": 50.0, "value": 5.821}, "eyestatus": {"left_eye_status": {"normal_glass_eye_open": 98.063, "no_glass_eye_close": 0.0, "occlusion": 0.011, "no_glass_eye_open": 1.18, "normal_glass_eye_close": 0.022, "dark_glasses": 0.724}, "right_eye_status": {"normal_glass_eye_open": 99.437, "no_glass_eye_close": 0.0, "occlusion": 0.001, "no_glass_eye_open": 0.221, "normal_glass_eye_close": 0.0, "dark_glasses": 0.341}}, "facequality": {"threshold": 70.1, "value": 93.094}, "ethnicity": {"value": "INDIA"}, "eyegaze": {"right_eye_gaze": {"position_x_coordinate": 0.536, "vector_z_component": 0.983, "vector_x_component": -0.063, "vector_y_component": 0.174, "position_y_coordinate": 0.385}, "left_eye_gaze": {"position_x_coordinate": 0.522, "vector_z_component": 0.976, "vector_x_component": 0.117, "vector_y_component": 0.184, "position_y_coordinate": 0.375}}}, "face_rectangle": {"width": 116, "top": 125, "left": 253, "height": 116}, "face_token": "233487f6e6dc7d7c64b43b01d283c176"}]}