{"image_id": "U0HJOGpdWreQQHSZC7+0QQ==", "request_id": "1551406513,558df445-d6c6-4df6-826a-5dccb7ee6b90", "time_used": 2074, "faces": [{"attributes": {"emotion": {"sadness": 10.14, "neutral": 1.231, "disgust": 0.11, "anger": 0.11, "surprise": 33.424, "fear": 54.651, "happiness": 0.334}, "beauty": {"female_score": 61.999, "male_score": 66.171}, "gender": {"value": "Female"}, "age": {"value": 22}, "mouthstatus": {"close": 100.0, "surgical_mask_or_respirator": 0.0, "open": 0.0, "other_occlusion": 0.0}, "glass": {"value": "Dark"}, "skinstatus": {"dark_circle": 1.609, "stain": 5.509, "acne": 33.442, "health": 12.473}, "headpose": {"yaw_angle": -0.29554996, "pitch_angle": 6.705483, "roll_angle": -3.058014}, "blur": {"blurness": {"threshold": 50.0, "value": 0.334}, "motionblur": {"threshold": 50.0, "value": 0.334}, "gaussianblur": {"threshold": 50.0, "value": 0.334}}, "smile": {"threshold": 50.0, "value": 16.679}, "eyestatus": {"left_eye_status": {"normal_glass_eye_open": 2.96, "no_glass_eye_close": 0.0, "occlusion": 0.01, "no_glass_eye_open": 1.25, "normal_glass_eye_close": 0.0, "dark_glasses": 95.78}, "right_eye_status": {"normal_glass_eye_open": 28.759, "no_glass_eye_close": 0.0, "occlusion": 0.141, "no_glass_eye_open": 3.152, "normal_glass_eye_close": 0.001, "dark_glasses": 67.947}}, "facequality": {"threshold": 70.1, "value": 93.306}, "ethnicity": {"value": "WHITE"}, "eyegaze": {"right_eye_gaze": {"position_x_coordinate": 0.481, "vector_z_component": 0.996, "vector_x_component": -0.086, "vector_y_component": 0.013, "position_y_coordinate": 0.468}, "left_eye_gaze": {"position_x_coordinate": 0.499, "vector_z_component": 0.999, "vector_x_component": 0.027, "vector_y_component": -0.024, "position_y_coordinate": 0.462}}}, "face_rectangle": {"width": 1144, "top": 412, "left": 862, "height": 1144}, "face_token": "4ad08459023aba4f87d26fa949a0b454"}]}