{"image_id": "VqYdyOPS7bb5B+k2Hmxg1w==", "request_id": "1551406617,61fd71b4-3b6c-4b38-b354-d5ff7ee4d5c3", "time_used": 2096, "faces": [{"attributes": {"emotion": {"sadness": 3.072, "neutral": 10.708, "disgust": 0.666, "anger": 32.854, "surprise": 14.53, "fear": 22.357, "happiness": 15.813}, "beauty": {"female_score": 67.48, "male_score": 64.721}, "gender": {"value": "Male"}, "age": {"value": 27}, "mouthstatus": {"close": 97.628, "surgical_mask_or_respirator": 0.034, "open": 0.0, "other_occlusion": 2.338}, "glass": {"value": "None"}, "skinstatus": {"dark_circle": 5.646, "stain": 0.359, "acne": 1.203, "health": 7.425}, "headpose": {"yaw_angle": 11.084553, "pitch_angle": 3.2994018, "roll_angle": 6.090326}, "blur": {"blurness": {"threshold": 50.0, "value": 1.621}, "motionblur": {"threshold": 50.0, "value": 1.621}, "gaussianblur": {"threshold": 50.0, "value": 1.621}}, "smile": {"threshold": 50.0, "value": 0.312}, "eyestatus": {"left_eye_status": {"normal_glass_eye_open": 0.201, "no_glass_eye_close": 0.0, "occlusion": 0.059, "no_glass_eye_open": 99.711, "normal_glass_eye_close": 0.0, "dark_glasses": 0.029}, "right_eye_status": {"normal_glass_eye_open": 0.512, "no_glass_eye_close": 0.0, "occlusion": 0.613, "no_glass_eye_open": 27.907, "normal_glass_eye_close": 0.0, "dark_glasses": 70.967}}, "facequality": {"threshold": 70.1, "value": 76.401}, "ethnicity": {"value": "INDIA"}, "eyegaze": {"right_eye_gaze": {"position_x_coordinate": 0.495, "vector_z_component": 0.996, "vector_x_component": 0.089, "vector_y_component": 0.025, "position_y_coordinate": 0.474}, "left_eye_gaze": {"position_x_coordinate": 0.553, "vector_z_component": 0.953, "vector_x_component": 0.282, "vector_y_component": 0.106, "position_y_coordinate": 0.484}}}, "face_rectangle": {"width": 477, "top": 661, "left": 1215, "height": 477}, "face_token": "52613de52f19e583f4e36a7d9a13e7e1"}]}