{"image_id": "oioj/tALqI6mDjq7hLJ0VA==", "request_id": "1551406426,59fa0d0a-05f7-4329-b861-df2d4d18c24b", "time_used": 2457, "faces": [{"attributes": {"emotion": {"sadness": 0.0, "neutral": 99.979, "disgust": 0.0, "anger": 0.019, "surprise": 0.002, "fear": 0.0, "happiness": 0.0}, "beauty": {"female_score": 82.895, "male_score": 80.434}, "gender": {"value": "Male"}, "age": {"value": 19}, "mouthstatus": {"close": 100.0, "surgical_mask_or_respirator": 0.0, "open": 0.0, "other_occlusion": 0.0}, "glass": {"value": "None"}, "skinstatus": {"dark_circle": 1.208, "stain": 91.713, "acne": 88.006, "health": 2.102}, "headpose": {"yaw_angle": 11.521125, "pitch_angle": 5.8593144, "roll_angle": -18.31143}, "blur": {"blurness": {"threshold": 50.0, "value": 0.359}, "motionblur": {"threshold": 50.0, "value": 0.359}, "gaussianblur": {"threshold": 50.0, "value": 0.359}}, "smile": {"threshold": 50.0, "value": 0.011}, "eyestatus": {"left_eye_status": {"normal_glass_eye_open": 0.0, "no_glass_eye_close": 0.0, "occlusion": 0.0, "no_glass_eye_open": 100.0, "normal_glass_eye_close": 0.0, "dark_glasses": 0.0}, "right_eye_status": {"normal_glass_eye_open": 0.0, "no_glass_eye_close": 0.0, "occlusion": 0.0, "no_glass_eye_open": 100.0, "normal_glass_eye_close": 0.0, "dark_glasses": 0.0}}, "facequality": {"threshold": 70.1, "value": 73.617}, "ethnicity": {"value": "WHITE"}, "eyegaze": {"right_eye_gaze": {"position_x_coordinate": 0.517, "vector_z_component": 0.976, "vector_x_component": 0.112, "vector_y_component": -0.185, "position_y_coordinate": 0.377}, "left_eye_gaze": {"position_x_coordinate": 0.514, "vector_z_component": 0.977, "vector_x_component": 0.073, "vector_y_component": -0.201, "position_y_coordinate": 0.39}}}, "face_rectangle": {"width": 537, "top": 1203, "left": 1451, "height": 537}, "face_token": "6891077830e14dcc6a5f80d104d641d7"}]}