{"image_id": "9a9hEH+FcWCitluNNS6kFQ==", "request_id": "1551406468,8b157d2b-a83c-4389-8e60-bb14fa59a625", "time_used": 736, "faces": [{"attributes": {"emotion": {"sadness": 0.049, "neutral": 0.259, "disgust": 0.049, "anger": 0.207, "surprise": 0.292, "fear": 10.033, "happiness": 89.11}, "beauty": {"female_score": 63.773, "male_score": 63.815}, "gender": {"value": "Female"}, "age": {"value": 33}, "mouthstatus": {"close": 99.746, "surgical_mask_or_respirator": 0.013, "open": 0.002, "other_occlusion": 0.238}, "glass": {"value": "None"}, "skinstatus": {"dark_circle": 20.465, "stain": 6.213, "acne": 13.198, "health": 2.065}, "headpose": {"yaw_angle": 7.2783895, "pitch_angle": 16.06335, "roll_angle": -6.256384}, "blur": {"blurness": {"threshold": 50.0, "value": 0.926}, "motionblur": {"threshold": 50.0, "value": 0.926}, "gaussianblur": {"threshold": 50.0, "value": 0.926}}, "smile": {"threshold": 50.0, "value": 99.633}, "eyestatus": {"left_eye_status": {"normal_glass_eye_open": 0.119, "no_glass_eye_close": 0.0, "occlusion": 0.018, "no_glass_eye_open": 99.861, "normal_glass_eye_close": 0.0, "dark_glasses": 0.001}, "right_eye_status": {"normal_glass_eye_open": 0.218, "no_glass_eye_close": 0.0, "occlusion": 0.0, "no_glass_eye_open": 99.782, "normal_glass_eye_close": 0.0, "dark_glasses": 0.0}}, "facequality": {"threshold": 70.1, "value": 73.906}, "ethnicity": {"value": "WHITE"}, "eyegaze": {"right_eye_gaze": {"position_x_coordinate": 0.477, "vector_z_component": 0.978, "vector_x_component": -0.206, "vector_y_component": -0.041, "position_y_coordinate": 0.424}, "left_eye_gaze": {"position_x_coordinate": 0.433, "vector_z_component": 0.997, "vector_x_component": -0.04, "vector_y_component": -0.059, "position_y_coordinate": 0.428}}}, "face_rectangle": {"width": 196, "top": 152, "left": 153, "height": 196}, "face_token": "b9513df3d29075ae8e9096a1d59f825d"}]}