{"image_id": "3AU1/deam4IF9RGxZuTtrA==", "request_id": "1551406500,9e9675c1-d9ac-44c8-bd92-7e185546338d", "time_used": 1064, "faces": [{"attributes": {"emotion": {"sadness": 0.0, "neutral": 0.0, "disgust": 0.004, "anger": 0.0, "surprise": 0.006, "fear": 0.0, "happiness": 99.989}, "beauty": {"female_score": 71.711, "male_score": 70.125}, "gender": {"value": "Female"}, "age": {"value": 25}, "mouthstatus": {"close": 0.017, "surgical_mask_or_respirator": 0.0, "open": 99.983, "other_occlusion": 0.0}, "glass": {"value": "None"}, "skinstatus": {"dark_circle": 2.178, "stain": 15.981, "acne": 3.02, "health": 5.306}, "headpose": {"yaw_angle": 10.481294, "pitch_angle": 6.7780356, "roll_angle": -18.17489}, "blur": {"blurness": {"threshold": 50.0, "value": 0.05}, "motionblur": {"threshold": 50.0, "value": 0.05}, "gaussianblur": {"threshold": 50.0, "value": 0.05}}, "smile": {"threshold": 50.0, "value": 100.0}, "eyestatus": {"left_eye_status": {"normal_glass_eye_open": 0.0, "no_glass_eye_close": 0.0, "occlusion": 0.001, "no_glass_eye_open": 99.999, "normal_glass_eye_close": 0.0, "dark_glasses": 0.0}, "right_eye_status": {"normal_glass_eye_open": 0.009, "no_glass_eye_close": 0.0, "occlusion": 0.0, "no_glass_eye_open": 99.99, "normal_glass_eye_close": 0.0, "dark_glasses": 0.0}}, "facequality": {"threshold": 70.1, "value": 77.114}, "ethnicity": {"value": "WHITE"}, "eyegaze": {"right_eye_gaze": {"position_x_coordinate": 0.545, "vector_z_component": 0.964, "vector_x_component": 0.172, "vector_y_component": 0.205, "position_y_coordinate": 0.437}, "left_eye_gaze": {"position_x_coordinate": 0.546, "vector_z_component": 0.967, "vector_x_component": 0.139, "vector_y_component": 0.214, "position_y_coordinate": 0.452}}}, "face_rectangle": {"width": 433, "top": 313, "left": 1438, "height": 433}, "face_token": "2f0f3633d08b0b5d881c92ec8bf8dfbb"}, {"attributes": {"emotion": {"sadness": 0.004, "neutral": 0.004, "disgust": 0.019, "anger": 0.034, "surprise": 0.135, "fear": 0.004, "happiness": 99.801}, "beauty": {"female_score": 78.894, "male_score": 71.202}, "gender": {"value": "Male"}, "age": {"value": 29}, "mouthstatus": {"close": 0.02, "surgical_mask_or_respirator": 0.0, "open": 99.98, "other_occlusion": 0.0}, "glass": {"value": "None"}, "skinstatus": {"dark_circle": 3.007, "stain": 0.487, "acne": 0.264, "health": 56.649}, "headpose": {"yaw_angle": 5.3177094, "pitch_angle": 6.5149884, "roll_angle": 1.3488343}, "blur": {"blurness": {"threshold": 50.0, "value": 0.517}, "motionblur": {"threshold": 50.0, "value": 0.517}, "gaussianblur": {"threshold": 50.0, "value": 0.517}}, "smile": {"threshold": 50.0, "value": 100.0}, "eyestatus": {"left_eye_status": {"normal_glass_eye_open": 0.003, "no_glass_eye_close": 0.0, "occlusion": 0.0, "no_glass_eye_open": 99.997, "normal_glass_eye_close": 0.0, "dark_glasses": 0.0}, "right_eye_status": {"normal_glass_eye_open": 0.148, "no_glass_eye_close": 0.0, "occlusion": 0.001, "no_glass_eye_open": 99.851, "normal_glass_eye_close": 0.0, "dark_glasses": 0.0}}, "facequality": {"threshold": 70.1, "value": 88.934}, "ethnicity": {"value": "WHITE"}, "eyegaze": {"right_eye_gaze": {"position_x_coordinate": 0.487, "vector_z_component": 0.977, "vector_x_component": 0.08, "vector_y_component": 0.198, "position_y_coordinate": 0.447}, "left_eye_gaze": {"position_x_coordinate": 0.483, "vector_z_component": 0.999, "vector_x_component": -0.018, "vector_y_component": 0.046, "position_y_coordinate": 0.437}}}, "face_rectangle": {"width": 284, "top": 464, "left": 762, "height": 284}, "face_token": "1c156a816a636fc43bf862bd8b006801"}]}