{"image_id": "LrlTYPd8WZgI5/r4J/OPaQ==", "request_id": "1551406571,b90d2caf-e3ae-4dc5-a720-0cd7a5efb899", "time_used": 1429, "faces": [{"attributes": {"emotion": {"sadness": 1.686, "neutral": 87.484, "disgust": 0.136, "anger": 0.326, "surprise": 1.779, "fear": 0.136, "happiness": 8.453}, "beauty": {"female_score": 75.316, "male_score": 71.552}, "gender": {"value": "Female"}, "age": {"value": 23}, "mouthstatus": {"close": 53.546, "surgical_mask_or_respirator": 0.0, "open": 46.45, "other_occlusion": 0.004}, "glass": {"value": "None"}, "skinstatus": {"dark_circle": 6.69, "stain": 2.471, "acne": 7.171, "health": 12.22}, "headpose": {"yaw_angle": -11.346916, "pitch_angle": 5.528192, "roll_angle": 6.8757625}, "blur": {"blurness": {"threshold": 50.0, "value": 0.821}, "motionblur": {"threshold": 50.0, "value": 0.821}, "gaussianblur": {"threshold": 50.0, "value": 0.821}}, "smile": {"threshold": 50.0, "value": 0.19}, "eyestatus": {"left_eye_status": {"normal_glass_eye_open": 0.001, "no_glass_eye_close": 0.0, "occlusion": 0.001, "no_glass_eye_open": 99.998, "normal_glass_eye_close": 0.0, "dark_glasses": 0.0}, "right_eye_status": {"normal_glass_eye_open": 0.0, "no_glass_eye_close": 0.0, "occlusion": 0.0, "no_glass_eye_open": 100.0, "normal_glass_eye_close": 0.0, "dark_glasses": 0.0}}, "facequality": {"threshold": 70.1, "value": 74.303}, "ethnicity": {"value": "WHITE"}, "eyegaze": {"right_eye_gaze": {"position_x_coordinate": 0.439, "vector_z_component": 0.896, "vector_x_component": -0.312, "vector_y_component": 0.315, "position_y_coordinate": 0.451}, "left_eye_gaze": {"position_x_coordinate": 0.497, "vector_z_component": 0.967, "vector_x_component": 0.123, "vector_y_component": 0.225, "position_y_coordinate": 0.461}}}, "face_rectangle": {"width": 1036, "top": 268, "left": 681, "height": 1036}, "face_token": "cabc6cd50599fe05288e01b773c07ec1"}]}