{"image_id": "N5QaYOjjqdK4EsNjaIGU9w==", "request_id": "1551406704,ef6e6af4-7659-4576-9705-4127aecc93b5", "time_used": 848, "faces": [{"attributes": {"emotion": {"sadness": 79.146, "neutral": 5.059, "disgust": 0.18, "anger": 0.086, "surprise": 15.331, "fear": 0.086, "happiness": 0.113}, "beauty": {"female_score": 65.642, "male_score": 65.47}, "gender": {"value": "Male"}, "age": {"value": 30}, "mouthstatus": {"close": 0.653, "surgical_mask_or_respirator": 0.047, "open": 49.034, "other_occlusion": 50.266}, "glass": {"value": "None"}, "skinstatus": {"dark_circle": 1.337, "stain": 0.322, "acne": 0.64, "health": 40.015}, "headpose": {"yaw_angle": 5.510613, "pitch_angle": 0.21452941, "roll_angle": -6.2850075}, "blur": {"blurness": {"threshold": 50.0, "value": 0.366}, "motionblur": {"threshold": 50.0, "value": 0.366}, "gaussianblur": {"threshold": 50.0, "value": 0.366}}, "smile": {"threshold": 50.0, "value": 0.544}, "eyestatus": {"left_eye_status": {"normal_glass_eye_open": 0.077, "no_glass_eye_close": 0.0, "occlusion": 0.0, "no_glass_eye_open": 99.923, "normal_glass_eye_close": 0.0, "dark_glasses": 0.0}, "right_eye_status": {"normal_glass_eye_open": 0.001, "no_glass_eye_close": 0.0, "occlusion": 0.0, "no_glass_eye_open": 99.999, "normal_glass_eye_close": 0.0, "dark_glasses": 0.0}}, "facequality": {"threshold": 70.1, "value": 90.936}, "ethnicity": {"value": "WHITE"}, "eyegaze": {"right_eye_gaze": {"position_x_coordinate": 0.503, "vector_z_component": 0.979, "vector_x_component": 0.086, "vector_y_component": 0.183, "position_y_coordinate": 0.469}, "left_eye_gaze": {"position_x_coordinate": 0.488, "vector_z_component": 0.971, "vector_x_component": 0.038, "vector_y_component": 0.236, "position_y_coordinate": 0.487}}}, "face_rectangle": {"width": 650, "top": 863, "left": -35, "height": 650}, "face_token": "948e8daafe8a04f795db1fc4ce552863"}]}