{"image_id": "zPAaw4FfBRvHNIxQ+t+EnQ==", "request_id": "1551406544,35722656-afa8-4c36-80e8-e6058c3d87d5", "time_used": 2783, "faces": [{"attributes": {"emotion": {"sadness": 0.006, "neutral": 99.558, "disgust": 0.006, "anger": 0.044, "surprise": 0.161, "fear": 0.006, "happiness": 0.22}, "beauty": {"female_score": 85.544, "male_score": 80.675}, "gender": {"value": "Female"}, "age": {"value": 21}, "mouthstatus": {"close": 99.55, "surgical_mask_or_respirator": 0.0, "open": 0.021, "other_occlusion": 0.43}, "glass": {"value": "None"}, "skinstatus": {"dark_circle": 3.1, "stain": 29.502, "acne": 44.51, "health": 21.287}, "headpose": {"yaw_angle": 38.30603, "pitch_angle": 0.21430486, "roll_angle": -35.23683}, "blur": {"blurness": {"threshold": 50.0, "value": 0.223}, "motionblur": {"threshold": 50.0, "value": 0.223}, "gaussianblur": {"threshold": 50.0, "value": 0.223}}, "smile": {"threshold": 50.0, "value": 0.843}, "eyestatus": {"left_eye_status": {"normal_glass_eye_open": 0.0, "no_glass_eye_close": 0.0, "occlusion": 0.001, "no_glass_eye_open": 99.999, "normal_glass_eye_close": 0.0, "dark_glasses": 0.0}, "right_eye_status": {"normal_glass_eye_open": 0.001, "no_glass_eye_close": 0.0, "occlusion": 0.0, "no_glass_eye_open": 99.996, "normal_glass_eye_close": 0.0, "dark_glasses": 0.003}}, "facequality": {"threshold": 70.1, "value": 0.006}, "ethnicity": {"value": "WHITE"}, "eyegaze": {"right_eye_gaze": {"position_x_coordinate": 0.547, "vector_z_component": 0.944, "vector_x_component": 0.243, "vector_y_component": -0.222, "position_y_coordinate": 0.402}, "left_eye_gaze": {"position_x_coordinate": 0.637, "vector_z_component": 0.901, "vector_x_component": 0.42, "vector_y_component": 0.111, "position_y_coordinate": 0.492}}}, "face_rectangle": {"width": 1171, "top": 951, "left": 551, "height": 1171}, "face_token": "6603d2c4f5a737cc616a6b5d39dd3a88"}]}