{"image_id": "VP+91vDqqAkz0NPvJiqeQA==", "request_id": "1551406632,b08501f8-bb1a-4b8f-bd5f-a7b48dfbd2eb", "time_used": 2860, "faces": [{"attributes": {"emotion": {"sadness": 0.001, "neutral": 98.011, "disgust": 0.001, "anger": 0.0, "surprise": 0.0, "fear": 0.0, "happiness": 1.986}, "beauty": {"female_score": 70.469, "male_score": 62.19}, "gender": {"value": "Male"}, "age": {"value": 26}, "mouthstatus": {"close": 100.0, "surgical_mask_or_respirator": 0.0, "open": 0.0, "other_occlusion": 0.0}, "glass": {"value": "None"}, "skinstatus": {"dark_circle": 5.898, "stain": 13.824, "acne": 19.847, "health": 0.775}, "headpose": {"yaw_angle": -1.4266096, "pitch_angle": -2.0717244, "roll_angle": 7.9279556}, "blur": {"blurness": {"threshold": 50.0, "value": 0.366}, "motionblur": {"threshold": 50.0, "value": 0.366}, "gaussianblur": {"threshold": 50.0, "value": 0.366}}, "smile": {"threshold": 50.0, "value": 54.093}, "eyestatus": {"left_eye_status": {"normal_glass_eye_open": 0.005, "no_glass_eye_close": 0.0, "occlusion": 0.0, "no_glass_eye_open": 99.995, "normal_glass_eye_close": 0.0, "dark_glasses": 0.0}, "right_eye_status": {"normal_glass_eye_open": 0.004, "no_glass_eye_close": 0.0, "occlusion": 0.002, "no_glass_eye_open": 99.994, "normal_glass_eye_close": 0.0, "dark_glasses": 0.0}}, "facequality": {"threshold": 70.1, "value": 93.912}, "ethnicity": {"value": "WHITE"}, "eyegaze": {"right_eye_gaze": {"position_x_coordinate": 0.501, "vector_z_component": 0.991, "vector_x_component": 0.08, "vector_y_component": -0.105, "position_y_coordinate": 0.423}, "left_eye_gaze": {"position_x_coordinate": 0.459, "vector_z_component": 0.989, "vector_x_component": -0.104, "vector_y_component": -0.103, "position_y_coordinate": 0.436}}}, "face_rectangle": {"width": 527, "top": 641, "left": 1298, "height": 527}, "face_token": "d5fe3c9cc19f2489311bd1d3e6f355ab"}]}