{"image_id": "p2Gf4OfMaehY/E1bMguD3Q==", "request_id": "1551406700,82d488bc-31c3-471b-b52d-a62a07b6549a", "time_used": 2804, "faces": [{"attributes": {"emotion": {"sadness": 0.001, "neutral": 0.0, "disgust": 0.351, "anger": 0.0, "surprise": 0.0, "fear": 0.0, "happiness": 99.648}, "beauty": {"female_score": 73.847, "male_score": 68.811}, "gender": {"value": "Female"}, "age": {"value": 20}, "mouthstatus": {"close": 0.0, "surgical_mask_or_respirator": 0.0, "open": 100.0, "other_occlusion": 0.0}, "glass": {"value": "None"}, "skinstatus": {"dark_circle": 0.986, "stain": 6.129, "acne": 1.642, "health": 67.124}, "headpose": {"yaw_angle": 16.398098, "pitch_angle": 3.8110013, "roll_angle": 38.106384}, "blur": {"blurness": {"threshold": 50.0, "value": 1.776}, "motionblur": {"threshold": 50.0, "value": 1.776}, "gaussianblur": {"threshold": 50.0, "value": 1.776}}, "smile": {"threshold": 50.0, "value": 100.0}, "eyestatus": {"left_eye_status": {"normal_glass_eye_open": 0.1, "no_glass_eye_close": 0.0, "occlusion": 0.01, "no_glass_eye_open": 99.887, "normal_glass_eye_close": 0.0, "dark_glasses": 0.002}, "right_eye_status": {"normal_glass_eye_open": 0.191, "no_glass_eye_close": 0.0, "occlusion": 0.004, "no_glass_eye_open": 99.797, "normal_glass_eye_close": 0.0, "dark_glasses": 0.008}}, "facequality": {"threshold": 70.1, "value": 44.413}, "ethnicity": {"value": "WHITE"}, "eyegaze": {"right_eye_gaze": {"position_x_coordinate": 0.543, "vector_z_component": 0.968, "vector_x_component": 0.184, "vector_y_component": 0.173, "position_y_coordinate": 0.467}, "left_eye_gaze": {"position_x_coordinate": 0.504, "vector_z_component": 0.966, "vector_x_component": 0.24, "vector_y_component": 0.096, "position_y_coordinate": 0.444}}}, "face_rectangle": {"width": 1128, "top": 1053, "left": 1135, "height": 1128}, "face_token": "379ec9cf3226099a4cbb1db0b04227e2"}]}